spec_version,arm,backend,precision,n_assets,n_select,instance,instance_digest,qaoa_seed,e1_run_id,penalty_label,penalty,p_layers,angles,f_star,delta_F,feasible_set_size,data_start,data_end,batch,task_arn,execution_ms,shots,feasible_shots,distinct_shots,best_all_index,best_all_cardinality,best_all_feasible,best_all_E,best_all_f,energy_no_offset_solver,best_shot_scorer_agrees,feasible_shot_fraction,best_feasible_index,f_best_feasible,g_F,g_off,rank_best_feasible,rank_ties,is_optimal,within_tau_main,within_tau_alt,sharpe_best_feasible,return_best_feasible,volatility_best_feasible,shots_within_tau_main,shots_optimal
e4a-v1,sv1,braket_sv1,double,12,2,0,941157873a8b,42,N12_i00_Aheur_s42,Aheur,12.999999999979208,2,2.2510245979651757 1.3791771436170195 2.7902898692155738 2.0853295700379939,-0.25261168083239516,0.6490147388383165,66,2023-08-06,2026-08-05,0,arn:aws:braket:us-east-1:000000000000:quantum-task/5a9fafc5-9641-4709-aacd-b4601f908934,18.0,1000,177,630,1028,2,True,-52.252611680749226,-0.25261168083239516,,,0.177,1028,-0.25261168083239516,0.0,0.0,1,1,True,True,True,1.3218756853432454,0.3043831643149789,0.229509603420991,2,2
e4a-v1,sv1,braket_sv1,double,12,2,0,941157873a8b,42,N12_i00_Aheur_s42,Aheur,12.999999999979208,2,2.2510245979651757 1.3791771436170195 2.7902898692155738 2.0853295700379939,-0.25261168083239516,0.6490147388383165,66,2023-08-06,2026-08-05,1,arn:aws:braket:us-east-1:000000000000:quantum-task/7bb272db-ebad-4f27-9e4c-c2cd734878be,19.0,1000,175,632,1028,2,True,-52.252611680749226,-0.25261168083239516,,,0.175,1028,-0.25261168083239516,0.0,0.0,1,1,True,True,True,1.3218756853432454,0.3043831643149789,0.229509603420991,1,1
e4a-v1,sv1,braket_sv1,double,12,2,0,941157873a8b,42,N12_i00_Aheur_s42,Aheur,12.999999999979208,2,2.2510245979651757 1.3791771436170195 2.7902898692155738 2.0853295700379939,-0.25261168083239516,0.6490147388383165,66,2023-08-06,2026-08-05,2,arn:aws:braket:us-east-1:000000000000:quantum-task/938cce60-b43a-4b58-889a-cbd46f3c0250,15.0,1000,168,622,1028,2,True,-52.252611680749226,-0.25261168083239516,,,0.168,1028,-0.25261168083239516,0.0,0.0,1,1,True,True,True,1.3218756853432454,0.3043831643149789,0.229509603420991,1,1
e4a-v1,sv1,braket_sv1,double,12,2,0,941157873a8b,42,N12_i00_Aheur_s42,Aheur,12.999999999979208,2,2.2510245979651757 1.3791771436170195 2.7902898692155738 2.0853295700379939,-0.25261168083239516,0.6490147388383165,66,2023-08-06,2026-08-05,3,arn:aws:braket:us-east-1:000000000000:quantum-task/0778c96a-03fd-4e77-8310-d02959f2ffbe,203.0,1000,188,636,1028,2,True,-52.252611680749226,-0.25261168083239516,,,0.188,1028,-0.25261168083239516,0.0,0.0,1,1,True,True,True,1.3218756853432454,0.3043831643149789,0.229509603420991,3,3
e4a-v1,sv1,braket_sv1,double,12,2,0,941157873a8b,42,N12_i00_Aheur_s42,Aheur,12.999999999979208,2,2.2510245979651757 1.3791771436170195 2.7902898692155738 2.0853295700379939,-0.25261168083239516,0.6490147388383165,66,2023-08-06,2026-08-05,4,arn:aws:braket:us-east-1:000000000000:quantum-task/7b16a435-375b-48ee-971e-16a388bb39ac,16.0,1000,160,632,6,2,True,-52.19909386988679,-0.19909386996995387,,,0.16,6,-0.19909386996995387,0.08246008551089888,0.0010242131281288315,2,1,False,False,False,1.1763543666609393,0.2522455012773938,0.21357977527685781,0,0
e4a-v1,sv1,braket_sv1,double,12,2,0,941157873a8b,42,N12_i00_Aheur_s42,Aheur,12.999999999979208,2,2.2510245979651757 1.3791771436170195 2.7902898692155738 2.0853295700379939,-0.25261168083239516,0.6490147388383165,66,2023-08-06,2026-08-05,5,arn:aws:braket:us-east-1:000000000000:quantum-task/6374814c-524d-462f-b602-bca666be69b5,16.0,1000,168,638,1028,2,True,-52.252611680749226,-0.25261168083239516,,,0.168,1028,-0.25261168083239516,0.0,0.0,1,1,True,True,True,1.3218756853432454,0.3043831643149789,0.229509603420991,2,2
e4a-v1,sv1,braket_sv1,double,12,2,0,941157873a8b,42,N12_i00_Aheur_s42,Aheur,12.999999999979208,2,2.2510245979651757 1.3791771436170195 2.7902898692155738 2.0853295700379939,-0.25261168083239516,0.6490147388383165,66,2023-08-06,2026-08-05,6,arn:aws:braket:us-east-1:000000000000:quantum-task/46978263-7398-43f3-82f1-8479f2747e3b,15.0,1000,147,639,1028,2,True,-52.252611680749226,-0.25261168083239516,,,0.147,1028,-0.25261168083239516,0.0,0.0,1,1,True,True,True,1.3218756853432454,0.3043831643149789,0.229509603420991,1,1
e4a-v1,sv1,braket_sv1,double,12,2,0,941157873a8b,42,N12_i00_Aheur_s42,Aheur,12.999999999979208,2,2.2510245979651757 1.3791771436170195 2.7902898692155738 2.0853295700379939,-0.25261168083239516,0.6490147388383165,66,2023-08-06,2026-08-05,7,arn:aws:braket:us-east-1:000000000000:quantum-task/824d5d1a-47f4-4472-bfa8-b22dc0d56125,16.0,1000,154,628,1028,2,True,-52.252611680749226,-0.25261168083239516,,,0.154,1028,-0.25261168083239516,0.0,0.0,1,1,True,True,True,1.3218756853432454,0.3043831643149789,0.229509603420991,5,5
e4a-v1,sv1,braket_sv1,double,12,2,0,941157873a8b,42,N12_i00_Aheur_s42,Aheur,12.999999999979208,2,2.2510245979651757 1.3791771436170195 2.7902898692155738 2.0853295700379939,-0.25261168083239516,0.6490147388383165,66,2023-08-06,2026-08-05,8,arn:aws:braket:us-east-1:000000000000:quantum-task/d1856514-1cde-4db2-9d17-345b2579da5d,31.0,1000,175,599,1028,2,True,-52.252611680749226,-0.25261168083239516,,,0.175,1028,-0.25261168083239516,0.0,0.0,1,1,True,True,True,1.3218756853432454,0.3043831643149789,0.229509603420991,3,3
e4a-v1,sv1,braket_sv1,double,12,2,0,941157873a8b,42,N12_i00_Aheur_s42,Aheur,12.999999999979208,2,2.2510245979651757 1.3791771436170195 2.7902898692155738 2.0853295700379939,-0.25261168083239516,0.6490147388383165,66,2023-08-06,2026-08-05,9,arn:aws:braket:us-east-1:000000000000:quantum-task/ffb166b2-6225-4187-b1e2-e86ecccc477e,171.0,1000,177,642,1028,2,True,-52.252611680749226,-0.25261168083239516,,,0.177,1028,-0.25261168083239516,0.0,0.0,1,1,True,True,True,1.3218756853432454,0.3043831643149789,0.229509603420991,2,2
e4a-v1,sv1,braket_sv1,double,12,2,0,941157873a8b,43,N12_i00_Aheur_s43,Aheur,12.999999999979208,2,1.8301237517759843 0.0002165697581993681 -0.044589671100633908 2.9835135568116264,-0.25261168083239516,0.6490147388383165,66,2023-08-06,2026-08-05,0,arn:aws:braket:us-east-1:000000000000:quantum-task/c7bcdf3a-3b2c-491d-9355-b692c48ab990,27.0,1000,8,844,1536,2,True,-51.99917553001218,0.0008244699046465187,,,0.008,1536,0.0008244699046465187,0.39049367536809987,0.00485021021122303,17,1,False,False,False,0.6713328291879233,0.1521467548780049,0.2251442925275073,0,0
e4a-v1,sv1,braket_sv1,double,12,2,0,941157873a8b,43,N12_i00_Aheur_s43,Aheur,12.999999999979208,2,1.8301237517759843 0.0002165697581993681 -0.044589671100633908 2.9835135568116264,-0.25261168083239516,0.6490147388383165,66,2023-08-06,2026-08-05,1,arn:aws:braket:us-east-1:000000000000:quantum-task/5a966218-6267-4174-9154-88c0bfd94079,32.0,1000,10,847,1032,2,True,-52.110616873275504,-0.1106168733586747,,,0.01,1032,-0.1106168733586747,0.2187851815628711,0.002717468139990289,6,1,False,False,False,1.088869188485919,0.3163022861826948,0.2895685629796588,0,0
e4a-v1,sv1,braket_sv1,double,12,2,0,941157873a8b,43,N12_i00_Aheur_s43,Aheur,12.999999999979208,2,1.8301237517759843 0.0002165697581993681 -0.044589671100633908 2.9835135568116264,-0.25261168083239516,0.6490147388383165,66,2023-08-06,2026-08-05,2,arn:aws:braket:us-east-1:000000000000:quantum-task/793b386b-1eee-4d04-b145-56d4ac7ac17c,18.0,1000,8,830,68,2,True,-52.07953997417389,-0.0795399742570615,,,0.008,68,-0.0795399742570615,0.26666837626078865,0.0033122116006901203,8,1,False,False,False,1.1172922135622942,0.36437243578231837,0.32522596270833015,0,0
e4a-v1,sv1,braket_sv1,double,12,2,0,941157873a8b,43,N12_i00_Aheur_s43,Aheur,12.999999999979208,2,1.8301237517759843 0.0002165697581993681 -0.044589671100633908 2.9835135568116264,-0.25261168083239516,0.6490147388383165,66,2023-08-06,2026-08-05,3,arn:aws:braket:us-east-1:000000000000:quantum-task/74caad7e-e6a2-4b2c-9767-e5c768c3807c,17.0,1000,19,858,1280,2,True,-52.00483312871737,-0.004833128800544373,,,0.019,1280,-0.004833128800544373,0.3817764639295468,0.004741936222168523,16,1,False,False,False,0.6810925232406679,0.15325850921456086,0.22355040470875856,0,0
e4a-v1,sv1,braket_sv1,double,12,2,0,941157873a8b,43,N12_i00_Aheur_s43,Aheur,12.999999999979208,2,1.8301237517759843 0.0002165697581993681 -0.044589671100633908 2.9835135568116264,-0.25261168083239516,0.6490147388383165,66,2023-08-06,2026-08-05,4,arn:aws:braket:us-east-1:000000000000:quantum-task/4bb4eaaf-46fb-4876-9b9a-37143ef4b216,15.0,1000,7,837,12,2,True,-52.1507686029985,-0.15076860308166284,,,0.007,12,-0.15076860308166284,0.1569195145444973,0.0019490523913516286,3,1,False,False,False,1.337964475552203,0.49124459998426784,0.36641077468214145,0,0
e4a-v1,sv1,braket_sv1,double,12,2,0,941157873a8b,43,N12_i00_Aheur_s43,Aheur,12.999999999979208,2,1.8301237517759843 0.0002165697581993681 -0.044589671100633908 2.9835135568116264,-0.25261168083239516,0.6490147388383165,66,2023-08-06,2026-08-05,5,arn:aws:braket:us-east-1:000000000000:quantum-task/24b6efa8-55df-4613-a9d2-cfff32725aae,15.0,1000,10,826,6,2,True,-52.19909386988679,-0.19909386996995387,,,0.01,6,-0.19909386996995387,0.08246008551089888,0.0010242131281288315,2,1,False,False,False,1.1763543666609393,0.2522455012773938,0.21357977527685781,0,0
e4a-v1,sv1,braket_sv1,double,12,2,0,941157873a8b,43,N12_i00_Aheur_s43,Aheur,12.999999999979208,2,1.8301237517759843 0.0002165697581993681 -0.044589671100633908 2.9835135568116264,-0.25261168083239516,0.6490147388383165,66,2023-08-06,2026-08-05,6,arn:aws:braket:us-east-1:000000000000:quantum-task/03fca0cf-640e-42e4-a613-7a45978c16de,15.0,1000,14,839,6,2,True,-52.19909386988679,-0.19909386996995387,,,0.014,6,-0.19909386996995387,0.08246008551089888,0.0010242131281288315,2,1,False,False,False,1.1763543666609393,0.2522455012773938,0.21357977527685781,0,0
e4a-v1,sv1,braket_sv1,double,12,2,0,941157873a8b,43,N12_i00_Aheur_s43,Aheur,12.999999999979208,2,1.8301237517759843 0.0002165697581993681 -0.044589671100633908 2.9835135568116264,-0.25261168083239516,0.6490147388383165,66,2023-08-06,2026-08-05,7,arn:aws:braket:us-east-1:000000000000:quantum-task/e4d26b2a-db94-4b39-a2e0-92987abbcd88,16.0,1000,8,825,132,2,True,-51.984638876747475,0.01536112316935867,,,0.008,132,0.01536112316935867,0.4128917079470388,0.0051284097652190596,19,1,False,False,False,0.8208844298269429,0.23426844646754036,0.2841672201246618,0,0
e4a-v1,sv1,braket_sv1,double,12,2,0,941157873a8b,43,N12_i00_Aheur_s43,Aheur,12.999999999979208,2,1.8301237517759843 0.0002165697581993681 -0.044589671100633908 2.9835135568116264,-0.25261168083239516,0.6490147388383165,66,2023-08-06,2026-08-05,8,arn:aws:braket:us-east-1:000000000000:quantum-task/9148cd24-7fc6-4b09-8fc1-8f7c19f142e7,16.0,1000,12,832,6,2,True,-52.19909386988679,-0.19909386996995387,,,0.012,6,-0.19909386996995387,0.08246008551089888,0.0010242131281288315,2,1,False,False,False,1.1763543666609393,0.2522455012773938,0.21357977527685781,0,0
e4a-v1,sv1,braket_sv1,double,12,2,0,941157873a8b,43,N12_i00_Aheur_s43,Aheur,12.999999999979208,2,1.8301237517759843 0.0002165697581993681 -0.044589671100633908 2.9835135568116264,-0.25261168083239516,0.6490147388383165,66,2023-08-06,2026-08-05,9,arn:aws:braket:us-east-1:000000000000:quantum-task/d68504c5-aeb6-4e8f-8c22-b9705c2ae505,15.0,1000,9,835,1280,2,True,-52.00483312871737,-0.004833128800544373,,,0.009,1280,-0.004833128800544373,0.3817764639295468,0.004741936222168523,16,1,False,False,False,0.6810925232406679,0.15325850921456086,0.22355040470875856,0,0
e4a-v1,sv1,braket_sv1,double,12,2,1,3798cace2ea7,42,N12_i01_Aheur_s42,Aheur,12.999999999983347,2,2.2548321852968618 1.3964072519323973 2.7962367287547587 2.0867076840383003,0.15347271196197812,0.6821104373880992,66,2023-08-06,2026-08-05,0,arn:aws:braket:us-east-1:000000000000:quantum-task/ae33427d-099e-4cd2-9aa6-e92fb423597f,15.0,1000,211,620,17,2,True,-51.846527287971405,0.15347271196197812,,,0.211,17,0.15347271196197812,0.0,0.0,1,1,True,True,True,0.8071062374637792,0.172876351205122,0.21295381354655352,2,2
e4a-v1,sv1,braket_sv1,double,12,2,1,3798cace2ea7,42,N12_i01_Aheur_s42,Aheur,12.999999999983347,2,2.2548321852968618 1.3964072519323973 2.7962367287547587 2.0867076840383003,0.15347271196197812,0.6821104373880992,66,2023-08-06,2026-08-05,1,arn:aws:braket:us-east-1:000000000000:quantum-task/06afc157-40f4-462d-9a32-134f44997159,16.0,1000,166,652,9,2,True,-51.80449996392249,0.1955000360109007,,,0.166,9,0.1955000360109007,0.0616136650977683,0.0008106102037555965,2,1,False,False,False,1.2926724802368494,0.37087155768981794,0.28612936636668274,0,0
e4a-v1,sv1,braket_sv1,double,12,2,1,3798cace2ea7,42,N12_i01_Aheur_s42,Aheur,12.999999999983347,2,2.2548321852968618 1.3964072519323973 2.7962367287547587 2.0867076840383003,0.15347271196197812,0.6821104373880992,66,2023-08-06,2026-08-05,2,arn:aws:braket:us-east-1:000000000000:quantum-task/d2713532-b160-4467-99cb-0e7c22811ead,15.0,1000,166,655,17,2,True,-51.846527287971405,0.15347271196197812,,,0.166,17,0.15347271196197812,0.0,0.0,1,1,True,True,True,0.8071062374637792,0.172876351205122,0.21295381354655352,2,2
e4a-v1,sv1,braket_sv1,double,12,2,1,3798cace2ea7,42,N12_i01_Aheur_s42,Aheur,12.999999999983347,2,2.2548321852968618 1.3964072519323973 2.7962367287547587 2.0867076840383003,0.15347271196197812,0.6821104373880992,66,2023-08-06,2026-08-05,3,arn:aws:braket:us-east-1:000000000000:quantum-task/950c30c5-0bf2-4d17-a46a-380d28412d00,16.0,1000,192,649,17,2,True,-51.846527287971405,0.15347271196197812,,,0.192,17,0.15347271196197812,0.0,0.0,1,1,True,True,True,0.8071062374637792,0.172876351205122,0.21295381354655352,2,2
e4a-v1,sv1,braket_sv1,double,12,2,1,3798cace2ea7,42,N12_i01_Aheur_s42,Aheur,12.999999999983347,2,2.2548321852968618 1.3964072519323973 2.7962367287547587 2.0867076840383003,0.15347271196197812,0.6821104373880992,66,2023-08-06,2026-08-05,4,arn:aws:braket:us-east-1:000000000000:quantum-task/cd0c389d-a6c1-4a4a-baf7-f3e3ade9cabf,15.0,1000,206,639,17,2,True,-51.846527287971405,0.15347271196197812,,,0.206,17,0.15347271196197812,0.0,0.0,1,1,True,True,True,0.8071062374637792,0.172876351205122,0.21295381354655352,3,3
e4a-v1,sv1,braket_sv1,double,12,2,1,3798cace2ea7,42,N12_i01_Aheur_s42,Aheur,12.999999999983347,2,2.2548321852968618 1.3964072519323973 2.7962367287547587 2.0867076840383003,0.15347271196197812,0.6821104373880992,66,2023-08-06,2026-08-05,5,arn:aws:braket:us-east-1:000000000000:quantum-task/5598197f-a764-41cf-97fc-cf85ed454312,15.0,1000,180,632,9,2,True,-51.80449996392249,0.1955000360109007,,,0.18,9,0.1955000360109007,0.0616136650977683,0.0008106102037555965,2,1,False,False,False,1.2926724802368494,0.37087155768981794,0.28612936636668274,0,0
e4a-v1,sv1,braket_sv1,double,12,2,1,3798cace2ea7,42,N12_i01_Aheur_s42,Aheur,12.999999999983347,2,2.2548321852968618 1.3964072519323973 2.7962367287547587 2.0867076840383003,0.15347271196197812,0.6821104373880992,66,2023-08-06,2026-08-05,6,arn:aws:braket:us-east-1:000000000000:quantum-task/ad45b8f3-ecfd-4bd5-9d61-3b903d56c21b,16.0,1000,178,619,17,2,True,-51.846527287971405,0.15347271196197812,,,0.178,17,0.15347271196197812,0.0,0.0,1,1,True,True,True,0.8071062374637792,0.172876351205122,0.21295381354655352,3,3
e4a-v1,sv1,braket_sv1,double,12,2,1,3798cace2ea7,42,N12_i01_Aheur_s42,Aheur,12.999999999983347,2,2.2548321852968618 1.3964072519323973 2.7962367287547587 2.0867076840383003,0.15347271196197812,0.6821104373880992,66,2023-08-06,2026-08-05,7,arn:aws:braket:us-east-1:000000000000:quantum-task/43795d26-d43d-4e43-94b3-bb0ff0ee0c1e,27.0,1000,168,663,17,2,True,-51.846527287971405,0.15347271196197812,,,0.168,17,0.15347271196197812,0.0,0.0,1,1,True,True,True,0.8071062374637792,0.172876351205122,0.21295381354655352,1,1
e4a-v1,sv1,braket_sv1,double,12,2,1,3798cace2ea7,42,N12_i01_Aheur_s42,Aheur,12.999999999983347,2,2.2548321852968618 1.3964072519323973 2.7962367287547587 2.0867076840383003,0.15347271196197812,0.6821104373880992,66,2023-08-06,2026-08-05,8,arn:aws:braket:us-east-1:000000000000:quantum-task/fefb8fac-669a-4bea-84d6-13f75f747dcf,16.0,1000,180,604,9,2,True,-51.80449996392249,0.1955000360109007,,,0.18,9,0.1955000360109007,0.0616136650977683,0.0008106102037555965,2,1,False,False,False,1.2926724802368494,0.37087155768981794,0.28612936636668274,0,0
e4a-v1,sv1,braket_sv1,double,12,2,1,3798cace2ea7,42,N12_i01_Aheur_s42,Aheur,12.999999999983347,2,2.2548321852968618 1.3964072519323973 2.7962367287547587 2.0867076840383003,0.15347271196197812,0.6821104373880992,66,2023-08-06,2026-08-05,9,arn:aws:braket:us-east-1:000000000000:quantum-task/21fcf0af-482c-4acf-9282-399d8c0b67ad,15.0,1000,176,634,17,2,True,-51.846527287971405,0.15347271196197812,,,0.176,17,0.15347271196197812,0.0,0.0,1,1,True,True,True,0.8071062374637792,0.172876351205122,0.21295381354655352,1,1
e4a-v1,sv1,braket_sv1,double,12,2,1,3798cace2ea7,43,N12_i01_Aheur_s43,Aheur,12.999999999983347,2,1.8320385937237138 0.00059987955034510433 -0.045127650519484704 2.9833103641215408,0.15347271196197812,0.6821104373880992,66,2023-08-06,2026-08-05,0,arn:aws:braket:us-east-1:000000000000:quantum-task/d25a1a10-9918-4247-a064-809c82d5f8cc,16.0,1000,7,851,2049,2,True,-51.6511514058125,0.3488485941208853,,,0.007,2049,0.3488485941208853,0.28642851868244396,0.0037683504060692444,11,1,False,False,False,0.42242913932384,0.10134659285682206,0.23754656939017402,0,0
e4a-v1,sv1,braket_sv1,double,12,2,1,3798cace2ea7,43,N12_i01_Aheur_s43,Aheur,12.999999999983347,2,1.8320385937237138 0.00059987955034510433 -0.045127650519484704 2.9833103641215408,0.15347271196197812,0.6821104373880992,66,2023-08-06,2026-08-05,1,arn:aws:braket:us-east-1:000000000000:quantum-task/d91c0f6b-f873-4e17-b136-317177348245,16.0,1000,10,849,24,2,True,-51.79306998559736,0.20693001433602265,,,0.01,24,0.20693001433602265,0.07837045065420839,0.0010310681384141003,3,1,False,False,False,1.5910944783780911,0.522570631365531,0.32780619784263393,0,0
e4a-v1,sv1,braket_sv1,double,12,2,1,3798cace2ea7,43,N12_i01_Aheur_s43,Aheur,12.999999999983347,2,1.8320385937237138 0.00059987955034510433 -0.045127650519484704 2.9833103641215408,0.15347271196197812,0.6821104373880992,66,2023-08-06,2026-08-05,2,arn:aws:braket:us-east-1:000000000000:quantum-task/5e1b4890-ca14-4773-9678-00eed75173e3,16.0,1000,13,853,1025,2,True,-51.69300203420312,0.3069979657302665,,,0.013,1025,0.3069979657302665,0.22507389618044707,0.0029611482542613193,9,1,False,False,False,0.5903154178059283,0.1436147419247413,0.24159074559632662,0,0
e4a-v1,sv1,braket_sv1,double,12,2,1,3798cace2ea7,43,N12_i01_Aheur_s43,Aheur,12.999999999983347,2,1.8320385937237138 0.00059987955034510433 -0.045127650519484704 2.9833103641215408,0.15347271196197812,0.6821104373880992,66,2023-08-06,2026-08-05,3,arn:aws:braket:us-east-1:000000000000:quantum-task/b8c6b0ed-8ea8-4b94-93c9-8ea392381e46,16.0,1000,8,820,9,2,True,-51.80449996392249,0.1955000360109007,,,0.008,9,0.1955000360109007,0.0616136650977683,0.0008106102037555965,2,1,False,False,False,1.2926724802368494,0.37087155768981794,0.28612936636668274,0,0
e4a-v1,sv1,braket_sv1,double,12,2,1,3798cace2ea7,43,N12_i01_Aheur_s43,Aheur,12.999999999983347,2,1.8320385937237138 0.00059987955034510433 -0.045127650519484704 2.9833103641215408,0.15347271196197812,0.6821104373880992,66,2023-08-06,2026-08-05,4,arn:aws:braket:us-east-1:000000000000:quantum-task/33ed15da-2bfa-4d3d-b93d-0e062a9c93d9,15.0,1000,3,846,1040,2,True,-51.73316457974108,0.2668354201923049,,,0.003,1040,0.2668354201923049,0.1661940677295735,0.002186505329482836,6,1,False,False,False,1.0537754708630322,0.2953138156004542,0.27929461610964806,0,0
e4a-v1,sv1,braket_sv1,double,12,2,1,3798cace2ea7,43,N12_i01_Aheur_s43,Aheur,12.999999999983347,2,1.8320385937237138 0.00059987955034510433 -0.045127650519484704 2.9833103641215408,0.15347271196197812,0.6821104373880992,66,2023-08-06,2026-08-05,5,arn:aws:braket:us-east-1:000000000000:quantum-task/6c975ad7-c264-4cf1-b72d-eeb14184202c,16.0,1000,11,822,17,2,True,-51.846527287971405,0.15347271196197812,,,0.011,17,0.15347271196197812,0.0,0.0,1,1,True,True,True,0.8071062374637792,0.172876351205122,0.21295381354655352,1,1
e4a-v1,sv1,braket_sv1,double,12,2,1,3798cace2ea7,43,N12_i01_Aheur_s43,Aheur,12.999999999983347,2,1.8320385937237138 0.00059987955034510433 -0.045127650519484704 2.9833103641215408,0.15347271196197812,0.6821104373880992,66,2023-08-06,2026-08-05,6,arn:aws:braket:us-east-1:000000000000:quantum-task/05bf5dcb-fe30-4db0-b2e8-fd525e435eb5,37.0,1000,9,852,3,2,True,-51.75324429258867,0.2467557073447189,,,0.009,3,0.2467557073447189,0.13675644040858698,0.0017992139543815272,4,1,False,False,False,0.8711776307742315,0.22107028411410232,0.2526124137491017,0,0
e4a-v1,sv1,braket_sv1,double,12,2,1,3798cace2ea7,43,N12_i01_Aheur_s43,Aheur,12.999999999983347,2,1.8320385937237138 0.00059987955034510433 -0.045127650519484704 2.9833103641215408,0.15347271196197812,0.6821104373880992,66,2023-08-06,2026-08-05,7,arn:aws:braket:us-east-1:000000000000:quantum-task/4354e934-49fa-488c-b3b7-5f7c52101d0b,15.0,1000,5,817,1040,2,True,-51.73316457974108,0.2668354201923049,,,0.005,1040,0.2668354201923049,0.1661940677295735,0.002186505329482836,6,1,False,False,False,1.0537754708630322,0.2953138156004542,0.27929461610964806,0,0
e4a-v1,sv1,braket_sv1,double,12,2,1,3798cace2ea7,43,N12_i01_Aheur_s43,Aheur,12.999999999983347,2,1.8320385937237138 0.00059987955034510433 -0.045127650519484704 2.9833103641215408,0.15347271196197812,0.6821104373880992,66,2023-08-06,2026-08-05,8,arn:aws:braket:us-east-1:000000000000:quantum-task/1163db7a-b951-40ce-bb8b-2373c2acc610,15.0,1000,6,844,130,2,True,-51.51442042335291,0.48557957658048,,,0.006,130,0.48557957658048,0.4868813705449044,0.006405575879246053,29,1,False,False,False,1.2519007701062612,0.4483880425129416,0.35736701597760606,0,0
e4a-v1,sv1,braket_sv1,double,12,2,1,3798cace2ea7,43,N12_i01_Aheur_s43,Aheur,12.999999999983347,2,1.8320385937237138 0.00059987955034510433 -0.045127650519484704 2.9833103641215408,0.15347271196197812,0.6821104373880992,66,2023-08-06,2026-08-05,9,arn:aws:braket:us-east-1:000000000000:quantum-task/7247dba0-a0dd-4623-94ce-37033fc28d05,15.0,1000,9,832,24,2,True,-51.79306998559736,0.20693001433602265,,,0.009,24,0.20693001433602265,0.07837045065420839,0.0010310681384141003,3,1,False,False,False,1.5910944783780911,0.522570631365531,0.32780619784263393,0,0
e4a-v1,sv1,braket_sv1,double,16,3,0,514ae30a9bf6,42,N16_i00_Aheur_s42,Aheur,16.999999999972275,2,0.74274147571645022 1.4405996686222429 2.73269036940555 1.6581154527861004,-0.2671105968767471,1.2705106296258624,560,2023-08-06,2026-08-05,0,arn:aws:braket:us-east-1:000000000000:quantum-task/bc1633c2-4182-4093-9edb-2c73f0964978,27.0,1000,394,767,8202,3,True,-153.23187921152643,-0.23187921177598703,,,0.394,8202,-0.23187921177598703,0.027730098654219795,0.00022986918043678038,5,1,False,False,True,1.4578597337788786,0.35398799465993713,0.24212754250710153,0,0
e4a-v1,sv1,braket_sv1,double,16,3,0,514ae30a9bf6,42,N16_i00_Aheur_s42,Aheur,16.999999999972275,2,0.74274147571645022 1.4405996686222429 2.73269036940555 1.6581154527861004,-0.2671105968767471,1.2705106296258624,560,2023-08-06,2026-08-05,1,arn:aws:braket:us-east-1:000000000000:quantum-task/6f1937cd-02e1-4a68-9d17-f505028539ea,27.0,1000,387,754,16394,3,True,-153.2671105966272,-0.2671105968767471,,,0.387,16394,-0.2671105968767471,0.0,0.0,1,1,True,True,True,1.3851408274006345,0.2568156466299874,0.1846856590820826,3,2
e4a-v1,sv1,braket_sv1,double,16,3,0,514ae30a9bf6,42,N16_i00_Aheur_s42,Aheur,16.999999999972275,2,0.74274147571645022 1.4405996686222429 2.73269036940555 1.6581154527861004,-0.2671105968767471,1.2705106296258624,560,2023-08-06,2026-08-05,2,arn:aws:braket:us-east-1:000000000000:quantum-task/580d87ff-c185-45ea-b0e6-a604d6f1113f,26.0,1000,323,760,16394,3,True,-153.2671105966272,-0.2671105968767471,,,0.323,16394,-0.2671105968767471,0.0,0.0,1,1,True,True,True,1.3851408274006345,0.2568156466299874,0.1846856590820826,3,2
e4a-v1,sv1,braket_sv1,double,16,3,0,514ae30a9bf6,42,N16_i00_Aheur_s42,Aheur,16.999999999972275,2,0.74274147571645022 1.4405996686222429 2.73269036940555 1.6581154527861004,-0.2671105968767471,1.2705106296258624,560,2023-08-06,2026-08-05,3,arn:aws:braket:us-east-1:000000000000:quantum-task/593e2836-ae3f-4041-a37f-6a32aa0383a1,26.0,1000,371,760,14,3,True,-153.20173150091648,-0.20173150116601057,,,0.371,14,-0.20173150116601057,0.05145891280735623,0.0004265696368662101,8,1,False,False,False,1.236091263851482,0.22205720460493072,0.17883566615959112,0,0
e4a-v1,sv1,braket_sv1,double,16,3,0,514ae30a9bf6,42,N16_i00_Aheur_s42,Aheur,16.999999999972275,2,0.74274147571645022 1.4405996686222429 2.73269036940555 1.6581154527861004,-0.2671105968767471,1.2705106296258624,560,2023-08-06,2026-08-05,4,arn:aws:braket:us-east-1:000000000000:quantum-task/dd09e63e-195b-4d1c-b781-933e47ab87d7,27.0,1000,351,755,16394,3,True,-153.2671105966272,-0.2671105968767471,,,0.351,16394,-0.2671105968767471,0.0,0.0,1,1,True,True,True,1.3851408274006345,0.2568156466299874,0.1846856590820826,2,1
e4a-v1,sv1,braket_sv1,double,16,3,0,514ae30a9bf6,42,N16_i00_Aheur_s42,Aheur,16.999999999972275,2,0.74274147571645022 1.4405996686222429 2.73269036940555 1.6581154527861004,-0.2671105968767471,1.2705106296258624,560,2023-08-06,2026-08-05,5,arn:aws:braket:us-east-1:000000000000:quantum-task/d0392596-e091-46ca-8be7-6f478c8003a1,27.0,1000,395,754,16394,3,True,-153.2671105966272,-0.2671105968767471,,,0.395,16394,-0.2671105968767471,0.0,0.0,1,1,True,True,True,1.3851408274006345,0.2568156466299874,0.1846856590820826,5,1
e4a-v1,sv1,braket_sv1,double,16,3,0,514ae30a9bf6,42,N16_i00_Aheur_s42,Aheur,16.999999999972275,2,0.74274147571645022 1.4405996686222429 2.73269036940555 1.6581154527861004,-0.2671105968767471,1.2705106296258624,560,2023-08-06,2026-08-05,6,arn:aws:braket:us-east-1:000000000000:quantum-task/ce189eda-c6f5-44a4-b4be-afcf798d5297,29.0,1000,389,753,14,3,True,-153.20173150091648,-0.20173150116601057,,,0.389,14,-0.20173150116601057,0.05145891280735623,0.0004265696368662101,8,1,False,False,False,1.236091263851482,0.22205720460493072,0.17883566615959112,0,0
e4a-v1,sv1,braket_sv1,double,16,3,0,514ae30a9bf6,42,N16_i00_Aheur_s42,Aheur,16.999999999972275,2,0.74274147571645022 1.4405996686222429 2.73269036940555 1.6581154527861004,-0.2671105968767471,1.2705106296258624,560,2023-08-06,2026-08-05,7,arn:aws:braket:us-east-1:000000000000:quantum-task/457172bd-f4de-476e-8a10-cc31d0686af2,27.0,1000,375,779,16402,3,True,-153.26084886738235,-0.26084886763190396,,,0.375,16402,-0.26084886763190396,0.004928513857996672,4.085500940461349e-05,2,1,False,True,True,1.376780890762973,0.25918646419037544,0.18752908754224196,2,0
e4a-v1,sv1,braket_sv1,double,16,3,0,514ae30a9bf6,42,N16_i00_Aheur_s42,Aheur,16.999999999972275,2,0.74274147571645022 1.4405996686222429 2.73269036940555 1.6581154527861004,-0.2671105968767471,1.2705106296258624,560,2023-08-06,2026-08-05,8,arn:aws:braket:us-east-1:000000000000:quantum-task/021dcc12-5c84-4e8e-b770-375096a60a11,38.0,1000,385,752,16394,3,True,-153.2671105966272,-0.2671105968767471,,,0.385,16394,-0.2671105968767471,0.0,0.0,1,1,True,True,True,1.3851408274006345,0.2568156466299874,0.1846856590820826,1,1
e4a-v1,sv1,braket_sv1,double,16,3,0,514ae30a9bf6,42,N16_i00_Aheur_s42,Aheur,16.999999999972275,2,0.74274147571645022 1.4405996686222429 2.73269036940555 1.6581154527861004,-0.2671105968767471,1.2705106296258624,560,2023-08-06,2026-08-05,9,arn:aws:braket:us-east-1:000000000000:quantum-task/06c8b268-1125-4556-85f0-dce7aae28189,27.0,1000,351,754,16402,3,True,-153.26084886738235,-0.26084886763190396,,,0.351,16402,-0.26084886763190396,0.004928513857996672,4.085500940461349e-05,2,1,False,True,True,1.376780890762973,0.25918646419037544,0.18752908754224196,1,0
e4a-v1,sv1,braket_sv1,double,16,3,0,514ae30a9bf6,43,N16_i00_Aheur_s43,Aheur,16.999999999972275,2,1.8657604696531571 0.020894816108035355 -0.065582775811690253 2.9969708670042756,-0.2671105968767471,1.2705106296258624,560,2023-08-06,2026-08-05,0,arn:aws:braket:us-east-1:000000000000:quantum-task/a43600fd-da58-4f60-a7ac-cced27f07193,27.0,1000,0,979,10,2,False,-136.3112224069334,-0.3112224071552275,,,0.0,,,,,,,,,,,,,0,0
e4a-v1,sv1,braket_sv1,double,16,3,0,514ae30a9bf6,43,N16_i00_Aheur_s43,Aheur,16.999999999972275,2,1.8657604696531571 0.020894816108035355 -0.065582775811690253 2.9969708670042756,-0.2671105968767471,1.2705106296258624,560,2023-08-06,2026-08-05,1,arn:aws:braket:us-east-1:000000000000:quantum-task/6b69161d-832f-4d7a-bf17-a7f93dc174fb,27.0,1000,1,985,578,3,True,-152.58178491809218,0.41821508165826915,,,0.001,578,0.41821508165826915,0.5394096377901456,0.004471446456237282,412,1,False,False,False,0.3980716364500228,0.0959273497625687,0.23846800693745648,0,0
e4a-v1,sv1,braket_sv1,double,16,3,0,514ae30a9bf6,43,N16_i00_Aheur_s43,Aheur,16.999999999972275,2,1.8657604696531571 0.020894816108035355 -0.065582775811690253 2.9969708670042756,-0.2671105968767471,1.2705106296258624,560,2023-08-06,2026-08-05,2,arn:aws:braket:us-east-1:000000000000:quantum-task/e65cb949-f289-45ec-ac85-bda49b258b83,26.0,1000,0,985,18432,2,False,-135.99917552987353,0.0008244699046465187,,,0.0,,,,,,,,,,,,,0,0
e4a-v1,sv1,braket_sv1,double,16,3,0,514ae30a9bf6,43,N16_i00_Aheur_s43,Aheur,16.999999999972275,2,1.8657604696531571 0.020894816108035355 -0.065582775811690253 2.9969708670042756,-0.2671105968767471,1.2705106296258624,560,2023-08-06,2026-08-05,3,arn:aws:braket:us-east-1:000000000000:quantum-task/4194576c-8283-4ff1-8c88-2495b0bc6c54,26.0,1000,1,981,18496,3,True,-152.75342570408185,0.24657429566859657,,,0.001,18496,0.24657429566859657,0.4043137306900082,0.0033515663637535024,278,1,False,False,False,0.6239027112898717,0.14469036009467282,0.23030892075721845,0,0
e4a-v1,sv1,braket_sv1,double,16,3,0,514ae30a9bf6,43,N16_i00_Aheur_s43,Aheur,16.999999999972275,2,1.8657604696531571 0.020894816108035355 -0.065582775811690253 2.9969708670042756,-0.2671105968767471,1.2705106296258624,560,2023-08-06,2026-08-05,4,arn:aws:braket:us-east-1:000000000000:quantum-task/b06e4cce-686e-4a6d-85d1-8694771e95e9,25.0,1000,1,982,2088,3,True,-152.8592255393324,0.140774460418033,,,0.001,2088,0.140774460418033,0.32104025561351923,0.0026612693075963555,179,1,False,False,False,1.2285663277009469,0.3834098021766585,0.3112650848019524,0,0
e4a-v1,sv1,braket_sv1,double,16,3,0,514ae30a9bf6,43,N16_i00_Aheur_s43,Aheur,16.999999999972275,2,1.8657604696531571 0.020894816108035355 -0.065582775811690253 2.9969708670042756,-0.2671105968767471,1.2705106296258624,560,2023-08-06,2026-08-05,5,arn:aws:braket:us-east-1:000000000000:quantum-task/5aa5199d-40a3-4f74-83c1-872b93143b14,27.0,1000,1,984,4144,3,True,-152.79720628683958,0.20279371291087478,,,0.001,4144,0.20279371291087478,0.36985468584863274,0.003065917455861288,238,1,False,False,False,1.3725835987973292,0.48610066476520775,0.3534215804343412,0,0
e4a-v1,sv1,braket_sv1,double,16,3,0,514ae30a9bf6,43,N16_i00_Aheur_s43,Aheur,16.999999999972275,2,1.8657604696531571 0.020894816108035355 -0.065582775811690253 2.9969708670042756,-0.2671105968767471,1.2705106296258624,560,2023-08-06,2026-08-05,6,arn:aws:braket:us-east-1:000000000000:quantum-task/46b28061-d731-488e-a11e-e1c36839487a,26.0,1000,0,992,16410,4,False,-136.14286709119153,-0.1428670914133393,,,0.0,,,,,,,,,,,,,0,0
e4a-v1,sv1,braket_sv1,double,16,3,0,514ae30a9bf6,43,N16_i00_Aheur_s43,Aheur,16.999999999972275,2,1.8657604696531571 0.020894816108035355 -0.065582775811690253 2.9969708670042756,-0.2671105968767471,1.2705106296258624,560,2023-08-06,2026-08-05,7,arn:aws:braket:us-east-1:000000000000:quantum-task/afc462b6-4d66-4a93-ac70-048ad8356aba,26.0,1000,0,986,260,2,False,-135.9581942929957,0.04180570678249862,,,0.0,,,,,,,,,,,,,0,0
e4a-v1,sv1,braket_sv1,double,16,3,0,514ae30a9bf6,43,N16_i00_Aheur_s43,Aheur,16.999999999972275,2,1.8657604696531571 0.020894816108035355 -0.065582775811690253 2.9969708670042756,-0.2671105968767471,1.2705106296258624,560,2023-08-06,2026-08-05,8,arn:aws:braket:us-east-1:000000000000:quantum-task/e67405f6-0b9e-40f3-9e84-51419a9b1970,27.0,1000,0,985,17426,4,False,-136.05073832896687,-0.050738329188689923,,,0.0,,,,,,,,,,,,,0,0
e4a-v1,sv1,braket_sv1,double,16,3,0,514ae30a9bf6,43,N16_i00_Aheur_s43,Aheur,16.999999999972275,2,1.8657604696531571 0.020894816108035355 -0.065582775811690253 2.9969708670042756,-0.2671105968767471,1.2705106296258624,560,2023-08-06,2026-08-05,9,arn:aws:braket:us-east-1:000000000000:quantum-task/5caf5843-2800-428a-acd5-b3475ac03a4f,34.0,1000,0,985,66,2,False,-135.98671511152543,0.013284888252752147,,,0.0,,,,,,,,,,,,,0,0
e4a-v1,sv1,braket_sv1,double,16,3,1,f9598a6bfdd0,42,N16_i01_Aheur_s42,Aheur,16.999999999977796,2,0.74306331081002575 1.4427238507351057 2.7320187694991369 1.6574624689908404,0.13112281842114482,1.2939192012170153,560,2023-08-06,2026-08-05,0,arn:aws:braket:us-east-1:000000000000:quantum-task/5b1d4805-6083-4c1d-aae3-44e59e32e372,27.0,1000,391,745,16401,3,True,-152.86887718137902,0.13112281842114482,,,0.391,16401,0.13112281842114482,0.0,0.0,1,1,True,True,True,1.3851408274006345,0.2568156466299874,0.1846856590820826,1,1
e4a-v1,sv1,braket_sv1,double,16,3,1,f9598a6bfdd0,42,N16_i01_Aheur_s42,Aheur,16.999999999977796,2,0.74306331081002575 1.4427238507351057 2.7320187694991369 1.6574624689908404,0.13112281842114482,1.2939192012170153,560,2023-08-06,2026-08-05,1,arn:aws:braket:us-east-1:000000000000:quantum-task/06f72cf5-4cd4-43f6-9ab3-9b8ac0548723,26.0,1000,387,736,49153,3,True,-152.82455131864143,0.17544868115874124,,,0.387,49153,0.17544868115874124,0.03425705615613792,0.00028996002034478057,2,1,False,False,True,1.0888101742109118,0.18579278723010573,0.16971993062429797,0,0
e4a-v1,sv1,braket_sv1,double,16,3,1,f9598a6bfdd0,42,N16_i01_Aheur_s42,Aheur,16.999999999977796,2,0.74306331081002575 1.4427238507351057 2.7320187694991369 1.6574624689908404,0.13112281842114482,1.2939192012170153,560,2023-08-06,2026-08-05,2,arn:aws:braket:us-east-1:000000000000:quantum-task/1429c61b-8e09-4be7-bcc7-4d1ddce6d060,27.0,1000,369,774,16401,3,True,-152.86887718137902,0.13112281842114482,,,0.369,16401,0.13112281842114482,0.0,0.0,1,1,True,True,True,1.3851408274006345,0.2568156466299874,0.1846856590820826,1,1
e4a-v1,sv1,braket_sv1,double,16,3,1,f9598a6bfdd0,42,N16_i01_Aheur_s42,Aheur,16.999999999977796,2,0.74306331081002575 1.4427238507351057 2.7320187694991369 1.6574624689908404,0.13112281842114482,1.2939192012170153,560,2023-08-06,2026-08-05,3,arn:aws:braket:us-east-1:000000000000:quantum-task/6a382f6b-5150-4004-a1bf-e8d02450fb87,25.0,1000,405,754,16401,3,True,-152.86887718137902,0.13112281842114482,,,0.405,16401,0.13112281842114482,0.0,0.0,1,1,True,True,True,1.3851408274006345,0.2568156466299874,0.1846856590820826,2,2
e4a-v1,sv1,braket_sv1,double,16,3,1,f9598a6bfdd0,42,N16_i01_Aheur_s42,Aheur,16.999999999977796,2,0.74306331081002575 1.4427238507351057 2.7320187694991369 1.6574624689908404,0.13112281842114482,1.2939192012170153,560,2023-08-06,2026-08-05,4,arn:aws:braket:us-east-1:000000000000:quantum-task/698bcb3c-c85f-4fa6-8000-7c0f92de7269,28.0,1000,380,761,49153,3,True,-152.82455131864143,0.17544868115874124,,,0.38,49153,0.17544868115874124,0.03425705615613792,0.00028996002034478057,2,1,False,False,True,1.0888101742109118,0.18579278723010573,0.16971993062429797,0,0
e4a-v1,sv1,braket_sv1,double,16,3,1,f9598a6bfdd0,42,N16_i01_Aheur_s42,Aheur,16.999999999977796,2,0.74306331081002575 1.4427238507351057 2.7320187694991369 1.6574624689908404,0.13112281842114482,1.2939192012170153,560,2023-08-06,2026-08-05,5,arn:aws:braket:us-east-1:000000000000:quantum-task/484fe43b-6f2f-4adc-95ed-103c961316ee,26.0,1000,376,763,16401,3,True,-152.86887718137902,0.13112281842114482,,,0.376,16401,0.13112281842114482,0.0,0.0,1,1,True,True,True,1.3851408274006345,0.2568156466299874,0.1846856590820826,2,2
e4a-v1,sv1,braket_sv1,double,16,3,1,f9598a6bfdd0,42,N16_i01_Aheur_s42,Aheur,16.999999999977796,2,0.74306331081002575 1.4427238507351057 2.7320187694991369 1.6574624689908404,0.13112281842114482,1.2939192012170153,560,2023-08-06,2026-08-05,6,arn:aws:braket:us-east-1:000000000000:quantum-task/dc2690b0-020c-4afe-927c-3570db1d250b,27.0,1000,360,767,16401,3,True,-152.86887718137902,0.13112281842114482,,,0.36,16401,0.13112281842114482,0.0,0.0,1,1,True,True,True,1.3851408274006345,0.2568156466299874,0.1846856590820826,1,1
e4a-v1,sv1,braket_sv1,double,16,3,1,f9598a6bfdd0,42,N16_i01_Aheur_s42,Aheur,16.999999999977796,2,0.74306331081002575 1.4427238507351057 2.7320187694991369 1.6574624689908404,0.13112281842114482,1.2939192012170153,560,2023-08-06,2026-08-05,7,arn:aws:braket:us-east-1:000000000000:quantum-task/ef454232-99a1-4cad-87c5-c3a62931c789,27.0,1000,375,749,49153,3,True,-152.82455131864143,0.17544868115874124,,,0.375,49153,0.17544868115874124,0.03425705615613792,0.00028996002034478057,2,1,False,False,True,1.0888101742109118,0.18579278723010573,0.16971993062429797,0,0
e4a-v1,sv1,braket_sv1,double,16,3,1,f9598a6bfdd0,42,N16_i01_Aheur_s42,Aheur,16.999999999977796,2,0.74306331081002575 1.4427238507351057 2.7320187694991369 1.6574624689908404,0.13112281842114482,1.2939192012170153,560,2023-08-06,2026-08-05,8,arn:aws:braket:us-east-1:000000000000:quantum-task/db8450fa-eb3d-45c2-a534-7d2be997a1fe,27.0,1000,376,757,32785,3,True,-152.8146850551818,0.18531494461837372,,,0.376,32785,0.18531494461837372,0.04188215627858191,0.00035450071457599516,3,1,False,False,True,1.4680414110056843,0.30005017887076635,0.20370690951142958,0,0
e4a-v1,sv1,braket_sv1,double,16,3,1,f9598a6bfdd0,42,N16_i01_Aheur_s42,Aheur,16.999999999977796,2,0.74306331081002575 1.4427238507351057 2.7320187694991369 1.6574624689908404,0.13112281842114482,1.2939192012170153,560,2023-08-06,2026-08-05,9,arn:aws:braket:us-east-1:000000000000:quantum-task/8cf373e3-15bd-4152-8dc0-8eff2f3f0ef6,26.0,1000,390,745,16401,3,True,-152.86887718137902,0.13112281842114482,,,0.39,16401,0.13112281842114482,0.0,0.0,1,1,True,True,True,1.3851408274006345,0.2568156466299874,0.1846856590820826,1,1
e4a-v1,sv1,braket_sv1,double,16,3,1,f9598a6bfdd0,43,N16_i01_Aheur_s43,Aheur,16.999999999977796,2,1.866648773795663 0.02149466056853867 -0.066173341255903725 2.9967322928884599,0.13112281842114482,1.2939192012170153,560,2023-08-06,2026-08-05,0,arn:aws:braket:us-east-1:000000000000:quantum-task/09ac8276-f4ff-460e-8e8f-edd09d2d225b,27.0,1000,1,991,16396,3,True,-152.46136303697457,0.5386369628255949,,,0.001,16396,0.5386369628255949,0.31494558858169547,0.0026657757413952503,122,1,False,False,False,0.920733957723429,0.20598830295678958,0.22263575839391836,0,0
e4a-v1,sv1,braket_sv1,double,16,3,1,f9598a6bfdd0,43,N16_i01_Aheur_s43,Aheur,16.999999999977796,2,1.866648773795663 0.02149466056853867 -0.066173341255903725 2.9967322928884599,0.13112281842114482,1.2939192012170153,560,2023-08-06,2026-08-05,1,arn:aws:braket:us-east-1:000000000000:quantum-task/37156410-c5fc-4d51-b130-183f1220dc8d,26.0,1000,2,989,2306,3,True,-152.1376431058732,0.8623568939269741,,,0.002,2306,0.8623568939269741,0.5651311726559557,0.004783407119803854,395,1,False,False,False,0.3250573995643279,0.07527480619584281,0.22849750934878826,0,0
e4a-v1,sv1,braket_sv1,double,16,3,1,f9598a6bfdd0,43,N16_i01_Aheur_s43,Aheur,16.999999999977796,2,1.866648773795663 0.02149466056853867 -0.066173341255903725 2.9967322928884599,0.13112281842114482,1.2939192012170153,560,2023-08-06,2026-08-05,2,arn:aws:braket:us-east-1:000000000000:quantum-task/9556d94b-9589-4f84-93e1-807406dda2a1,26.0,1000,0,977,18432,2,False,-135.8510973348313,0.14890266499107496,,,0.0,,,,,,,,,,,,,0,0
e4a-v1,sv1,braket_sv1,double,16,3,1,f9598a6bfdd0,43,N16_i01_Aheur_s43,Aheur,16.999999999977796,2,1.866648773795663 0.02149466056853867 -0.066173341255903725 2.9967322928884599,0.13112281842114482,1.2939192012170153,560,2023-08-06,2026-08-05,3,arn:aws:braket:us-east-1:000000000000:quantum-task/dce2b86e-3bd4-4338-8ce9-7019aefa96c6,27.0,1000,0,986,1025,2,False,-135.87265037021433,0.12734962960804247,,,0.0,,,,,,,,,,,,,0,0
e4a-v1,sv1,braket_sv1,double,16,3,1,f9598a6bfdd0,43,N16_i01_Aheur_s43,Aheur,16.999999999977796,2,1.866648773795663 0.02149466056853867 -0.066173341255903725 2.9967322928884599,0.13112281842114482,1.2939192012170153,560,2023-08-06,2026-08-05,4,arn:aws:braket:us-east-1:000000000000:quantum-task/86394c91-5337-4f32-9328-ed1a69bdb812,31.0,1000,0,978,12,2,False,-135.69548685150014,0.3045131483222321,,,0.0,,,,,,,,,,,,,0,0
e4a-v1,sv1,braket_sv1,double,16,3,1,f9598a6bfdd0,43,N16_i01_Aheur_s43,Aheur,16.999999999977796,2,1.866648773795663 0.02149466056853867 -0.066173341255903725 2.9967322928884599,0.13112281842114482,1.2939192012170153,560,2023-08-06,2026-08-05,5,arn:aws:braket:us-east-1:000000000000:quantum-task/b7759861-66d5-4087-9665-53af3169290c,26.0,1000,0,990,160,2,False,-135.66279490801983,0.3372050918025311,,,0.0,,,,,,,,,,,,,0,0
e4a-v1,sv1,braket_sv1,double,16,3,1,f9598a6bfdd0,43,N16_i01_Aheur_s43,Aheur,16.999999999977796,2,1.866648773795663 0.02149466056853867 -0.066173341255903725 2.9967322928884599,0.13112281842114482,1.2939192012170153,560,2023-08-06,2026-08-05,6,arn:aws:braket:us-east-1:000000000000:quantum-task/61c3f40f-b080-4e07-b3ca-ba1d5166f6d0,27.0,1000,0,977,80,2,False,-135.74663772997664,0.25336226984572835,,,0.0,,,,,,,,,,,,,0,0
e4a-v1,sv1,braket_sv1,double,16,3,1,f9598a6bfdd0,43,N16_i01_Aheur_s43,Aheur,16.999999999977796,2,1.866648773795663 0.02149466056853867 -0.066173341255903725 2.9967322928884599,0.13112281842114482,1.2939192012170153,560,2023-08-06,2026-08-05,7,arn:aws:braket:us-east-1:000000000000:quantum-task/d86cfdac-b9a6-4b6a-a76f-8e763ecd673b,27.0,1000,0,976,24576,2,False,-135.71081959139542,0.289180408426953,,,0.0,,,,,,,,,,,,,0,0
e4a-v1,sv1,braket_sv1,double,16,3,1,f9598a6bfdd0,43,N16_i01_Aheur_s43,Aheur,16.999999999977796,2,1.866648773795663 0.02149466056853867 -0.066173341255903725 2.9967322928884599,0.13112281842114482,1.2939192012170153,560,2023-08-06,2026-08-05,8,arn:aws:braket:us-east-1:000000000000:quantum-task/15699376-d5a1-4486-af7b-70aeb6dab79d,36.0,1000,0,986,1028,2,False,-135.70355341487513,0.2964465849472379,,,0.0,,,,,,,,,,,,,0,0
e4a-v1,sv1,braket_sv1,double,16,3,1,f9598a6bfdd0,43,N16_i01_Aheur_s43,Aheur,16.999999999977796,2,1.866648773795663 0.02149466056853867 -0.066173341255903725 2.9967322928884599,0.13112281842114482,1.2939192012170153,560,2023-08-06,2026-08-05,9,arn:aws:braket:us-east-1:000000000000:quantum-task/ea363243-e1ec-4534-9712-76180cd01221,27.0,1000,2,978,25600,3,True,-152.3592808752088,0.6407191245913486,,,0.002,25600,0.6407191245913486,0.39383935696363054,0.0033335517050051165,202,1,False,False,False,1.1855361544793692,0.30378072362006797,0.2553956051665373,0,0
e4a-v1,sv1,braket_sv1,double,20,4,0,88802fd9d289,42,N20_i00_Aheur_s42,Aheur,20.999999999965347,2,2.549594337107866 1.6837739916247021 2.8710969451053501 2.009847999970034,-0.15232144256321223,1.9296468975432697,4845,2023-08-06,2026-08-05,0,arn:aws:braket:us-east-1:000000000000:quantum-task/6c31fc5d-b5b1-4ba8-826f-d27a14ee1aed,109.0,1000,44,972,114,4,True,-335.9485276676853,0.05147233176025945,,,0.044,114,0.05147233176025945,0.10561195137977407,0.0006062542523854892,105,1,False,False,False,1.531733563690419,0.405873822336273,0.264323921557746,0,0
e4a-v1,sv1,braket_sv1,double,20,4,0,88802fd9d289,42,N20_i00_Aheur_s42,Aheur,20.999999999965347,2,2.549594337107866 1.6837739916247021 2.8710969451053501 2.009847999970034,-0.15232144256321223,1.9296468975432697,4845,2023-08-06,2026-08-05,1,arn:aws:braket:us-east-1:000000000000:quantum-task/ffce7641-147c-468b-b551-e7b4fd334a71,110.0,1000,56,976,262290,4,True,-336.04799173847107,-0.047991739025516233,,,0.056,262290,-0.047991739025516233,0.05406673297095099,0.00031036437020618465,29,1,False,False,False,1.2124555832002075,0.2315141494489781,0.19012172704962035,0,0
e4a-v1,sv1,braket_sv1,double,20,4,0,88802fd9d289,42,N20_i00_Aheur_s42,Aheur,20.999999999965347,2,2.549594337107866 1.6837739916247021 2.8710969451053501 2.009847999970034,-0.15232144256321223,1.9296468975432697,4845,2023-08-06,2026-08-05,2,arn:aws:braket:us-east-1:000000000000:quantum-task/a910a598-2fd5-43f0-b784-27ab471a850d,109.0,1000,47,969,294948,4,True,-336.03680910593164,-0.03680910648611613,,,0.047,294948,-0.03680910648611613,0.059861903348307224,0.0003436309336838052,33,1,False,False,False,1.2814854607446697,0.2637224369178621,0.2050139817935932,0,0
e4a-v1,sv1,braket_sv1,double,20,4,0,88802fd9d289,42,N20_i00_Aheur_s42,Aheur,20.999999999965347,2,2.549594337107866 1.6837739916247021 2.8710969451053501 2.009847999970034,-0.15232144256321223,1.9296468975432697,4845,2023-08-06,2026-08-05,3,arn:aws:braket:us-east-1:000000000000:quantum-task/ebb7f947-d03d-4649-be20-d2bfe3a893b3,110.0,1000,40,975,8214,4,True,-335.97028628572735,0.029713713718201085,,,0.04,8214,0.029713713718201085,0.09433599303228554,0.0005415258044345145,82,1,False,False,False,1.097710822849333,0.21025606826434903,0.19062950269651352,0,0
e4a-v1,sv1,braket_sv1,double,20,4,0,88802fd9d289,42,N20_i00_Aheur_s42,Aheur,20.999999999965347,2,2.549594337107866 1.6837739916247021 2.8710969451053501 2.009847999970034,-0.15232144256321223,1.9296468975432697,4845,2023-08-06,2026-08-05,4,arn:aws:braket:us-east-1:000000000000:quantum-task/c7b8b094-1f86-4439-b518-1224347e23b9,108.0,1000,46,977,12322,4,True,-335.80742480355326,0.192575195892285,,,0.046,12322,0.192575195892285,0.1787356219910505,0.001026012960362664,406,1,False,False,False,1.105403075456169,0.2500118423040101,0.22526791161789544,0,0
e4a-v1,sv1,braket_sv1,double,20,4,0,88802fd9d289,42,N20_i00_Aheur_s42,Aheur,20.999999999965347,2,2.549594337107866 1.6837739916247021 2.8710969451053501 2.009847999970034,-0.15232144256321223,1.9296468975432697,4845,2023-08-06,2026-08-05,5,arn:aws:braket:us-east-1:000000000000:quantum-task/9f08dc65-3474-4c1b-b7f0-ec462b419f5d,110.0,1000,53,984,102,4,True,-336.06343296864793,-0.06343296920239261,,,0.053,102,-0.06343296920239261,0.04606463155201503,0.0002644291521757472,22,1,False,False,True,1.3695992059528768,0.29411194708698496,0.21401293591073384,0,0
e4a-v1,sv1,braket_sv1,double,20,4,0,88802fd9d289,42,N20_i00_Aheur_s42,Aheur,20.999999999965347,2,2.549594337107866 1.6837739916247021 2.8710969451053501 2.009847999970034,-0.15232144256321223,1.9296468975432697,4845,2023-08-06,2026-08-05,6,arn:aws:braket:us-east-1:000000000000:quantum-task/6535f390-93d0-4dde-95a1-77694c7050cd,112.0,1000,37,982,262242,4,True,-336.11496767698543,-0.11496767753985293,,,0.037,262242,-0.11496767753985293,0.01935782399925927,0.00011112154413547125,9,1,False,False,True,1.4620239244949482,0.32018077860577754,0.2183143334785288,0,0
e4a-v1,sv1,braket_sv1,double,20,4,0,88802fd9d289,42,N20_i00_Aheur_s42,Aheur,20.999999999965347,2,2.549594337107866 1.6837739916247021 2.8710969451053501 2.009847999970034,-0.15232144256321223,1.9296468975432697,4845,2023-08-06,2026-08-05,7,arn:aws:braket:us-east-1:000000000000:quantum-task/5398fc6d-d7d9-4941-be17-5b577f4a528b,109.0,1000,44,979,264210,4,True,-335.8817744824305,0.11822551701505024,,,0.044,264210,0.11822551701505024,0.14020542303501712,0.0008048344227333733,222,1,False,False,False,0.9794372855341286,0.18991458867712277,0.1928807402651612,0,0
e4a-v1,sv1,braket_sv1,double,20,4,0,88802fd9d289,42,N20_i00_Aheur_s42,Aheur,20.999999999965347,2,2.549594337107866 1.6837739916247021 2.8710969451053501 2.009847999970034,-0.15232144256321223,1.9296468975432697,4845,2023-08-06,2026-08-05,8,arn:aws:braket:us-east-1:000000000000:quantum-task/fc9a4754-e1c3-4e36-9d88-bad2c0152b35,108.0,1000,43,969,270356,4,True,-335.9209258381763,0.07907416126927691,,,0.043,270356,0.07907416126927691,0.11991603444500157,0.0006883653304545401,148,1,False,False,False,1.0357296418165725,0.20041801490740832,0.19253867694434992,0,0
e4a-v1,sv1,braket_sv1,double,20,4,0,88802fd9d289,42,N20_i00_Aheur_s42,Aheur,20.999999999965347,2,2.549594337107866 1.6837739916247021 2.8710969451053501 2.009847999970034,-0.15232144256321223,1.9296468975432697,4845,2023-08-06,2026-08-05,9,arn:aws:braket:us-east-1:000000000000:quantum-task/11bf4050-1c27-4fb0-a520-cad9199e973b,107.0,1000,53,973,393250,4,True,-336.09256932465445,-0.09256932520888395,,,0.053,393250,-0.09256932520888395,0.030965311545030183,0.00017775310043377583,12,1,False,False,True,1.31791972028434,0.2609028997228,0.19720692825411718,0,0
e4a-v1,sv1,braket_sv1,double,20,4,0,88802fd9d289,43,N20_i00_Aheur_s43,Aheur,20.999999999965347,2,1.9005516930172133 0.044325096520901372 -0.084808062314613838 2.9987411652124991,-0.15232144256321223,1.9296468975432697,4845,2023-08-06,2026-08-05,0,arn:aws:braket:us-east-1:000000000000:quantum-task/3d6163b6-1a10-49cf-b426-265c4e3dbfa9,251.0,1000,5,995,4122,4,True,-335.963636019087,0.036363980358562586,,,0.005,4122,0.036363980358562586,0.0977823575712218,0.0005613092960725718,89,1,False,False,False,1.1231617570338006,0.22141075623760995,0.19624132931635854,0,0
e4a-v1,sv1,braket_sv1,double,20,4,0,88802fd9d289,43,N20_i00_Aheur_s43,Aheur,20.999999999965347,2,1.9005516930172133 0.044325096520901372 -0.084808062314613838 2.9987411652124991,-0.15232144256321223,1.9296468975432697,4845,2023-08-06,2026-08-05,1,arn:aws:braket:us-east-1:000000000000:quantum-task/2e1cc86b-b499-4af5-8f04-5d8a46154b45,109.0,1000,1,998,83972,4,True,-335.33167343727234,0.6683265621732246,,,0.001,83972,0.6683265621732246,0.42528402775722596,0.002441298043744168,2998,1,False,False,False,0.3926344249640366,0.08539986250889124,0.21495787720758783,0,0
e4a-v1,sv1,braket_sv1,double,20,4,0,88802fd9d289,43,N20_i00_Aheur_s43,Aheur,20.999999999965347,2,1.9005516930172133 0.044325096520901372 -0.084808062314613838 2.9987411652124991,-0.15232144256321223,1.9296468975432697,4845,2023-08-06,2026-08-05,2,arn:aws:braket:us-east-1:000000000000:quantum-task/8840b0c9-68ad-445b-be60-a8e1212c315b,109.0,1000,0,1000,33056,3,False,-314.917228515938,0.08277148354217889,,,0.0,,,,,,,,,,,,,0,0
e4a-v1,sv1,braket_sv1,double,20,4,0,88802fd9d289,43,N20_i00_Aheur_s43,Aheur,20.999999999965347,2,1.9005516930172133 0.044325096520901372 -0.084808062314613838 2.9987411652124991,-0.15232144256321223,1.9296468975432697,4845,2023-08-06,2026-08-05,3,arn:aws:braket:us-east-1:000000000000:quantum-task/9f87dfcd-7337-4504-b6cd-0e301e2a3b0e,109.0,1000,1,998,164928,4,True,-335.24892074369563,0.7510792557499038,,,0.001,164928,0.7510792557499038,0.4681689170507209,0.002687474221322508,3460,1,False,False,False,1.1598121915585515,0.3598983040558493,0.30944519006440435,0,0
e4a-v1,sv1,braket_sv1,double,20,4,0,88802fd9d289,43,N20_i00_Aheur_s43,Aheur,20.999999999965347,2,1.9005516930172133 0.044325096520901372 -0.084808062314613838 2.9987411652124991,-0.15232144256321223,1.9296468975432697,4845,2023-08-06,2026-08-05,4,arn:aws:braket:us-east-1:000000000000:quantum-task/29d34eeb-a33e-4598-b2da-bfdd1a51f4e9,108.0,1000,1,999,81956,4,True,-335.7252230317735,0.2747769676720665,,,0.001,81956,0.2747769676720665,0.22133500734203712,0.001270550232713355,708,1,False,False,False,0.9474987240282057,0.20792837833339703,0.21839436094822337,0,0
e4a-v1,sv1,braket_sv1,double,20,4,0,88802fd9d289,43,N20_i00_Aheur_s43,Aheur,20.999999999965347,2,1.9005516930172133 0.044325096520901372 -0.084808062314613838 2.9987411652124991,-0.15232144256321223,1.9296468975432697,4845,2023-08-06,2026-08-05,5,arn:aws:braket:us-east-1:000000000000:quantum-task/86b89ba9-666b-4daf-8292-f1adc4a03f2b,111.0,1000,3,1000,278816,4,True,-335.7268373765316,0.2731626229139601,,,0.003,278816,0.2731626229139601,0.22049840622078445,0.0012657478123368384,697,1,False,False,False,1.2007462610896604,0.3035891733712635,0.2520009290694506,0,0
e4a-v1,sv1,braket_sv1,double,20,4,0,88802fd9d289,43,N20_i00_Aheur_s43,Aheur,20.999999999965347,2,1.9005516930172133 0.044325096520901372 -0.084808062314613838 2.9987411652124991,-0.15232144256321223,1.9296468975432697,4845,2023-08-06,2026-08-05,6,arn:aws:braket:us-east-1:000000000000:quantum-task/1e3d65c5-915f-4d9b-849e-529011204245,109.0,1000,4,997,73986,4,True,-335.34170639129314,0.6582936081524121,,,0.004,73986,0.6582936081524121,0.42008465473536066,0.0024114515920588917,2931,1,False,False,False,0.3779791281975535,0.08120825254087352,0.21220286136792213,0,0
e4a-v1,sv1,braket_sv1,double,20,4,0,88802fd9d289,43,N20_i00_Aheur_s43,Aheur,20.999999999965347,2,1.9005516930172133 0.044325096520901372 -0.084808062314613838 2.9987411652124991,-0.15232144256321223,1.9296468975432697,4845,2023-08-06,2026-08-05,7,arn:aws:braket:us-east-1:000000000000:quantum-task/ce042ca9-2a83-4389-b502-523a6a7b3fb8,109.0,1000,2,1000,37380,4,True,-335.46478699710957,0.5352130023359926,,,0.002,37380,0.5352130023359926,0.3563006505358775,0.0020453062526828766,2143,1,False,False,False,0.8007437939585595,0.19346977370368898,0.2403637407568216,0,0
e4a-v1,sv1,braket_sv1,double,20,4,0,88802fd9d289,43,N20_i00_Aheur_s43,Aheur,20.999999999965347,2,1.9005516930172133 0.044325096520901372 -0.084808062314613838 2.9987411652124991,-0.15232144256321223,1.9296468975432697,4845,2023-08-06,2026-08-05,8,arn:aws:braket:us-east-1:000000000000:quantum-task/30951b2c-8841-4e2a-9b2b-d5fda2e9b507,109.0,1000,4,999,165890,4,True,-335.6229968833397,0.377003116105864,,,0.004,165890,0.377003116105864,0.2743116159453763,0.0015746568591238853,1213,1,False,False,False,0.9120211805608294,0.21125364492075654,0.23053592329014247,0,0
e4a-v1,sv1,braket_sv1,double,20,4,0,88802fd9d289,43,N20_i00_Aheur_s43,Aheur,20.999999999965347,2,1.9005516930172133 0.044325096520901372 -0.084808062314613838 2.9987411652124991,-0.15232144256321223,1.9296468975432697,4845,2023-08-06,2026-08-05,9,arn:aws:braket:us-east-1:000000000000:quantum-task/90d388a8-c7bb-47df-9e37-be8297329d9f,110.0,1000,7,999,263188,4,True,-335.9187870638828,0.08121293556276932,,,0.007,263188,0.08121293556276932,0.1210244104365964,0.0006947278457699709,150,1,False,False,False,1.0866463738901877,0.21905969845877854,0.2006721815839003,0,0
e4a-v1,sv1,braket_sv1,double,20,4,1,9f06c1dc6e9a,42,N20_i01_Aheur_s42,Aheur,20.99999999997685,2,2.5470571607990928 1.6819246629326174 2.8710914090557091 2.0099534611414791,-0.05194130964678845,1.6573123108875516,4845,2023-08-06,2026-08-05,0,arn:aws:braket:us-east-1:000000000000:quantum-task/97c9522e-fa6f-4235-9602-795716823995,110.0,1000,42,973,720898,4,True,-335.78745722043436,0.21254277919524578,,,0.042,720898,0.21254277919524578,0.15958614867248122,0.0007870333610083906,64,1,False,False,False,1.0682793520524074,0.20023590474406666,0.18650169018177615,0,0
e4a-v1,sv1,braket_sv1,double,20,4,1,9f06c1dc6e9a,42,N20_i01_Aheur_s42,Aheur,20.99999999997685,2,2.5470571607990928 1.6819246629326174 2.8710914090557091 2.0099534611414791,-0.05194130964678845,1.6573123108875516,4845,2023-08-06,2026-08-05,1,arn:aws:braket:us-east-1:000000000000:quantum-task/91341e13-8ec1-4909-92ae-a09dc6d9524f,109.0,1000,39,974,655363,4,True,-335.9402142525117,0.05978574711795137,,,0.039,655363,0.05978574711795137,0.06741460618542433,0.0003324696067204528,3,1,False,False,False,1.12845857318547,0.17592111914934044,0.15500889736303236,0,0
e4a-v1,sv1,braket_sv1,double,20,4,1,9f06c1dc6e9a,42,N20_i01_Aheur_s42,Aheur,20.99999999997685,2,2.5470571607990928 1.6819246629326174 2.8710914090557091 2.0099534611414791,-0.05194130964678845,1.6573123108875516,4845,2023-08-06,2026-08-05,2,arn:aws:braket:us-east-1:000000000000:quantum-task/833d6445-6fae-4386-8e57-40bdd3dfceb0,122.0,1000,50,972,131091,4,True,-335.70513878753087,0.2948612120987561,,,0.05,131091,0.2948612120987561,0.2092559860125694,0.0010319908297341872,177,1,False,False,False,0.7265394683011609,0.12761125141187488,0.17426617126241614,0,0
e4a-v1,sv1,braket_sv1,double,20,4,1,9f06c1dc6e9a,42,N20_i01_Aheur_s42,Aheur,20.99999999997685,2,2.5470571607990928 1.6819246629326174 2.8710914090557091 2.0099534611414791,-0.05194130964678845,1.6573123108875516,4845,2023-08-06,2026-08-05,3,arn:aws:braket:us-east-1:000000000000:quantum-task/3323acda-5c24-4897-af49-a09f21d9c9d4,109.0,1000,50,975,663584,4,True,-335.78617022785033,0.21382977177927848,,,0.05,663584,0.21382977177927848,0.1603627027206096,0.0007908631040505481,65,1,False,False,False,1.111851803887277,0.2130585818075788,0.19072558147243696,0,0
e4a-v1,sv1,braket_sv1,double,20,4,1,9f06c1dc6e9a,42,N20_i01_Aheur_s42,Aheur,20.99999999997685,2,2.5470571607990928 1.6819246629326174 2.8710914090557091 2.0099534611414791,-0.05194130964678845,1.6573123108875516,4845,2023-08-06,2026-08-05,4,arn:aws:braket:us-east-1:000000000000:quantum-task/f527c729-982a-4ceb-b4f7-8a1d627f0c18,110.0,1000,55,971,524803,4,True,-335.92786206266834,0.07213793696128801,,,0.055,524803,0.07213793696128801,0.07486775171640851,0.0003692263943623032,4,1,False,False,False,1.6621658184778738,0.3595582536188827,0.2157174992006706,0,0
e4a-v1,sv1,braket_sv1,double,20,4,1,9f06c1dc6e9a,42,N20_i01_Aheur_s42,Aheur,20.99999999997685,2,2.5470571607990928 1.6819246629326174 2.8710914090557091 2.0099534611414791,-0.05194130964678845,1.6573123108875516,4845,2023-08-06,2026-08-05,5,arn:aws:braket:us-east-1:000000000000:quantum-task/8aa20c48-469a-436e-beed-41716ab1b649,110.0,1000,42,970,655369,4,True,-335.9016952134306,0.09830478619898764,,,0.042,655369,0.09830478619898764,0.09065647727271982,0.0004470918848449714,10,1,False,False,False,1.2747010019353557,0.23107752878920293,0.18049529139765352,0,0
e4a-v1,sv1,braket_sv1,double,20,4,1,9f06c1dc6e9a,42,N20_i01_Aheur_s42,Aheur,20.99999999997685,2,2.5470571607990928 1.6819246629326174 2.8710914090557091 2.0099534611414791,-0.05194130964678845,1.6573123108875516,4845,2023-08-06,2026-08-05,6,arn:aws:braket:us-east-1:000000000000:quantum-task/8912c2c8-2356-4a27-b51e-546b435bed85,109.0,1000,41,972,534529,4,True,-335.8058622083386,0.1941377912909752,,,0.041,534529,0.1941377912909752,0.1484808260465882,0.0007322650777704966,50,1,False,False,False,1.37933944117474,0.2933666394015234,0.21196134227302596,0,0
e4a-v1,sv1,braket_sv1,double,20,4,1,9f06c1dc6e9a,42,N20_i01_Aheur_s42,Aheur,20.99999999997685,2,2.5470571607990928 1.6819246629326174 2.8710914090557091 2.0099534611414791,-0.05194130964678845,1.6573123108875516,4845,2023-08-06,2026-08-05,7,arn:aws:braket:us-east-1:000000000000:quantum-task/19c077e4-a348-4e47-a280-0228a5ae2a9b,117.0,1000,40,975,655876,4,True,-335.78288785819984,0.21711214142976032,,,0.04,655876,0.21711214142976032,0.1623432405039342,0.0008006305514210157,67,1,False,False,False,1.6201646934336593,0.3898357641956104,0.23999767787282175,0,0
e4a-v1,sv1,braket_sv1,double,20,4,1,9f06c1dc6e9a,42,N20_i01_Aheur_s42,Aheur,20.99999999997685,2,2.5470571607990928 1.6819246629326174 2.8710914090557091 2.0099534611414791,-0.05194130964678845,1.6573123108875516,4845,2023-08-06,2026-08-05,8,arn:aws:braket:us-east-1:000000000000:quantum-task/da1b8117-8a6c-4c7f-832f-120ce7b8bd15,110.0,1000,43,981,131587,4,True,-335.86444565430367,0.13555434532596322,,,0.043,131587,0.13555434532596322,0.11313236119771587,0.0005579365327938846,17,1,False,False,False,1.4601253701538461,0.304706184033281,0.20800007330965078,0,0
e4a-v1,sv1,braket_sv1,double,20,4,1,9f06c1dc6e9a,42,N20_i01_Aheur_s42,Aheur,20.99999999997685,2,2.5470571607990928 1.6819246629326174 2.8710914090557091 2.0099534611414791,-0.05194130964678845,1.6573123108875516,4845,2023-08-06,2026-08-05,9,arn:aws:braket:us-east-1:000000000000:quantum-task/2cb4d81c-08a0-487d-ab9f-a3344c4073d8,110.0,1000,52,972,786561,4,True,-335.64751420231465,0.3524857973149623,,,0.052,786561,0.3524857973149623,0.24402588715772297,0.0012034660635676766,294,1,False,False,False,0.9966790494015443,0.20723391787730622,0.20692109260362132,0,0
e4a-v1,sv1,braket_sv1,double,20,4,1,9f06c1dc6e9a,43,N20_i01_Aheur_s43,Aheur,20.99999999997685,2,1.8982487231981187 0.044053902645595028 -0.084632481284101183 2.9987718758133686,-0.05194130964678845,1.6573123108875516,4845,2023-08-06,2026-08-05,0,arn:aws:braket:us-east-1:000000000000:quantum-task/6d0e22ff-2b74-4a7c-afb0-525bc5eeb94f,112.0,1000,4,999,132624,4,True,-335.3868205171569,0.6131794824727324,,,0.004,132624,0.6131794824727324,0.401324957130937,0.0019792202048533763,1622,1,False,False,False,1.2386638996169312,0.33097313901338365,0.2663944102314042,0,0
e4a-v1,sv1,braket_sv1,double,20,4,1,9f06c1dc6e9a,43,N20_i01_Aheur_s43,Aheur,20.99999999997685,2,1.8982487231981187 0.044053902645595028 -0.084632481284101183 2.9987718758133686,-0.05194130964678845,1.6573123108875516,4845,2023-08-06,2026-08-05,1,arn:aws:braket:us-east-1:000000000000:quantum-task/95c956d7-362a-447b-b10a-c77e0214c7e2,110.0,1000,6,1000,591876,4,True,-335.6033286394133,0.39667136021634164,,,0.006,591876,0.39667136021634164,0.2706868626486468,0.0013349503892621808,423,1,False,False,False,1.3379642239263938,0.32694445463115557,0.24361223476860838,0,0
e4a-v1,sv1,braket_sv1,double,20,4,1,9f06c1dc6e9a,43,N20_i01_Aheur_s43,Aheur,20.99999999997685,2,1.8982487231981187 0.044053902645595028 -0.084632481284101183 2.9987718758133686,-0.05194130964678845,1.6573123108875516,4845,2023-08-06,2026-08-05,2,arn:aws:braket:us-east-1:000000000000:quantum-task/17b363af-63fc-4195-aa3c-8e01211d17ed,252.0,1000,2,999,139784,4,True,-335.47478871642426,0.5252112832053369,,,0.002,139784,0.5252112832053369,0.3482461266114888,0.001717450554231313,1026,1,False,False,False,1.3648816012920777,0.3626672203083575,0.26498065470732546,0,0
e4a-v1,sv1,braket_sv1,double,20,4,1,9f06c1dc6e9a,43,N20_i01_Aheur_s43,Aheur,20.99999999997685,2,1.8982487231981187 0.044053902645595028 -0.084632481284101183 2.9987718758133686,-0.05194130964678845,1.6573123108875516,4845,2023-08-06,2026-08-05,3,arn:aws:braket:us-east-1:000000000000:quantum-task/9ae78b2d-7cbf-4e58-b4a5-79d61e59cd9f,108.0,1000,2,998,282,4,True,-335.3023530548947,0.6976469447349307,,,0.002,282,0.6976469447349307,0.4522914899366717,0.002230572605714709,2236,1,False,False,False,0.70154694064541,0.1666285827387664,0.23609052102257222,0,0
e4a-v1,sv1,braket_sv1,double,20,4,1,9f06c1dc6e9a,43,N20_i01_Aheur_s43,Aheur,20.99999999997685,2,1.8982487231981187 0.044053902645595028 -0.084632481284101183 2.9987718758133686,-0.05194130964678845,1.6573123108875516,4845,2023-08-06,2026-08-05,4,arn:aws:braket:us-east-1:000000000000:quantum-task/02bd8659-24fe-4526-9012-dd7a4dc52a8d,111.0,1000,3,999,393249,4,True,-335.7137313302123,0.2862686694173459,,,0.003,393249,0.2862686694173459,0.20407136110816101,0.0010064217386944712,165,1,False,False,False,0.8976375654032042,0.1684206500044704,0.18651252627698103,0,0
e4a-v1,sv1,braket_sv1,double,20,4,1,9f06c1dc6e9a,43,N20_i01_Aheur_s43,Aheur,20.99999999997685,2,1.8982487231981187 0.044053902645595028 -0.084632481284101183 2.9987718758133686,-0.05194130964678845,1.6573123108875516,4845,2023-08-06,2026-08-05,5,arn:aws:braket:us-east-1:000000000000:quantum-task/08c35d54-a55e-4303-888d-dc74ab02624c,107.0,1000,2,998,131094,4,True,-335.5225814880368,0.47741851159281856,,,0.002,131094,0.47741851159281856,0.31940860980880265,0.001575232147676912,750,1,False,False,False,0.6832349847097572,0.1396789076819948,0.2029739559383168,0,0
e4a-v1,sv1,braket_sv1,double,20,4,1,9f06c1dc6e9a,43,N20_i01_Aheur_s43,Aheur,20.99999999997685,2,1.8982487231981187 0.044053902645595028 -0.084632481284101183 2.9987718758133686,-0.05194130964678845,1.6573123108875516,4845,2023-08-06,2026-08-05,6,arn:aws:braket:us-east-1:000000000000:quantum-task/4c344206-26d2-4814-b1a3-7a22a8591c53,108.0,1000,7,998,131587,4,True,-335.86444565430367,0.13555434532596322,,,0.007,131587,0.13555434532596322,0.11313236119771587,0.0005579365327938846,17,1,False,False,False,1.4601253701538461,0.304706184033281,0.20800007330965078,0,0
e4a-v1,sv1,braket_sv1,double,20,4,1,9f06c1dc6e9a,43,N20_i01_Aheur_s43,Aheur,20.99999999997685,2,1.8982487231981187 0.044053902645595028 -0.084632481284101183 2.9987718758133686,-0.05194130964678845,1.6573123108875516,4845,2023-08-06,2026-08-05,7,arn:aws:braket:us-east-1:000000000000:quantum-task/7193e001-c7c4-41ee-9d3b-66375580ca57,108.0,1000,6,998,598048,4,True,-335.6758994677971,0.3241005318325135,,,0.006,598048,0.3241005318325135,0.22689859902019177,0.001118999164278661,236,1,False,False,False,1.1465075663268265,0.24721142075924576,0.21474905878559206,0,0
e4a-v1,sv1,braket_sv1,double,20,4,1,9f06c1dc6e9a,43,N20_i01_Aheur_s43,Aheur,20.99999999997685,2,1.8982487231981187 0.044053902645595028 -0.084632481284101183 2.9987718758133686,-0.05194130964678845,1.6573123108875516,4845,2023-08-06,2026-08-05,8,arn:aws:braket:us-east-1:000000000000:quantum-task/914ea0cf-9f5b-4f32-ad91-252ceac4fcd2,112.0,1000,3,998,655520,4,True,-335.67709470760525,0.3229052920243867,,,0.003,655520,0.3229052920243867,0.22617740736532094,0.0011154424527671308,232,1,False,False,False,0.9914163010413958,0.20050008181907478,0.2012273568727057,0,0
e4a-v1,sv1,braket_sv1,double,20,4,1,9f06c1dc6e9a,43,N20_i01_Aheur_s43,Aheur,20.99999999997685,2,1.8982487231981187 0.044053902645595028 -0.084632481284101183 2.9987718758133686,-0.05194130964678845,1.6573123108875516,4845,2023-08-06,2026-08-05,9,arn:aws:braket:us-east-1:000000000000:quantum-task/afcce576-ac9d-444c-945e-01411f247b14,111.0,1000,2,998,143392,4,True,-335.4746574089574,0.5253425906721902,,,0.002,143392,0.5253425906721902,0.3483253557742668,0.0017178412898608759,1028,1,False,False,False,0.9081370151666858,0.2075939400621025,0.2274920376681076,0,0
