n_assets,n_select,feasible_set_size,band_kind,band_pct,n_within,frac_within,sharpe_optimum,sharpe_min,sharpe_p25,sharpe_median,sharpe_p75,sharpe_max,sharpe_spread_pct
8,2,28,reported_gap,0.01,1,0.03571428571428571,1.3218756853432454,1.3218756853432454,1.3218756853432454,1.3218756853432454,1.3218756853432454,1.3218756853432454,0.0
8,2,28,reported_gap,0.05,1,0.03571428571428571,1.3218756853432454,1.3218756853432454,1.3218756853432454,1.3218756853432454,1.3218756853432454,1.3218756853432454,0.0
8,2,28,reported_gap,0.1,1,0.03571428571428571,1.3218756853432454,1.3218756853432454,1.3218756853432454,1.3218756853432454,1.3218756853432454,1.3218756853432454,0.0
8,2,28,reported_gap,0.2,1,0.03571428571428571,1.3218756853432454,1.3218756853432454,1.3218756853432454,1.3218756853432454,1.3218756853432454,1.3218756853432454,0.0
8,2,28,reported_gap,0.5,6,0.21428571428571427,1.3218756853432454,1.0888691884859187,1.1119215039131025,1.1147200177120968,1.2707298173980077,1.337964475552203,18.844078140494954
8,2,28,reported_gap,1.0,14,0.5,1.3218756853432454,0.5934165427383538,0.8069253084760917,1.0734683681972006,1.1160061156371954,1.337964475552203,56.32510992291352
8,2,28,objective_range,1.0,1,0.03571428571428571,1.3218756853432454,1.3218756853432454,1.3218756853432454,1.3218756853432454,1.3218756853432454,1.3218756853432454,0.0
8,2,28,objective_range,5.0,1,0.03571428571428571,1.3218756853432454,1.3218756853432454,1.3218756853432454,1.3218756853432454,1.3218756853432454,1.3218756853432454,0.0
8,2,28,objective_range,10.0,1,0.03571428571428571,1.3218756853432454,1.3218756853432454,1.3218756853432454,1.3218756853432454,1.3218756853432454,1.3218756853432454,0.0
12,2,66,reported_gap,0.01,1,0.015151515151515152,1.3218756853432454,1.3218756853432454,1.3218756853432454,1.3218756853432454,1.3218756853432454,1.3218756853432454,0.0
12,2,66,reported_gap,0.05,1,0.015151515151515152,1.3218756853432454,1.3218756853432454,1.3218756853432454,1.3218756853432454,1.3218756853432454,1.3218756853432454,0.0
12,2,66,reported_gap,0.1,1,0.015151515151515152,1.3218756853432454,1.3218756853432454,1.3218756853432454,1.3218756853432454,1.3218756853432454,1.3218756853432454,0.0
12,2,66,reported_gap,0.2,3,0.045454545454545456,1.3218756853432454,1.1763543666609393,1.2491150260020922,1.3218756853432454,1.3299200804477243,1.337964475552203,12.225817501840142
12,2,66,reported_gap,0.5,17,0.25757575757575757,1.3218756853432454,0.5035007349313614,0.9457624618428806,1.0725490001906428,1.1172922135622942,1.337964475552203,63.127247885201875
12,2,66,reported_gap,1.0,54,0.8181818181818182,1.3218756853432454,0.029981830824332346,0.5471997226031114,0.6856398731035467,0.941571711250762,1.337964475552203,98.9489903801531
12,2,66,objective_range,1.0,1,0.015151515151515152,1.3218756853432454,1.3218756853432454,1.3218756853432454,1.3218756853432454,1.3218756853432454,1.3218756853432454,0.0
12,2,66,objective_range,5.0,1,0.015151515151515152,1.3218756853432454,1.3218756853432454,1.3218756853432454,1.3218756853432454,1.3218756853432454,1.3218756853432454,0.0
12,2,66,objective_range,10.0,2,0.030303030303030304,1.3218756853432454,1.1763543666609393,1.2127346963315158,1.2491150260020922,1.285495355672669,1.3218756853432454,11.008699251814988
16,3,560,reported_gap,0.01,3,0.005357142857142857,1.3851408274006345,1.3767808907629735,1.3809608590818039,1.3851408274006345,1.4479061116334937,1.5106713958663527,9.66620162042578
16,3,560,reported_gap,0.05,11,0.019642857142857142,1.3851408274006345,1.2268098002868673,1.3302141324744703,1.4547087673515529,1.469849013859621,1.5106713958663527,20.493338291975856
16,3,560,reported_gap,0.1,30,0.05357142857142857,1.3851408274006345,1.1488135639294699,1.2382599186266534,1.3467513975124128,1.410797490445277,1.5106713958663527,26.124262947035348
16,3,560,reported_gap,0.2,101,0.18035714285714285,1.3851408274006345,0.7156979525285636,1.0582132605077594,1.197342088628886,1.3120216431519784,1.5106713958663527,57.392968831165135
16,3,560,reported_gap,0.5,452,0.8071428571428572,1.3851408274006345,0.2627697644061146,0.8241038468520249,0.995860658357596,1.1722963369921893,1.5106713958663527,90.09204022973314
16,3,560,reported_gap,1.0,560,1.0,1.3851408274006345,0.20145055180680912,0.7574236724403818,0.9561529207261104,1.1376423174041874,1.5106713958663527,94.51897006865629
16,3,560,objective_range,1.0,3,0.005357142857142857,1.3851408274006345,1.3767808907629735,1.3809608590818039,1.3851408274006345,1.4479061116334937,1.5106713958663527,9.66620162042578
16,3,560,objective_range,5.0,7,0.0125,1.3851408274006345,1.3767808907629735,1.4199247973760936,1.4578597337788783,1.4864727935592241,1.5106713958663527,9.66620162042578
16,3,560,objective_range,10.0,21,0.0375,1.3851408274006345,1.1488135639294699,1.2501689550565789,1.3851408274006345,1.4577015575052377,1.5106713958663527,26.124262947035348
20,4,4845,reported_gap,0.01,7,0.0014447884416924665,1.4732051545372367,1.2035613075431264,1.4344883605804037,1.4638129909258695,1.4656983595333062,1.4732051545372367,18.303210938656456
20,4,4845,reported_gap,0.05,73,0.015067079463364294,1.4732051545372367,1.0493862626862653,1.2035613075431264,1.3060336108765715,1.3720641006120384,1.539044658265469,33.23762437778161
20,4,4845,reported_gap,0.1,368,0.07595459236326109,1.4732051545372367,0.6342504955361136,1.0786836505975683,1.193352839989602,1.314377526905315,1.539044658265469,61.41671171477604
20,4,4845,reported_gap,0.2,2058,0.4247678018575851,1.4732051545372367,0.10469043283947595,0.8498820653501958,1.0154496798956023,1.164831901462094,1.539044658265469,97.36282967843353
20,4,4845,reported_gap,0.5,4836,0.9981424148606811,1.4732051545372367,-0.09368478089806719,0.7066165929971996,0.9118537305994164,1.0899614003222784,1.539044658265469,110.8283821934094
20,4,4845,reported_gap,1.0,4845,1.0,1.4732051545372367,-0.09368478089806719,0.707151474241539,0.9123962037531105,1.090063910064199,1.539044658265469,110.8283821934094
20,4,4845,objective_range,1.0,4,0.000825593395252838,1.4732051545372367,1.4360383792399114,1.4569201251791446,1.4656983595333062,1.4689382975651017,1.4732051545372367,2.5228512935118053
20,4,4845,objective_range,5.0,24,0.004953560371517028,1.4732051545372367,1.173115982837503,1.2443386705317794,1.3565005818430447,1.4425347655536707,1.498506609477795,22.087258223210853
20,4,4845,objective_range,10.0,94,0.01940144478844169,1.4732051545372367,0.9909181364722017,1.1757598305406027,1.2814209978454079,1.369007015234355,1.539044658265469,37.2063945136986
24,4,10626,reported_gap,0.01,9,0.0008469791078486731,1.4732051545372367,1.1972622147545158,1.432938341920896,1.4620239244949482,1.4638807071588888,1.4732051545372367,18.73078837206486
24,4,10626,reported_gap,0.05,128,0.01204592508940335,1.4732051545372367,0.9909181364722017,1.1549819067604994,1.274867383954832,1.3557007865787551,1.539044658265469,37.2063945136986
24,4,10626,reported_gap,0.1,998,0.09392057218144174,1.4732051545372367,0.5387211899067439,1.016432977608092,1.1330159140849796,1.2596768761246564,1.539044658265469,67.90116537930163
24,4,10626,reported_gap,0.2,6069,0.5711462450592886,1.4732051545372367,0.027749579229096776,0.7597177020852269,0.9428165673239051,1.1082392545886564,1.539044658265469,102.58551393075328
24,4,10626,reported_gap,0.5,10626,1.0,1.4732051545372367,-0.15394380337031002,0.6561618944633745,0.8626746852716544,1.042603933230319,1.539044658265469,114.91871695002185
24,4,10626,reported_gap,1.0,10626,1.0,1.4732051545372367,-0.15394380337031002,0.6561618944633745,0.8626746852716544,1.042603933230319,1.539044658265469,114.91871695002185
24,4,10626,objective_range,1.0,4,0.0003764351590438547,1.4732051545372367,1.4360383792399114,1.4569201251791446,1.4656983595333062,1.4689382975651017,1.4732051545372367,2.5228512935118053
24,4,10626,objective_range,5.0,25,0.002352719744024092,1.4732051545372367,1.173115982837503,1.2458423085081447,1.3611358083987704,1.4360383792399114,1.498506609477795,22.087258223210853
24,4,10626,objective_range,10.0,119,0.011198945981554678,1.4732051545372367,0.9909181364722017,1.1584186960367906,1.2814854607446697,1.361181561965004,1.539044658265469,37.2063945136986
28,5,98280,reported_gap,0.01,19,0.00019332519332519333,1.6658055803404568,1.3943424463041738,1.4437219575337457,1.5892913541114013,1.618580508846512,1.6658055803404568,16.29620750704902
28,5,98280,reported_gap,0.05,1101,0.011202686202686203,1.6658055803404568,0.8949175729368646,1.2487583064327152,1.3466754056567947,1.4454126670730179,1.7066841187185204,48.73116979328088
28,5,98280,reported_gap,0.1,13737,0.13977411477411478,1.6658055803404568,0.4278127041337695,1.0151484736739838,1.154873895146166,1.2851700926606269,1.7066841187185204,76.77194924052156
28,5,98280,reported_gap,0.2,79377,0.8076617826617827,1.6658055803404568,-0.05835036911907255,0.7956747229581012,0.9733867054557986,1.1361530843988288,1.7066841187185204,105.9568120474693
28,5,98280,reported_gap,0.5,98280,1.0,1.6658055803404568,-0.05835036911907255,0.7732475870151538,0.9544601960916332,1.1180652675088487,1.7066841187185204,105.9568120474693
28,5,98280,reported_gap,1.0,98280,1.0,1.6658055803404568,-0.05835036911907255,0.7732475870151538,0.9544601960916332,1.1180652675088487,1.7066841187185204,105.9568120474693
28,5,98280,objective_range,1.0,4,4.07000407000407e-05,1.6658055803404568,1.4220746632271843,1.4718200843729892,1.54900697870505,1.6236604445764962,1.6658055803404568,14.631414373306326
28,5,98280,objective_range,5.0,75,0.0007631257631257631,1.6658055803404568,1.287427073098953,1.4070917217185368,1.4884018914215906,1.5679979428552109,1.6658055803404568,22.714445893750153
28,5,98280,objective_range,10.0,579,0.005891330891330891,1.6658055803404568,0.9778495271854393,1.3036796067150052,1.3833032186159095,1.487460881088086,1.7066841187185204,43.75268039287767
30,6,593775,reported_gap,0.01,22,3.705107153383016e-05,1.552609162714545,1.2666277901164604,1.3670338122602734,1.4850892033109493,1.5264167781868967,1.5695493157900764,19.510481642655975
30,6,593775,reported_gap,0.05,8649,0.014566123531640773,1.552609162714545,0.6822129305813089,1.1407794753577027,1.2512166514001037,1.3587751345465695,1.695433411052373,65.25921041838845
30,6,593775,reported_gap,0.1,146484,0.24669950738916255,1.552609162714545,0.17160055271088737,0.9236121182147393,1.0689632588280746,1.2046176678069143,1.695433411052373,98.14658414595804
30,6,593775,reported_gap,0.2,562148,0.9467357163908888,1.552609162714545,0.019375997077534148,0.8110838864432931,0.9719700074361711,1.1200412016693744,1.695433411052373,107.95101911188387
30,6,593775,reported_gap,0.5,593775,1.0,1.552609162714545,0.019375997077534148,0.8121075530625622,0.9719009029205273,1.118524663000152,1.695433411052373,107.95101911188387
30,6,593775,reported_gap,1.0,593775,1.0,1.552609162714545,0.019375997077534148,0.8121075530625622,0.9719009029205273,1.118524663000152,1.695433411052373,107.95101911188387
30,6,593775,objective_range,1.0,5,8.42069807587049e-06,1.552609162714545,1.3606101128707335,1.4916331335473867,1.5354309528316288,1.5372831520274428,1.552609162714545,12.3662190366135
30,6,593775,objective_range,5.0,154,0.00025935750073681106,1.552609162714545,1.1509272858625315,1.3283266888034715,1.419334892063928,1.50876334725333,1.6730141890226615,33.62642161967702
30,6,593775,objective_range,10.0,2099,0.0035350090522504314,1.552609162714545,0.8647063614493814,1.2279793800021315,1.319454049820874,1.4208022444674988,1.6865507114370286,52.933112191013606
