spec_version,run_id,n_assets,n_select,instance,instance_digest,penalty_label,penalty,a_crit,a_over_crit,a_margin,a_heur,qaoa_seed,backend,precision,p_layers,steps,optimizer,f_star,delta_F,feasible_set_size,data_start,data_end,status,error,shots,feasible_shots,distinct_shots,best_all_index,best_all_cardinality,best_all_feasible,best_all_E,best_all_f,energy_no_offset_solver,best_shot_scorer_agrees,feasible_shot_fraction,best_feasible_index,f_best_feasible,g_F,g_off,rank_best_feasible,rank_ties,is_optimal,within_tau_main,within_tau_alt,sharpe_best_feasible,return_best_feasible,volatility_best_feasible,shots_within_tau_main,shots_optimal,sharpe_optimum,deflation_D,abs_E_star,final_probs_sum,final_P_F,final_P_opt,final_P_tau_main,final_P_tau_alt,final_expected_f,final_expected_violation,final_Q_tau_main_10,final_Q_opt_10,final_Q_tau_main_100,final_Q_opt_100,final_Q_tau_main_1000,final_Q_opt_1000,final_Q_tau_main_10000,final_Q_opt_10000,initial_probs_sum,initial_P_F,initial_P_opt,initial_P_tau_main,initial_P_tau_alt,initial_expected_f,initial_expected_violation,initial_Q_tau_main_10,initial_Q_opt_10,initial_Q_tau_main_100,initial_Q_opt_100,initial_Q_tau_main_1000,initial_Q_opt_1000,initial_Q_tau_main_10000,initial_Q_opt_10000,hamiltonian_scale,final_expectation,expectation_at_final_angles,best_expectation,best_expectation_step,initial_angles,final_angles,optimisation_seconds,sampling_seconds,state_seconds,runtime_s,evaluation_seconds
e1-v1,N12_i00_1.1xAcrit_s42,12,2,0,941157873a8b,1.1xAcrit,0.01178830224062556,0.01071663840056869,1.1,0.19822334062316602,12.999999999979208,42,lightning_gpu,single,2,50,adam_0.1,-0.25261168083239516,0.6490147388383165,66,2023-08-06,2026-08-05,ok,,1000,174,81,1028,2,True,-0.2997648897948974,-0.25261168083239516,-0.29976488979489746,True,0.174,1028,-0.25261168083239516,0.0,0.0,1,1,True,True,True,1.3218756853432454,0.3043831643149789,0.229509603420991,16,16,1.3218756853432454,0.4618768601949659,0.2997648897948974,1.000000912521779,0.1836296192068403,0.016348708420991898,0.016348708420991898,0.016348708420991898,-0.007545340878201772,1.9373427016389153,0.1519691228621185,0.1519691228621185,0.807639164918525,0.807639164918525,0.9999999306308237,0.9999999306308237,1.0,1.0,0.9999989622488386,0.08681691013134696,0.007157567888498306,0.007157567888498306,0.007157567888498306,1.6394661405714483,14.196884191120787,0.06931374994552575,0.06931374994552575,0.5124344893111206,0.5124344893111206,0.9992408462005106,0.9992408462005106,1.0,1.0,0.6010902040415026,-4.153258800506592,-4.15539026260376,-4.153258800506592,49,2.4314546363447995 1.3787772821439981 2.6973649175810768 2.1908462769412909,0.40246418442051696 0.56126321787628519 2.2322641275105881 1.2119871221387044,10.134690561331809,0.032978449016809464,0.08534055575728416,10.167669010348618,0.0012562964111566544
e1-v1,N12_i00_2xAcrit_s42,12,2,0,941157873a8b,2xAcrit,0.02143327680113738,0.01071663840056869,2.0,0.19822334062316602,12.999999999979208,42,lightning_gpu,single,2,50,adam_0.1,-0.25261168083239516,0.6490147388383165,66,2023-08-06,2026-08-05,ok,,1000,181,91,1028,2,True,-0.3383447880369447,-0.25261168083239516,-0.3383447880369448,True,0.181,1028,-0.25261168083239516,0.0,0.0,1,1,True,True,True,1.3218756853432454,0.3043831643149789,0.229509603420991,15,15,1.3218756853432454,0.5213206538923203,0.3383447880369447,0.9999993144230138,0.19803815014165593,0.015203593298792839,0.015203593298792839,0.015203593298792839,-0.0005412983264018382,1.8676108671178593,0.142044914515845,0.142044914515845,0.7839045969124471,0.7839045969124471,0.9999997779476958,0.9999997779476958,1.0,1.0,0.9999986496393274,0.09732927773166011,0.004389485344290733,0.004389485344290733,0.004389485344290733,1.6491882587490712,13.615162147844696,0.04303788369231032,0.04303788369231032,0.3559086673066799,0.3559086673066799,0.9877121882167277,0.9877121882167277,1.0,1.0,0.6396701022835498,-4.153570652008057,-4.153420925140381,-4.153570652008057,49,2.4314546363447995 1.3787772821439981 2.6973649175810768 2.1908462769412909,0.38355237209734083 0.57167148599239592 2.1850758175750817 1.2282628436727985,10.153404672630131,0.028462015092372894,0.07608953583985567,10.181866687722504,0.0011127032339572906
e1-v1,N12_i00_5xAcrit_s42,12,2,0,941157873a8b,5xAcrit,0.05358319200284345,0.01071663840056869,5.0,0.19822334062316602,12.999999999979208,42,lightning_gpu,single,2,50,adam_0.1,-0.25261168083239516,0.6490147388383165,66,2023-08-06,2026-08-05,ok,,1000,201,115,1028,2,True,-0.46694444884376896,-0.25261168083239516,-0.46694444884376907,True,0.201,1028,-0.25261168083239516,0.0,0.0,1,1,True,True,True,1.3218756853432454,0.3043831643149789,0.229509603420991,9,9,1.3218756853432454,0.719466632883502,0.46694444884376896,0.999998755484437,0.21972652591648512,0.011275550350546837,0.011275550350546837,0.011275550350546837,0.014732879656319777,1.6954937646284365,0.10720296910101312,0.10720296910101312,0.6782434674949283,0.6782434674949283,0.9999881074843973,0.9999881074843973,1.0,1.0,0.9999987737398524,0.1262321222166065,0.003006288316100836,0.003006288316100836,0.003006288316100836,1.6566287975982026,12.224873472413305,0.029659426861767813,0.029659426861767813,0.2599826357084468,0.2599826357084468,0.9507485405353794,0.9507485405353794,0.9999999999999161,0.9999999999999161,0.7682697630903741,-4.16677713394165,-4.167248249053955,-4.167845249176025,47,2.4314546363447995 1.3787772821439981 2.6973649175810768 2.1908462769412909,0.36771210825892359 0.65892167835115434 2.091091436550248 1.2797155145217016,10.048196244053543,0.028320063836872578,0.07928371336311102,10.076516307890415,0.001122775487601757
e1-v1,N12_i00_10xAcrit_s42,12,2,0,941157873a8b,10xAcrit,0.1071663840056869,0.01071663840056869,10.0,0.19822334062316602,12.999999999979208,42,lightning_gpu,single,2,50,adam_0.1,-0.25261168083239516,0.6490147388383165,66,2023-08-06,2026-08-05,ok,,1000,278,159,1028,2,True,-0.6812772168551428,-0.25261168083239516,-0.6812772168551429,True,0.278,1028,-0.25261168083239516,0.0,0.0,1,1,True,True,True,1.3218756853432454,0.3043831643149789,0.229509603420991,8,8,1.3218756853432454,1.0497099312021378,0.6812772168551428,0.9999998979744917,0.29838573723100126,0.008106386289000511,0.008106386289000511,0.008106386289000511,0.04809043841363003,1.2862351783066712,0.07816978125721719,0.07816978125721719,0.5568921873477368,0.5568921873477368,0.9997081940966535,0.9997081940966535,1.0,1.0,0.999998385265954,0.14624762509629363,0.0034898787271231413,0.0034898787271231413,0.0034898787271231413,1.6675354221168268,12.29364317800787,0.034355790336405345,0.034355790336405345,0.295028749131642,0.295028749131642,0.9696810563578933,0.9696810563578933,0.9999999999999993,0.9999999999999993,0.9826025311017479,-4.211654186248779,-4.212591171264648,-4.224059581756592,46,2.4314546363447995 1.3787772821439981 2.6973649175810768 2.1908462769412909,0.29837242502723366 0.74070799571012369 2.0584996195679728 1.2986839119362052,10.1937643494457,0.02804141864180565,0.07553594559431076,10.221805768087506,0.001145828515291214
e1-v1,N12_i00_Aheur_s42,12,2,0,941157873a8b,Aheur,12.999999999979208,0.01071663840056869,1213.066963170965,0.19822334062316602,12.999999999979208,42,lightning_gpu,single,2,50,adam_0.1,-0.25261168083239516,0.6490147388383165,66,2023-08-06,2026-08-05,ok,,1000,191,629,1028,2,True,-52.252611680749226,-0.25261168083239516,-52.25261168074922,True,0.191,1028,-0.25261168083239516,0.0,0.0,1,1,True,True,True,1.3218756853432454,0.3043831643149789,0.229509603420991,1,1,1.3218756853432454,80.51067033435503,52.252611680749226,0.9999998147877704,0.17169158207252622,0.002430905355140567,0.002430905355140567,0.002430905355140567,1.52001884641841,12.936898292820842,0.024044851495662378,0.024044851495662378,0.21603153312455037,0.21603153312455037,0.9123027557558537,0.9123027557558537,0.9999999999730934,0.9999999999730934,0.9999987254332154,0.11304889840539545,0.0016602466348558664,0.0016602466348558664,0.0016602466348558664,1.9290688999262837,17.57221278230645,0.01647897506642293,0.01647897506642293,0.15309151580657687,0.15309151580657687,0.8101700052141562,0.8101700052141562,0.9999999392357197,0.9999999392357197,52.55393699499583,-1.5123854875564575,-1.5144281387329102,-1.514705777168274,41,2.4314546363447995 1.3787772821439981 2.6973649175810768 2.1908462769412909,2.2510245979651757 1.3791771436170195 2.7902898692155738 2.0853295700379939,10.161108461208642,0.028113923966884613,0.07582960743457079,10.189222385175526,0.0011637713760137558
e1-v1,N12_i00_Amargin_s42,12,2,0,941157873a8b,Amargin,0.19822334062316602,0.01071663840056869,18.49678352613326,0.19822334062316602,12.999999999979208,42,lightning_gpu,single,2,50,adam_0.1,-0.25261168083239516,0.6490147388383165,66,2023-08-06,2026-08-05,ok,,1000,353,164,1028,2,True,-1.0455050433250592,-0.25261168083239516,-1.0455050433250592,True,0.353,1028,-0.25261168083239516,0.0,0.0,1,1,True,True,True,1.3218756853432454,0.3043831643149789,0.229509603420991,4,4,1.3218756853432454,1.6109110945560774,1.0455050433250592,1.000000874920701,0.3713930014055222,0.00840595830231905,0.00840595830231905,0.00840595830231905,0.07401912733898383,1.0678689191381185,0.08095011489002679,0.08095011489002679,0.5700768303619548,0.5700768303619548,0.9997842710102635,0.9997842710102635,1.0,1.0,0.999998708334541,0.19428754411637783,0.0001988208678085357,0.0001988208678085357,0.0001988208678085357,1.6294665068892236,12.765428231552175,0.0019864307826912286,0.0019864307826912286,0.019687679331102492,0.019687679331102492,0.1803194889344415,0.1803194889344415,0.8630865566206324,0.8630865566206324,1.3468303575716642,-4.279462814331055,-4.283854007720947,-4.279462814331055,49,2.4314546363447995 1.3787772821439981 2.6973649175810768 2.1908462769412909,0.42541520594671833 0.68352643884933872 2.0316999264921609 1.4058914678366004,10.197399727068841,0.02825033664703369,0.07569466717541218,10.225650063715875,0.001122981309890747
e1-v1,N12_i01_1.1xAcrit_s42,12,2,1,3798cace2ea7,1.1xAcrit,0.19328748548091002,0.17571589589173636,1.1,0.3539176455668778,12.999999999983347,42,lightning_gpu,single,2,50,adam_0.1,0.15347271196197812,0.6821104373880992,66,2023-08-06,2026-08-05,ok,,1000,228,133,17,2,True,-0.619677229961662,0.15347271196197812,-0.619677229961662,True,0.228,17,0.15347271196197812,0.0,0.0,1,1,True,True,True,0.8071062374637792,0.172876351205122,0.21295381354655352,12,12,0.8071062374637792,0.9084705291044906,0.619677229961662,0.9999998624941915,0.22889191284775734,0.007326931226998568,0.007326931226998568,0.007326931226998568,0.34115944074524945,1.739892843620595,0.07090013650014426,0.07090013650014426,0.5206817525566797,0.5206817525566797,0.9993599120858216,0.9993599120858216,1.0,1.0,0.9999987109402524,0.22212851918993692,0.0012979370076209307,0.0012979370076209307,0.0012979370076209307,3.0524113287516226,13.06817043575682,0.012903823046611085,0.012903823046611085,0.12179743994458114,0.12179743994458114,0.7271355309460958,0.7271355309460958,0.9999977119269883,0.9999977119269883,1.6093446117373424,-4.582118511199951,-4.603262424468994,-4.582118511199951,49,2.4314546363447995 1.3787772821439981 2.6973649175810768 2.1908462769412909,0.64911224725250205 0.64513143721423827 2.1547902412301561 1.5523667069317018,10.182518712244928,0.028816713020205498,0.08107233978807926,10.211335425265133,0.0010727783665060997
e1-v1,N12_i01_2xAcrit_s42,12,2,1,3798cace2ea7,2xAcrit,0.3514317917834727,0.17571589589173636,2.0,0.3539176455668778,12.999999999983347,42,lightning_gpu,single,2,50,adam_0.1,0.15347271196197812,0.6821104373880992,66,2023-08-06,2026-08-05,ok,,1000,629,229,17,2,True,-1.2522544551719128,0.15347271196197812,-1.2522544551719128,True,0.629,17,0.15347271196197812,0.0,0.0,1,1,True,True,True,0.8071062374637792,0.172876351205122,0.21295381354655352,7,7,0.8071062374637792,1.8358529448207517,1.2522544551719128,0.9999990326928128,0.62126195570454,0.008120398037135601,0.008120398037135601,0.008120398037135601,0.8448521864443426,2.08386321364776,0.07829999312293945,0.07829999312293945,0.5575176955212935,0.5575176955212935,0.9997122872732277,0.9997122872732277,1.0,1.0,0.9999985982471893,0.20335203508875566,0.001283731427974999,0.001283731427974999,0.001283731427974999,3.005267690658272,12.92063327005648,0.012763409088796362,0.012763409088796362,0.12054740104448869,0.12054740104448869,0.7232265886257355,0.7232265886257355,0.9999973621890497,0.9999973621890497,2.241921836947593,-4.224209785461426,-4.2433342933654785,-4.2287750244140625,47,2.4314546363447995 1.3787772821439981 2.6973649175810768 2.1908462769412909,1.0544734938018498 0.73908308566206105 2.2376780757809973 1.8691900152099965,10.004728255793452,0.032644192688167095,0.0776612963527441,10.03737244848162,0.0011793123558163643
e1-v1,N12_i01_5xAcrit_s42,12,2,1,3798cace2ea7,5xAcrit,0.8785794794586819,0.17571589589173636,5.0,0.3539176455668778,12.999999999983347,42,lightning_gpu,single,2,50,adam_0.1,0.15347271196197812,0.6821104373880992,66,2023-08-06,2026-08-05,ok,,1000,189,546,24,2,True,-3.3073879034987046,0.20693001433602265,-3.3073879034987046,True,0.189,24,0.20693001433602265,0.07837045065420839,0.015905910299181023,3,1,False,False,False,1.5910944783780911,0.522570631365531,0.32780619784263393,0,0,0.8071062374637792,4.9271276638749555,3.3608452058727494,0.99999916066281,0.1917625175701687,0.0003311350883450359,0.0003311350883450359,0.0003311350883450359,2.7520197151638404,12.137299115637688,0.003306420967916779,0.003306420967916779,0.03257656345874582,0.03257656345874582,0.28193122360790746,0.28193122360790746,0.9635531140170824,0.9635531140170824,0.9999991079589563,0.1040128524764441,0.0007121405215002596,0.0007121405215002596,0.0007121405215002596,3.1848771152515107,14.018704791545588,0.007098627014476944,0.007098627014476944,0.06876109308897926,0.06876109308897926,0.5095314959729234,0.5095314959729234,0.9991944152446737,0.9991944152446737,4.35051258764843,-1.768660068511963,-1.767748475074768,-1.768820881843567,45,2.4314546363447995 1.3787772821439981 2.6973649175810768 2.1908462769412909,2.3117021015871377 1.4159488669732563 2.7684269115390467 2.1824085402519011,10.143488191999495,0.029210844077169895,0.07545036263763905,10.172699036076665,0.0010206541046500206
e1-v1,N12_i01_10xAcrit_s42,12,2,1,3798cace2ea7,10xAcrit,1.7571589589173637,0.17571589589173636,10.0,0.3539176455668778,12.999999999983347,42,lightning_gpu,single,2,50,adam_0.1,0.15347271196197812,0.6821104373880992,66,2023-08-06,2026-08-05,ok,,1000,176,555,9,2,True,-6.833135799658554,0.1955000360109007,-6.833135799658554,True,0.176,9,0.1955000360109007,0.0616136650977683,0.00611292027442966,2,1,False,False,False,1.2926724802368494,0.37087155768981794,0.28612936636668274,0,0,0.8071062374637792,10.079252195631963,6.875163123707477,1.000000639629036,0.16357967967633158,0.0008285728981718421,0.0008285728981718421,0.0008285728981718421,2.8196827563089446,12.417149882758395,0.008254903156817872,0.008254903156817872,0.07954911393133668,0.07954911393133668,0.563477934683901,0.563477934683901,0.999748775486936,0.999748775486936,0.9999987490919011,0.12160763773135841,0.001479918952099979,0.001479918952099979,0.001479918952099979,3.4106645316539743,15.712653033722745,0.014701020261876585,0.014701020261876585,0.13765642718490612,0.13765642718490612,0.7725932725232443,0.7725932725232443,0.9999996301436455,0.9999996301436455,7.864830505483157,-1.674698829650879,-1.6733570098876953,-1.67562735080719,48,2.4314546363447995 1.3787772821439981 2.6973649175810768 2.1908462769412909,2.2866581126990164 1.3978618717855087 2.779483679660153 2.1510194240347627,10.16816776059568,0.028217270970344543,0.07558104954659939,10.196385031566024,0.0010716216638684273
e1-v1,N12_i01_Aheur_s42,12,2,1,3798cace2ea7,Aheur,12.999999999983347,0.17571589589173636,73.98306188526632,0.3539176455668778,12.999999999983347,42,lightning_gpu,single,2,50,adam_0.1,0.15347271196197812,0.6821104373880992,66,2023-08-06,2026-08-05,ok,,1000,207,628,9,2,True,-51.80449996392249,0.1955000360109007,-51.804499963922495,True,0.207,9,0.1955000360109007,0.0616136650977683,0.0008106102037555965,2,1,False,False,False,1.2926724802368494,0.37087155768981794,0.28612936636668274,0,0,0.8071062374637792,76.00899274683343,51.846527287971405,1.0000002769629646,0.17893968150019646,0.002538474975153804,0.002538474975153804,0.002538474975153804,2.975365500225206,12.884957367848983,0.025096730482000895,0.025096730482000895,0.22444023782418765,0.22444023782418765,0.9212677454468932,0.9212677454468932,0.9999999999908478,0.9999999999908478,0.9999980769207468,0.11475107236765325,0.001693314639851451,0.001693314639851451,0.001693314639851451,3.656944717588556,17.53705701293802,0.016804698156243525,0.016804698156243525,0.15589213612869735,0.15589213612869735,0.8163548502885108,0.8163548502885108,0.9999999563690544,0.9999999563690544,52.83619466974709,-1.5324487686157227,-1.5317788124084473,-1.533097267150879,48,2.4314546363447995 1.3787772821439981 2.6973649175810768 2.1908462769412909,2.2548321852968618 1.3964072519323973 2.7962367287547587 2.0867076840383003,10.049931300804019,0.028123117052018642,0.08029711619019508,10.078054417856038,0.0010058889165520668
e1-v1,N12_i01_Amargin_s42,12,2,1,3798cace2ea7,Amargin,0.3539176455668778,0.17571589589173636,2.0141470057150475,0.3539176455668778,12.999999999983347,42,lightning_gpu,single,2,50,adam_0.1,0.15347271196197812,0.6821104373880992,66,2023-08-06,2026-08-05,ok,,1000,343,201,17,2,True,-1.2621978703055332,0.15347271196197812,-1.2621978703055334,True,0.343,17,0.15347271196197812,0.0,0.0,1,1,True,True,True,0.8071062374637792,0.172876351205122,0.21295381354655352,4,4,0.8071062374637792,1.8504303718598323,1.2621978703055332,0.999999561844021,0.37826479272916913,0.007632401771843433,0.007632401771843433,0.007632401771843433,0.5376393300638524,1.6202349310965474,0.07375525526356708,0.07375525526356708,0.5352091506243672,0.5352091506243672,0.999529482595761,0.999529482595761,1.0,1.0,0.9999981885582763,0.20211332801409299,0.0012702832464128733,0.0012702832464128733,0.0012702832464128733,3.0053976067862775,12.920731101675551,0.012630465009956793,0.012630465009956793,0.11936238731547477,0.11936238731547477,0.7194745255329702,0.7194745255329702,0.9999969819734511,0.9999969819734511,2.2518652520812137,-4.408666133880615,-4.452566623687744,-4.439434051513672,46,2.4314546363447995 1.3787772821439981 2.6973649175810768 2.1908462769412909,0.71341861606215629 0.66907589342949103 2.0603087586894602 1.561617743321652,10.187806375324726,0.030673546716570854,0.08339668530970812,10.218479922041297,0.00096895731985569
e1-v1,N16_i00_1.1xAcrit_s42,16,3,0,514ae30a9bf6,1.1xAcrit,0.04852299130632842,0.04411181027848038,1.1,0.31113031231330396,16.999999999972275,42,lightning_gpu,single,2,50,adam_0.1,-0.2671105968767471,1.2705106296258624,560,2023-08-06,2026-08-05,ok,,1000,215,393,16394,3,True,-0.7038175186337029,-0.2671105968767471,-0.703817518633703,True,0.215,16394,-0.2671105968767471,0.0,0.0,1,1,True,True,True,1.3851408274006345,0.2568156466299874,0.1846856590820826,5,3,1.3851408274006345,0.5539642898076041,0.7038175186337029,0.9999999009741772,0.2266769261477748,0.002546027535572648,0.005918514041695744,0.00978349318029359,0.10003263255389855,2.229042926098313,0.057633466402948086,0.02517054550930531,0.44767011089992104,0.22502725466272933,0.9973576797369633,0.9218616398432111,1.0,0.9999999999915151,0.9999983776356671,0.1399759102819189,0.0003169747651554644,0.0004778893453476485,0.0005333900098776212,2.3716781432582796,15.96120982130125,0.004768629519084522,0.0031652301860457532,0.04667590751928319,0.031205245538103443,0.37998001702262874,0.2716874618553663,0.9916043008359982,0.9580069068380385,0.9967435872746334,-4.9067888259887695,-4.917007923126221,-4.9067888259887695,49,2.4314546363447995 1.3787772821439981 2.6973649175810768 2.1908462769412909,0.76591428816002904 0.7482065864753582 2.124621667593579 1.5669994013132855,16.50941044371575,0.039758275263011456,0.12115020491182804,16.549168718978763,0.0020783673971891403
e1-v1,N16_i00_2xAcrit_s42,16,3,0,514ae30a9bf6,2xAcrit,0.08822362055696076,0.04411181027848038,2.0,0.31113031231330396,16.999999999972275,42,lightning_gpu,single,2,50,adam_0.1,-0.2671105968767471,1.2705106296258624,560,2023-08-06,2026-08-05,ok,,1000,301,482,16394,3,True,-1.061123181889394,-0.2671105968767471,-1.061123181889394,True,0.301,16394,-0.2671105968767471,0.0,0.0,1,1,True,True,True,1.3851408274006345,0.2568156466299874,0.1846856590820826,5,3,1.3851408274006345,0.8351942574473947,1.061123181889394,0.9999991089190929,0.305550039105583,0.0018476794939488173,0.004652699688449502,0.008821724215522408,0.1755858704863297,1.8568335854615148,0.04556484275604078,0.0183239230588218,0.37271589230153945,0.16884489749015896,0.9905671517493937,0.8426666630744355,1.0,0.9999999907058957,0.9999976588847443,0.14249755827631816,8.306484232889488e-05,0.00013009464782953728,0.0003192333570041228,2.4647855415908904,15.809343393614217,0.0013001851346687854,0.0008303380024928808,0.01292604283785359,0.008272422869576634,0.12199510559750082,0.07971170362606883,0.7277490720488131,0.5642484005582329,1.1952467335277952,-4.942457675933838,-4.9538702964782715,-4.942457675933838,49,2.4314546363447995 1.3787772821439981 2.6973649175810768 2.1908462769412909,0.78456661019011942 0.75365788611353146 2.1049053856123376 1.6111845887548306,16.520101696252823,0.03962026163935661,0.12116098869591951,16.55972195789218,0.0021363086998462677
e1-v1,N16_i00_5xAcrit_s42,16,3,0,514ae30a9bf6,5xAcrit,0.2205590513924019,0.04411181027848038,5.0,0.31113031231330396,16.999999999972275,42,lightning_gpu,single,2,50,adam_0.1,-0.2671105968767471,1.2705106296258624,560,2023-08-06,2026-08-05,ok,,1000,340,543,16394,3,True,-2.2521420594083645,-0.2671105968767471,-2.252142059408364,True,0.34,16394,-0.2671105968767471,0.0,0.0,1,1,True,True,True,1.3851408274006345,0.2568156466299874,0.1846856590820826,4,2,1.3851408274006345,1.772627482913363,2.2521420594083645,0.999999447722997,0.3616997209319379,0.0011110593331977725,0.0030997165595181286,0.006690973183140159,0.21010881269135853,1.451206078022496,0.030568349296036912,0.011055207220547758,0.2668852663097071,0.10521132125311461,0.9551544372916037,0.670993251800841,0.9999999999999671,0.9999851389991923,0.9999983853979636,0.1446631433211678,4.324342080508359e-05,0.00017735016081132926,0.0008510477091476787,2.547264215114347,18.291846455163963,0.0017720868887113328,0.00043235006804898113,0.017580221467679347,0.004315098675121698,0.16252669398913744,0.042322652568563046,0.8302891024266437,0.3510785216597061,1.8569238877050007,-5.1411590576171875,-5.152622222900391,-5.1411590576171875,49,2.4314546363447995 1.3787772821439981 2.6973649175810768 2.1908462769412909,0.57635010127815312 0.66740912140012609 2.0547331423269779 1.5504813313548953,16.618551252409816,0.0394022511318326,0.12115333043038845,16.65795350354165,0.0018294677138328552
e1-v1,N16_i00_10xAcrit_s42,16,3,0,514ae30a9bf6,10xAcrit,0.4411181027848038,0.04411181027848038,10.0,0.31113031231330396,16.999999999972275,42,lightning_gpu,single,2,50,adam_0.1,-0.2671105968767471,1.2705106296258624,560,2023-08-06,2026-08-05,ok,,1000,357,654,26,3,True,-4.227188424807808,-0.25712549974457377,-4.2271884248078075,True,0.357,26,-0.25712549974457377,0.007859121285048768,0.002356546665004569,3,1,False,True,True,1.510671395866353,0.37344385583103606,0.2465419394648985,1,0,1.3851408274006345,3.3350161920233097,4.237173521939981,0.9999998673928643,0.37107433009077795,0.0008542863070033491,0.002480274357367307,0.0055874481331557035,0.2713833719481663,1.2084163836760906,0.02452773737662628,0.008510096544553702,0.21990184957049086,0.08191485466252046,0.9165372899672873,0.5745685368006932,0.9999999999835969,0.9998057790588557,0.9999981139877645,0.0908242517925828,0.0005854556802660227,0.0013611333124572411,0.0020783896325156093,2.740340949038206,21.311428025403856,0.0135282642396658,0.005839156732475037,0.12733719784556652,0.05688090693954506,0.7438675270403545,0.44324340443178256,0.999998784803734,0.9971381049355197,2.9597191446670106,-5.290427207946777,-5.301171779632568,-5.290427207946777,49,2.4314546363447995 1.3787772821439981 2.6973649175810768 2.1908462769412909,0.45567652724324065 0.61764570954057507 2.0036646876784454 1.4971077956031971,16.603525016456842,0.12670997250825167,0.12167984340339899,16.730234988965094,0.0018054628744721413
e1-v1,N16_i00_Aheur_s42,16,3,0,514ae30a9bf6,Aheur,16.999999999972275,0.04411181027848038,385.38431981481386,0.31113031231330396,16.999999999972275,42,lightning_gpu,single,2,50,adam_0.1,-0.2671105968767471,1.2705106296258624,560,2023-08-06,2026-08-05,ok,,1000,391,771,16394,3,True,-153.2671105966272,-0.2671105968767471,-153.26711059662722,True,0.391,16394,-0.2671105968767471,0.0,0.0,1,1,True,True,True,1.3851408274006345,0.2568156466299874,0.1846856590820826,4,1,1.3851408274006345,120.63426076313978,153.2671105966272,1.000000214418037,0.37682731926906854,0.0006685237749479711,0.002007886185310781,0.004693400696851313,0.6897864809570426,4.011205755139656,0.019898407536960483,0.00666516197939393,0.18207977298239186,0.06468764284640383,0.8659985544205832,0.48765002196622353,0.9999999981332127,0.9987535719348082,0.9999988074220596,0.03190982837259071,4.177100345259532e-05,0.00012985356443095952,0.00032588999965810217,3.778684559987865,34.84298674407819,0.0012977771193312115,0.00041763152651841384,0.012902242743144221,0.004168475275660666,0.121783380154046,0.04091145315568434,0.7270918429194855,0.3414525869870708,85.75412863060436,-4.995856761932373,-4.9889235496521,-5.059632778167725,45,2.4314546363447995 1.3787772821439981 2.6973649175810768 2.1908462769412909,0.74274147571645022 1.4405996686222429 2.73269036940555 1.6581154527861004,16.54885522276163,0.0400695176795125,0.12187013402581215,16.588924740441144,0.002083856612443924
e1-v1,N16_i00_Amargin_s42,16,3,0,514ae30a9bf6,Amargin,0.31113031231330396,0.04411181027848038,7.0532202226369884,0.31113031231330396,16.999999999972275,42,lightning_gpu,single,2,50,adam_0.1,-0.2671105968767471,1.2705106296258624,560,2023-08-06,2026-08-05,ok,,1000,311,491,16394,3,True,-3.0672834076964826,-0.2671105968767471,-3.0672834076964826,True,0.311,16394,-0.2671105968767471,0.0,0.0,1,1,True,True,True,1.3851408274006345,0.2568156466299874,0.1846856590820826,3,1,1.3851408274006345,2.414213101546211,3.0672834076964826,1.000000432089252,0.30346969078527763,0.0008492047199979424,0.002391268266364932,0.005180800973903388,0.1449641323786569,1.5535860375943515,0.023656999280053603,0.008459668889679195,0.21291040350943635,0.08144780524327755,0.9087481410255025,0.5723993153089337,0.9999999999599671,0.9997956456346188,0.9999986924463524,0.14549804504167696,0.0002316074533155188,0.0006458734133047983,0.0014065476570976898,2.6048127788349955,19.437397899803425,0.00643999456688471,0.0023136621328584406,0.06256532910007762,0.022897215079813904,0.475904877365396,0.20676382618331146,0.9984364881374291,0.9013663487110921,2.3097801923095114,-5.230955123901367,-5.237063407897949,-5.240932464599609,46,2.4314546363447995 1.3787772821439981 2.6973649175810768 2.1908462769412909,0.38124397549771399 0.65293776764645584 2.0130821695823968 1.4123684472969278,16.588873189873993,0.03959493897855282,0.12182525265961885,16.628468128852546,0.001785116270184517
e1-v1,N16_i01_1.1xAcrit_s42,16,3,1,f9598a6bfdd0,1.1xAcrit,0.18699000047858796,0.16999090952598905,1.1,0.47365326741735486,16.999999999977796,42,lightning_gpu,single,2,50,adam_0.1,0.13112281842114482,1.2939192012170153,560,2023-08-06,2026-08-05,ok,,1000,252,440,16401,3,True,-1.551787185886147,0.13112281842114482,-1.5517871858861465,True,0.252,16401,0.13112281842114482,0.0,0.0,1,1,True,True,True,1.3851408274006345,0.2568156466299874,0.1846856590820826,1,1,1.3851408274006345,1.1992921848803155,1.551787185886147,0.9999993213763589,0.2847838168818271,0.0010271292412653565,0.0010271292412653565,0.0029570176266133785,0.5447713740012001,1.9439970178635027,0.010223947461568184,0.010223947461568184,0.09766164242717912,0.09766164242717912,0.6421556272152349,0.6421556272152349,0.9999655696116022,0.9999655696116022,0.9999990011759935,0.13239517769943632,5.779256753157824e-06,5.779256753157824e-06,0.0001491383882239461,3.759323554729876,18.523075442714905,5.77910645633839e-05,5.77910645633839e-05,0.0005777603774710371,0.0005777603774710371,0.005762605577165902,0.005762605577165902,0.05615444624400656,0.05615444624400656,1.8738236371928028,-5.385761737823486,-5.39528226852417,-5.385761737823486,49,2.4314546363447995 1.3787772821439981 2.6973649175810768 2.1908462769412909,0.72776519816016261 0.64812760786330392 2.1093670726631899 1.6192232558714144,16.68616786133498,0.04008692316710949,0.12219942454248667,16.72625478450209,0.002025395631790161
e1-v1,N16_i01_2xAcrit_s42,16,3,1,f9598a6bfdd0,2xAcrit,0.3399818190519781,0.16999090952598905,2.0,0.47365326741735486,16.999999999977796,42,lightning_gpu,single,2,50,adam_0.1,0.13112281842114482,1.2939192012170153,560,2023-08-06,2026-08-05,ok,,1000,312,484,16401,3,True,-2.9287135530466584,0.13112281842114482,-2.9287135530466584,True,0.312,16401,0.13112281842114482,0.0,0.0,1,1,True,True,True,1.3851408274006345,0.2568156466299874,0.1846856590820826,1,1,1.3851408274006345,2.263443923153789,2.9287135530466584,0.9999990576722091,0.3238855838426389,0.0008445538696832955,0.0008445538696832955,0.0024826795561239123,0.524727478132006,1.5231050991051216,0.008413513671874706,0.008413513671874706,0.08102013874204261,0.08102013874204261,0.5704042832801642,0.5704042832801642,0.9997859084995837,0.9997859084995837,0.999997610622262,0.1537916090219369,0.00034991957363672554,0.00034991957363672554,0.0009052593231899664,3.9085896486676246,20.506992720605155,0.003493690907813485,0.003493690907813485,0.03439273072226101,0.03439273072226101,0.29529838702944833,0.29529838702944833,0.9697968210761837,0.9697968210761837,2.6387827300597535,-5.455379009246826,-5.4617156982421875,-5.455379009246826,49,2.4314546363447995 1.3787772821439981 2.6973649175810768 2.1908462769412909,0.4784513228236793 0.63842090990661748 2.0244656491965669 1.4752402946904837,16.647932388819754,0.03953204024583101,0.12797061447054148,16.687464429065585,0.0017370488494634628
e1-v1,N16_i01_5xAcrit_s42,16,3,1,f9598a6bfdd0,5xAcrit,0.8499545476299453,0.16999090952598905,5.0,0.47365326741735486,16.999999999977796,42,lightning_gpu,single,2,50,adam_0.1,0.13112281842114482,1.2939192012170153,560,2023-08-06,2026-08-05,ok,,1000,607,729,16401,3,True,-7.518468110248363,0.13112281842114482,-7.518468110248362,True,0.607,16401,0.13112281842114482,0.0,0.0,1,1,True,True,True,1.3851408274006345,0.2568156466299874,0.1846856590820826,2,2,1.3851408274006345,5.810616384065368,7.518468110248363,1.0000003368178625,0.586498785414733,0.0008729748660698533,0.0008729748660698533,0.002641218074131757,0.9820130660801077,1.0247638967987456,0.008695534542346506,0.008695534542346506,0.08363050154618679,0.08363050154618679,0.5824521500224766,0.5824521500224766,0.9998389122491849,0.9998389122491849,0.9999989178663711,0.023055795576965465,0.00025999202625826,0.00025999202625826,0.0007510572468163446,4.545850712484675,26.37239166331556,0.002596880557132031,0.002596880557132031,0.025667427099861806,0.025667427099861806,0.22896833023590413,0.22896833023590413,0.9257456042063678,0.9257456042063678,5.188646372949589,-5.478034019470215,-5.471758842468262,-5.503088474273682,47,2.4314546363447995 1.3787772821439981 2.6973649175810768 2.1908462769412909,0.54544390295522005 0.63147084750959781 2.6841194857433233 1.3086725438703375,16.659762497991323,0.03977459389716387,0.12183728720992804,16.699537091888487,0.0019591422751545906
e1-v1,N16_i01_10xAcrit_s42,16,3,1,f9598a6bfdd0,10xAcrit,1.6999090952598905,0.16999090952598905,10.0,0.47365326741735486,16.999999999977796,42,lightning_gpu,single,2,50,adam_0.1,0.13112281842114482,1.2939192012170153,560,2023-08-06,2026-08-05,ok,,1000,592,616,16401,3,True,-15.16805903891787,0.13112281842114482,-15.16805903891787,True,0.592,16401,0.13112281842114482,0.0,0.0,1,1,True,True,True,1.3851408274006345,0.2568156466299874,0.1846856590820826,1,1,1.3851408274006345,11.722570485584665,15.16805903891787,0.9999996070622288,0.5791226382134482,0.0009297896176576614,0.0009297896176576614,0.002801114635076374,0.8370720384872452,1.3179780463860098,0.009259089584162439,0.009259089584162439,0.08882674074496777,0.08882674074496777,0.605533926113973,0.605533926113973,0.99990877863304,0.99990877863304,0.9999981932543036,0.008151115085026417,7.372826075879857e-05,7.372826075879857e-05,0.00021324804038158618,5.023831069495351,30.785835231907953,0.0007370380421354294,0.0007370380421354294,0.007345983276344503,0.007345983276344503,0.07107844019626341,0.07107844019626341,0.5216008189533325,0.5216008189533325,9.438419111099318,-5.437023162841797,-5.489814758300781,-5.437023162841797,49,2.4314546363447995 1.3787772821439981 2.6973649175810768 2.1908462769412909,0.72827434332242047 0.5623247337524232 2.6099111431641044 1.3569384182405353,16.689947063103318,0.04353604093194008,0.22262362577021122,16.73348310403526,0.001898420974612236
e1-v1,N16_i01_Aheur_s42,16,3,1,f9598a6bfdd0,Aheur,16.999999999977796,0.16999090952598905,100.00534762347837,0.47365326741735486,16.999999999977796,42,lightning_gpu,single,2,50,adam_0.1,0.13112281842114482,1.2939192012170153,560,2023-08-06,2026-08-05,ok,,1000,405,744,19,3,True,-152.78290818067424,0.21709181912593156,-152.78290818067424,True,0.405,19,0.21709181912593156,0.0664407797827927,0.0005623708520000738,4,1,False,False,False,1.2215941427161707,0.23253584088784374,0.18953581454887472,0,0,1.3851408274006345,118.14406729384329,152.86887718137902,0.9999981382724172,0.37734235514653847,0.0006705258274450898,0.0006705258274450898,0.0020119399996474385,1.3151331874334482,3.997349962583314,0.0066850621888000505,0.0066850621888000505,0.0648750039773831,0.0648750039773831,0.488675433251085,0.488675433251085,0.998778294327309,0.998778294327309,0.9999987379637787,0.03153033256603521,4.334916957304813e-05,4.334916957304813e-05,0.00013148217112757266,5.529602210803522,34.79836076936408,0.0004334071437323006,0.0004334071437323006,0.004325628320500985,0.004325628320500985,0.042423924798072665,0.042423924798072665,0.3517644150989011,0.3517644150989011,85.93887363468885,-5.0018439292907715,-4.995685577392578,-5.066270351409912,44,2.4314546363447995 1.3787772821439981 2.6973649175810768 2.1908462769412909,0.74306331081002575 1.4427238507351057 2.7320187694991369 1.6574624689908404,16.545715413056314,0.039501626044511795,0.12176798935979605,16.585217039100826,0.001761382445693016
e1-v1,N16_i01_Amargin_s42,16,3,1,f9598a6bfdd0,Amargin,0.47365326741735486,0.16999090952598905,2.7863446859488707,0.47365326741735486,16.999999999977796,42,lightning_gpu,single,2,50,adam_0.1,0.13112281842114482,1.2939192012170153,560,2023-08-06,2026-08-05,ok,,1000,307,493,16401,3,True,-4.131756588335049,0.13112281842114482,-4.131756588335049,True,0.307,16401,0.13112281842114482,0.0,0.0,1,1,True,True,True,1.3851408274006345,0.2568156466299874,0.1846856590820826,1,1,1.3851408274006345,3.1932106614144553,4.131756588335049,1.000001384472251,0.29717624475597404,0.0007359247538261116,0.0007359247538261116,0.002173795481212437,0.5059723604414471,1.6760945517207406,0.007334923968689622,0.007334923968689622,0.07097494245979641,0.07097494245979641,0.5210675331875814,0.5210675331875814,0.999365045232419,0.999365045232419,0.9999979310279781,0.10091879160609096,0.0004795398854184896,0.0004795398854184896,0.0013021203922107816,4.100226514193016,22.270335612217437,0.004785063943422263,0.004785063943422263,0.04683331984525296,0.04683331984525296,0.3810030300861741,0.3810030300861741,0.9917418031507859,0.9917418031507859,3.307139971886637,-5.458606243133545,-5.452290058135986,-5.459085464477539,48,2.4314546363447995 1.3787772821439981 2.6973649175810768 2.1908462769412909,0.42431709770212028 0.53966707863787411 2.0338920869847334 1.4436969499340375,16.65550944302231,0.040967000648379326,0.12696316838264465,16.69647644367069,0.0020893318578600883
e1-v1,N20_i00_1.1xAcrit_s42,20,4,0,88802fd9d289,1.1xAcrit,0.12626806974488836,0.11478915431353487,1.1,0.4877661783330567,20.999999999965347,42,lightning_gpu,single,2,50,adam_0.1,-0.15232144256321223,1.9296468975432697,4845,2023-08-06,2026-08-05,ok,,1000,223,813,262162,3,False,-2.1611316430500724,-0.2671105968767471,-2.1611316430500724,True,0.223,294946,-0.1320029702896517,0.010529632286315703,0.009352100492304703,5,1,False,False,True,1.432938341920896,0.29962932179359536,0.2084034693309092,0,0,1.4732051545372367,1.1259109432132302,2.172610558481426,0.9999989526272577,0.20988117913883286,9.709899313747883e-05,0.00037632773455698043,0.002996996321598999,0.5616333292077509,3.1055606968543907,0.003756910721568696,0.0009705657715615157,0.0369402817258111,0.009663377335736412,0.3136712671346158,0.09253810939618323,0.9768088754520493,0.6213098958411732,0.9999982799865137,0.12061764314429912,1.8147627997677773e-05,9.064889127330389e-05,0.000764420309678826,3.3697069260400867,21.83750997721324,0.0009061192271376806,0.0001814614605558651,0.009024334064069994,0.001813133550581325,0.0866654171018072,0.017984113114967837,0.5960765912611603,0.16596334494064857,1.5912512190619295,-5.907124042510986,-5.9222331047058105,-5.907124042510986,49,2.4314546363447995 1.3787772821439981 2.6973649175810768 2.1908462769412909,1.1586499914670663 0.76517357357228066 2.3082527444538292 1.9142803693242831,29.435881045646966,0.06580751296132803,0.24534744583070278,29.501688558608294,0.023980234749615192
e1-v1,N20_i00_2xAcrit_s42,20,4,0,88802fd9d289,2xAcrit,0.22957830862706974,0.11478915431353487,2.0,0.4877661783330567,20.999999999965347,42,lightning_gpu,single,2,50,adam_0.1,-0.15232144256321223,1.9296468975432697,4845,2023-08-06,2026-08-05,ok,,1000,293,831,294930,4,True,-3.8137178349781955,-0.14046489694507946,-3.8137178349781955,True,0.293,294930,-0.14046489694507946,0.0061444120337393986,0.003099285084684348,3,1,False,True,True,1.4360383792399112,0.2978512086233044,0.2067153725936116,1,0,1.4732051545372367,1.982525603760387,3.8255743805963283,1.0000004320098441,0.2825509040940233,9.221160871675238e-05,0.0003733541743713431,0.002367404413234908,0.3684470685756783,2.055052723804012,0.0037272752845266544,0.0009217335471060073,0.03665376012496613,0.00917919761848851,0.3116266224939469,0.08809171665125026,0.9761086517606768,0.6023402761878935,0.9999995602206594,0.09386153608669012,1.3376257811614778e-05,7.399230344162788e-05,0.0009123933282353391,3.585354577770571,26.861365697718504,0.0007396767142781036,0.0001337545268110807,0.007372195169277562,0.001336740492887012,0.07132370087100637,0.013287281508494897,0.5228624238473594,0.12520304654340264,2.211112652355018,-6.222230434417725,-6.228991985321045,-6.222745418548584,47,2.4314546363447995 1.3787772821439981 2.6973649175810768 2.1908462769412909,0.53246006530919165 0.58869640085901587 2.028079351761221 1.5128020272859948,29.711633386090398,0.0648693647235632,0.23416652157902718,29.77650275081396,0.017508587799966335
e1-v1,N20_i00_5xAcrit_s42,20,4,0,88802fd9d289,5xAcrit,0.5739457715676743,0.11478915431353487,5.0,0.4877661783330567,20.999999999965347,42,lightning_gpu,single,2,50,adam_0.1,-0.15232144256321223,1.9296468975432697,4845,2023-08-06,2026-08-05,ok,,1000,565,914,278562,4,True,-9.318977322775329,-0.135844977692539,-9.31897732277533,True,0.565,278562,-0.135844977692539,0.008538590605177683,0.0017649345436723412,4,1,False,True,True,1.4638807071588888,0.3133430467245535,0.21336646162292233,1,0,1.4732051545372367,4.837907805584242,9.335453787646001,1.0000005238445087,0.5548334831546526,0.00010341890447307378,0.00041568829328753054,0.0024541809398215264,0.7391558875979813,3.6479280898798345,0.00414911569208587,0.0010337078812993061,0.04072498407087388,0.010289126282710281,0.3401710971111028,0.0982556750359519,0.9843572410531016,0.6445044423102837,0.99999781236838,0.010828776741947654,3.6764272408618126e-06,9.422508895795545e-06,0.00010380814643440317,4.269750526927053,37.562934128354705,9.422109379297883e-05,3.6763664189254364e-05,0.0009418115456354403,0.0003675758273400387,0.009378300134315731,0.0036696841897390087,0.08992251330234635,0.03609673796135848,4.277317429998646,-6.049163818359375,-6.055058479309082,-6.052798271179199,46,2.4314546363447995 1.3787772821439981 2.6973649175810768 2.1908462769412909,0.78624866081459677 1.4672808998252125 2.6339409052252818 1.7581088893459347,29.731854326091707,0.06476832274347544,0.23443838581442833,29.796622648835182,0.02523773442953825
e1-v1,N20_i00_10xAcrit_s42,20,4,0,88802fd9d289,10xAcrit,1.1478915431353487,0.11478915431353487,10.0,0.4877661783330567,20.999999999965347,42,lightning_gpu,single,2,50,adam_0.1,-0.15232144256321223,1.9296468975432697,4845,2023-08-06,2026-08-05,ok,,1000,269,874,262194,4,True,-18.50913178157892,-0.1428670914133393,-18.509131781578922,True,0.269,262194,-0.1428670914133393,0.0048995239294348245,0.0005105330980513565,2,1,False,True,True,1.4675160119077235,0.3124431045016286,0.2122246721497523,1,0,1.4732051545372367,9.596878141957337,18.518586132728792,1.0000013735699071,0.28179215066847974,5.131292709847912e-05,0.00020075943393749185,0.001178754428110551,0.7555233260611456,4.075331876765084,0.0020057816142471374,0.0005130108014543833,0.019877738906450393,0.005118281098005495,0.18190727152496233,0.050019901592536886,0.865715673594117,0.4013884786074281,0.9999971008513848,0.020951722033260012,3.6679757613455877e-06,1.4591685157938628e-05,8.489706374348316e-05,4.673615644721897,42.81361365050175,0.00014590727067476106,3.667915218730222e-05,0.0014581150774742868,0.0003667309865850177,0.014485847357819104,0.0036612636579786972,0.1357713605353248,0.036015270132874866,7.720992059404691,-6.069572925567627,-6.065351486206055,-6.0977678298950195,46,2.4314546363447995 1.3787772821439981 2.6973649175810768 2.1908462769412909,0.83560390073735413 1.3217743167565474 2.638076699953217 1.6936709863094237,29.950050154700875,0.06564111355692148,0.23542845156043768,30.015691268257797,0.01945957075804472
e1-v1,N20_i00_Aheur_s42,20,4,0,88802fd9d289,Aheur,20.999999999965347,0.11478915431353487,182.94411284367501,0.4877661783330567,20.999999999965347,42,lightning_gpu,single,2,50,adam_0.1,-0.15232144256321223,1.9296468975432697,4845,2023-08-06,2026-08-05,ok,,1000,44,976,16434,4,True,-335.9747295240489,0.025270475396650838,-335.9747295240489,True,0.044,16434,0.025270475396650838,0.09203337573623664,0.0005283078730440964,80,1,False,False,False,1.5323130382754206,0.39903609045504906,0.25976160256590164,0,0,1.4732051545372367,174.2040587166394,336.15232144200877,0.9999991234768348,0.04699944201911421,9.796306585485581e-06,3.9290866880037356e-05,0.00023603746922162827,4.228159437213845,35.5443820993267,0.00039283920632871006,9.79587474246868e-05,0.003921454814274972,0.0009791557707987675,0.0385297337672329,0.009748526595530493,0.3249148094585702,0.0933180443889764,0.9999975047984542,0.00015528048559684663,1.0939137373711105e-09,1.8822565756027032e-08,2.8253230745234337e-07,5.049515629658979,45.73609865864749,1.88225641295503e-07,1.0939137373711105e-08,1.882254819118856e-06,1.0939136785292902e-07,1.8822388762052e-05,1.093913139627034e-06,0.00018820794571616783,1.0939077547567067e-05,126.8336428003847,-0.9088724851608276,-0.9109522104263306,-0.9158874750137329,42,2.4314546363447995 1.3787772821439981 2.6973649175810768 2.1908462769412909,2.549594337107866 1.6837739916247021 2.8710969451053501 2.009847999970034,29.706940018571913,0.06503510009497404,0.23386245965957642,29.771975118666887,0.02522258646786213
e1-v1,N20_i00_Amargin_s42,20,4,0,88802fd9d289,Amargin,0.4877661783330567,0.11478915431353487,4.2492357509732415,0.4877661783330567,20.999999999965347,42,lightning_gpu,single,2,50,adam_0.1,-0.15232144256321223,1.9296468975432697,4845,2023-08-06,2026-08-05,ok,,1000,533,877,278562,4,True,-7.940103831021446,-0.135844977692539,-7.940103831021448,True,0.533,278562,-0.135844977692539,0.008538590605177683,0.002070797284504225,4,1,False,True,True,1.4638807071588888,0.3133430467245535,0.21336646162292233,1,0,1.4732051545372367,4.12333484743869,7.9565802958921195,0.9999999392251815,0.5279161110811401,9.870569192571566e-05,0.00040057965088635683,0.0023622687367605977,0.6811117407279288,3.7790759524403885,0.003998583334343553,0.0009866186080249584,0.03927396166850938,0.009822497395878482,0.33012215515557075,0.09399509917358195,0.9818048288853293,0.6273462730627368,0.9999995543102684,0.013208568401741005,3.14774092657899e-06,1.2717415359020379e-05,0.0002501510972479082,4.141713988651473,35.69634001657473,0.00012716687586766806,3.147696339722561e-05,0.0012709412917530916,0.0003147250517496758,0.0126369705938425,0.003142796922710245,0.11942040907731466,0.030987201088169547,3.7602398705909392,-6.0223822593688965,-6.030070781707764,-6.032781600952148,45,2.4314546363447995 1.3787772821439981 2.6973649175810768 2.1908462769412909,0.80719192491305836 1.5100733221640408 2.6235933559018032 1.7506813971421238,29.813161939382553,0.06505175679922104,0.23337640892714262,29.878213696181774,0.017677382566034794
e1-v1,N20_i01_1.1xAcrit_s42,20,4,1,9f06c1dc6e9a,1.1xAcrit,0.06990688717553199,0.06355171561411999,1.1,0.4522461872651161,20.99999999997685,42,lightning_gpu,single,2,50,adam_0.1,-0.05194130964678845,1.6573123108875516,4845,2023-08-06,2026-08-05,ok,,1000,142,610,655873,4,True,-1.1704515044553003,-0.05194130964678845,-1.1704515044553,True,0.142,655873,-0.05194130964678845,0.0,0.0,1,1,True,True,True,1.831498688295787,0.3777681079254904,0.20571573997471646,1,1,1.831498688295787,0.7062347252030491,1.1704515044553003,0.9999988478347808,0.13987112291893833,0.0005704080103896558,0.0005704080103896558,0.0010835888679139316,0.49209038318369464,4.337758167635946,0.005689460914173106,0.005689460914173106,0.05545984226704026,0.05545984226704026,0.4347972456364495,0.4347972456364495,0.9966730774095519,0.9966730774095519,0.9999974013626955,0.12475147555920071,7.626666774740443e-05,7.626666774740443e-05,0.00016347178461728618,3.319588723855754,24.30209154640116,0.0007624049834931146,0.0007624049834931146,0.0075979461816825244,0.0075979461816825244,0.07343360735598992,0.07343360735598992,0.5335925925903845,0.5335925925903845,1.0716515782886442,-6.464975357055664,-6.466808319091797,-6.464975357055664,49,2.4314546363447995 1.3787772821439981 2.6973649175810768 2.1908462769412909,1.3382859820150292 0.82307566550008526 2.4854132229170909 2.0593033759279806,29.610085108317435,0.06524626445025206,0.24576543178409338,29.675331372767687,0.018632054328918457
e1-v1,N20_i01_2xAcrit_s42,20,4,1,9f06c1dc6e9a,2xAcrit,0.12710343122823997,0.06355171561411999,2.0,0.4522461872651161,20.99999999997685,42,lightning_gpu,single,2,50,adam_0.1,-0.05194130964678845,1.6573123108875516,4845,2023-08-06,2026-08-05,ok,,1000,88,622,524801,3,False,-2.022044493684508,-0.11549302526090843,-2.022044493684508,True,0.088,655363,0.05978574711795137,0.06741460618542433,0.05357079969104512,3,1,False,False,False,1.12845857318547,0.17592111914934044,0.15500889736303236,0,0,1.831498688295787,1.258420754855622,2.085596209298628,1.000001046372357,0.08517721602266537,0.00012533762492239475,0.00012533762492239475,0.00022631967294728383,0.6036312413136802,4.580450032241934,0.001252669557041397,0.001252669557041397,0.012456317788075766,0.012456317788075766,0.1178079300845074,0.1178079300845074,0.7144833130374387,0.7144833130374387,0.9999981291358525,0.1062603670599871,0.00018942003953270614,0.00018942003953270614,0.0003858573327306658,3.398907163154621,27.588695062215233,0.001892586612810665,0.001892586612810665,0.018765492139128148,0.018765492139128148,0.17257596932336905,0.17257596932336905,0.8495884112749676,0.8495884112749676,1.414830842604892,-6.268997669219971,-6.279719352722168,-6.268997669219971,49,2.4314546363447995 1.3787772821439981 2.6973649175810768 2.1908462769412909,1.2824163902645593 0.80252707957370961 2.4574249669791079 2.0351538312232509,29.864106609486043,0.06515391543507576,0.24306058138608932,29.92926052492112,0.019818661734461784
e1-v1,N20_i01_5xAcrit_s42,20,4,1,9f06c1dc6e9a,5xAcrit,0.31775857807059993,0.06355171561411999,5.0,0.4522461872651161,20.99999999997685,42,lightning_gpu,single,2,50,adam_0.1,-0.05194130964678845,1.6573123108875516,4845,2023-08-06,2026-08-05,ok,,1000,370,922,659457,4,True,-4.938729389688476,0.14540785944112355,-4.938729389688476,True,0.37,659457,0.14540785944112355,0.11907783933748992,0.03842409473092799,20,1,False,False,False,1.2696834982205167,0.24351840129607358,0.19100697271088998,0,0,1.831498688295787,3.099040853697532,5.136078558776387,1.0000004861531968,0.3677101221946941,0.00010641027620295063,0.00010641027620295063,0.00020801962091354653,0.6798659674933111,1.64228669051371,0.0010635933649808527,0.0010635933649808527,0.010585172373700602,0.010585172373700602,0.10094937918199531,0.10094937918199531,0.6549822388841082,0.6549822388841082,0.9999987350193142,0.015215710081481898,7.00513692208915e-06,7.00513692208915e-06,1.4293357708083931e-05,3.8097810578415974,35.42712147183788,7.004916102471004e-05,7.004916102471004e-05,0.0007002708416654624,0.0007002708416654624,0.006980682507666813,0.006980682507666813,0.06765430396913852,0.06765430396913852,2.558761723659052,-6.508554458618164,-6.520998001098633,-6.508554458618164,49,2.4314546363447995 1.3787772821439981 2.6973649175810768 2.1908462769412909,0.62539445009189709 0.67497847504786435 2.0212639560698644 1.5998045542811206,29.583886593580246,0.15444831363856792,0.23302928917109966,29.738334907218814,0.018843259662389755
e1-v1,N20_i01_10xAcrit_s42,20,4,1,9f06c1dc6e9a,10xAcrit,0.6355171561411999,0.06355171561411999,10.0,0.4522461872651161,20.99999999997685,42,lightning_gpu,single,2,50,adam_0.1,-0.05194130964678845,1.6573123108875516,4845,2023-08-06,2026-08-05,ok,,1000,496,942,655617,4,True,-10.088562768106,0.0797117301531986,-10.088562768106001,True,0.496,655617,0.0797117301531986,0.07943767685493268,0.012881630121562114,6,1,False,False,False,1.2115786231700905,0.2060398028065257,0.16923359234420948,0,0,1.831498688295787,6.166741018434049,10.220215807905987,0.9999985201952586,0.5007170880417107,9.024205064633861e-05,9.024205064633861e-05,0.0001802004117053002,0.7071721511567922,1.2089462153900172,0.0009020541313904396,0.0009020541313904396,0.008984012680846587,0.008984012680846587,0.0862937262653799,0.0862937262653799,0.5944297700879886,0.5944297700879886,0.9999977958172495,0.022709530802565325,1.1125044693471864e-05,1.1125044693471864e-05,2.2329472812998574e-05,4.188483524267035,40.88875246018833,0.00011124487760205692,0.00011124487760205692,0.0011118920471671068,0.0011118920471671068,0.011063451430900817,0.011063451430900817,0.10528591135579046,0.10528591135579046,4.46531319208265,-6.614261627197266,-6.593026161193848,-6.629683971405029,48,2.4314546363447995 1.3787772821439981 2.6973649175810768 2.1908462769412909,0.54323773905551132 0.63996120708630388 2.6169374609735692 1.3172483527695451,29.748728845268488,0.06464387383311987,0.32974065840244293,29.813372719101608,0.01779989618808031
e1-v1,N20_i01_Aheur_s42,20,4,1,9f06c1dc6e9a,Aheur,20.99999999997685,0.06355171561411999,330.4395451333976,0.4522461872651161,20.99999999997685,42,lightning_gpu,single,2,50,adam_0.1,-0.05194130964678845,1.6573123108875516,4845,2023-08-06,2026-08-05,ok,,1000,70,974,139777,4,True,-335.79887694218735,0.20112305744225845,-335.7988769421873,True,0.07,139777,0.20112305744225845,0.1526956418694082,0.0007530513470718084,53,1,False,False,False,1.4915459758809386,0.33555871833204354,0.22430332268802247,0,0,1.831498688295787,202.7692300971977,336.0519413092764,1.0000020312732048,0.04747660471821291,9.881771802611183e-06,9.881771802611183e-06,1.9783913558057975e-05,3.9577173702477912,35.54376823101962,9.881332391825648e-05,9.881332391825648e-05,0.0009876939716568778,0.0009876939716568778,0.009833155868903654,0.009833155868903654,0.09409261866910135,0.09409261866910135,0.9999988903877457,6.239598387673792e-05,9.527077793336503e-09,9.527077793336503e-09,2.0439469672339783e-08,4.6730399565762015,45.726218989875505,9.527077382553983e-08,9.527077382553983e-08,9.527073300263922e-07,9.527073300263922e-07,9.527032456269069e-06,9.527032456269069e-06,9.526624027067498e-05,9.526624027067498e-05,126.65221025509658,-0.9096695184707642,-0.9118180871009827,-0.9168999195098877,42,2.4314546363447995 1.3787772821439981 2.6973649175810768 2.1908462769412909,2.5470571607990928 1.6819246629326174 2.8710914090557091 2.0099534611414791,29.733383862301707,0.06468209624290466,0.3283078670501709,29.798065958544612,0.0186844477429986
e1-v1,N20_i01_Amargin_s42,20,4,1,9f06c1dc6e9a,Amargin,0.4522461872651161,0.06355171561411999,7.116191638493479,0.4522461872651161,20.99999999997685,42,lightning_gpu,single,2,50,adam_0.1,-0.05194130964678845,1.6573123108875516,4845,2023-08-06,2026-08-05,ok,,1000,462,898,525315,4,True,-7.043898177498532,0.1920408187433263,-7.043898177498532,True,0.462,525315,0.1920408187433263,0.1472155409618923,0.03347779026954873,46,1,False,False,False,1.0383173623444752,0.18727407133164,0.17939993886940434,0,0,1.831498688295787,4.397409141301629,7.287880305888646,0.9999996587498854,0.4557255227700807,7.477055623894557e-05,7.477055623894557e-05,0.0001472445801482536,0.7926415102849207,3.496632659674227,0.0007474540339210689,0.0007474540339210689,0.0074494494459347305,0.0074494494459347305,0.0720462183533932,0.0720462183533932,0.5265616223023863,0.5265616223023863,0.9999995571277378,0.018013368551081044,1.2279079783183988e-05,1.2279079783183988e-05,2.4881199351511896e-05,4.016159158014337,38.54646098171669,0.00012278401314302911,0.00012278401314302911,0.0012271619373871445,0.0012271619373871445,0.01220407397127532,0.01220407397127532,0.11555199498474378,0.11555199498474378,3.365687378826149,-6.240828037261963,-6.247569561004639,-6.240828037261963,49,2.4314546363447995 1.3787772821439981 2.6973649175810768 2.1908462769412909,0.77928882748319461 1.4239113547361182 2.6254386864353991 1.7547570019578955,29.708154152147472,0.0650700107216835,0.3201945414766669,29.773224162869155,0.020184769295156002
