n_assets,penalty_label,shots,runs,Q_tau_final_median,Q_opt_final_median,Q_tau_initial_median,Q_opt_initial_median,Q_tau_uniform_all_median,Q_tau_uniform_F_median,Q_opt_uniform_all_median,Q_opt_uniform_F_median,final_beats_uniform_F_rate,final_beats_uniform_F_runs_opt,final_beats_uniform_F_runs_alt
12,A0,10,45,0.15437891368185552,0.11454955972876257,0.012904822938958227,0.0122886566888607,0.0024387257864690835,0.1415911014723728,0.0024387257864690835,0.1415911014723728,0.4444444444444444,21,16
12,A0,100,45,0.8130359790933173,0.7037607618127038,0.12180633577496613,0.11630903593492048,0.02412135868711446,0.7827588415132014,0.02412135868711446,0.7827588415132014,0.4444444444444444,21,16
12,A0,1000,45,0.9999999478108293,0.9999947949390177,0.7271631697335652,0.7095949644877306,0.21664588585949446,0.9999997658893877,0.21664588585949446,0.9999997658893877,0.4,21,16
12,A0,10000,45,1.0,1.0,0.9999977142435502,0.9999957337978923,0.9129875721552416,1.0,0.9129875721552416,1.0,0.0,21,16
12,1.1xAcrit,10,105,0.0707875574545016,0.06846209796946245,0.018696942654268356,0.018696942654268356,0.0024387257864690835,0.1415911014723728,0.0024387257864690835,0.1415911014723728,0.11428571428571428,14,12
12,1.1xAcrit,100,105,0.5201006457710777,0.5079544597282593,0.17199774541305368,0.17199774541305368,0.02412135868711446,0.7827588415132014,0.02412135868711446,0.7827588415132014,0.11428571428571428,14,12
12,1.1xAcrit,1000,105,0.9993521094353298,0.9991681347192709,0.8485339871304571,0.8485339871304571,0.21664588585949446,0.9999997658893877,0.21664588585949446,0.9999997658893877,0.11428571428571428,14,12
12,1.1xAcrit,10000,105,1.0,1.0,0.9999999936444677,0.9999999936444677,0.9129875721552416,1.0,0.9129875721552416,1.0,0.0,14,12
12,2xAcrit,10,105,0.06756692165385447,0.06756692165385447,0.021791683252357807,0.021653248907644085,0.0024387257864690835,0.1415911014723728,0.0024387257864690835,0.1415911014723728,0.09523809523809523,12,11
12,2xAcrit,100,105,0.5032055693541686,0.5032055693541686,0.19774301173451603,0.19660694826224223,0.02412135868711446,0.7827588415132014,0.02412135868711446,0.7827588415132014,0.09523809523809523,12,11
12,2xAcrit,1000,105,0.9990842705423353,0.9990842705423353,0.8895577900795126,0.887983831517727,0.21664588585949446,0.9999997658893877,0.21664588585949446,0.9999997658893877,0.09523809523809523,12,11
12,2xAcrit,10000,105,1.0,1.0,0.999999999730008,0.9999999996889665,0.9129875721552416,1.0,0.9129875721552416,1.0,0.0,12,11
12,5xAcrit,10,105,0.04676389715306539,0.040202464512395064,0.021069201352406086,0.020580518289835648,0.0024387257864690835,0.1415911014723728,0.0024387257864690835,0.1415911014723728,0.05714285714285714,6,5
12,5xAcrit,100,105,0.38055204366341744,0.3365681696342887,0.1917979962226467,0.18775436984386162,0.02412135868711446,0.7827588415132014,0.02412135868711446,0.7827588415132014,0.05714285714285714,6,5
12,5xAcrit,1000,105,0.9916814382513269,0.9834817876774342,0.8810952433145409,0.8750104123214918,0.21664588585949446,0.9999997658893877,0.21664588585949446,0.9999997658893877,0.05714285714285714,6,5
12,5xAcrit,10000,105,1.0,1.0,0.999999999435073,0.9999999990694529,0.9129875721552416,1.0,0.9129875721552416,1.0,0.0,6,5
12,10xAcrit,10,105,0.026088293742434487,0.025471353773728,0.01908800140142397,0.018692493797677456,0.0024387257864690835,0.1415911014723728,0.0024387257864690835,0.1415911014723728,0.02857142857142857,3,3
12,10xAcrit,100,105,0.2322923643669792,0.22741531101799128,0.17529150338673216,0.1719602061593799,0.02412135868711446,0.7827588415132014,0.02412135868711446,0.7827588415132014,0.02857142857142857,3,3
12,10xAcrit,1000,105,0.9288854278877505,0.9242363357475745,0.854452520387839,0.8484653027613736,0.21664588585949446,0.9999997658893877,0.21664588585949446,0.9999997658893877,0.02857142857142857,3,3
12,10xAcrit,10000,105,0.9999999999966919,0.9999999999937682,0.9999999957337442,0.9999999936155888,0.9129875721552416,1.0,0.9129875721552416,1.0,0.0,3,3
12,Amargin,10,150,0.073590212271126,0.06980413145569148,0.024956568614356023,0.02468643713706853,0.0024387257864690835,0.1415911014723728,0.0024387257864690835,0.1415911014723728,0.08666666666666667,13,11
12,Amargin,100,150,0.5343796332855598,0.514985426012081,0.2233244894318368,0.2211700540820158,0.02412135868711446,0.7827588415132014,0.02412135868711446,0.7827588415132014,0.08666666666666667,13,11
12,Amargin,1000,150,0.999520949045995,0.999277863299179,0.9201276698243674,0.9178841549380307,0.21664588585949446,0.9999997658893877,0.21664588585949446,0.9999997658893877,0.08666666666666667,13,11
12,Amargin,10000,150,1.0,1.0,0.9999999999894321,0.999999999986058,0.9129875721552416,1.0,0.9129875721552416,1.0,0.0,13,11
12,Aheur,10,150,0.025965913770627014,0.025715055189360625,0.016845313318068766,0.01678098644797643,0.0024387257864690835,0.1415911014723728,0.0024387257864690835,0.1415911014723728,0.0,0,0
12,Aheur,100,150,0.23132708551978515,0.2293451490657588,0.15624072118121418,0.15568853766419177,0.02412135868711446,0.7827588415132014,0.02412135868711446,0.7827588415132014,0.0,0,0
12,Aheur,1000,150,0.9279857625927206,0.9261077032170231,0.8171108393531672,0.8159113527480935,0.21664588585949446,0.9999997658893877,0.21664588585949446,0.9999997658893877,0.0,0,0
12,Aheur,10000,150,0.9999999999962464,0.9999999999951472,0.9999999581096015,0.9999999553022743,0.9129875721552416,1.0,0.9129875721552416,1.0,0.0,0,0
16,1.1xAcrit,10,150,0.010752141288658701,0.010166221895402172,0.003617826696555748,0.0029463887054961835,0.0001525774136723498,0.017714329137449757,0.0001525774136723498,0.017714329137449757,0.22,32,35
16,1.1xAcrit,100,150,0.10246520122951935,0.09713510572478673,0.035594892834488134,0.029076283142487114,0.0015247269688252072,0.16366920587598202,0.0015247269688252072,0.16366920587598202,0.22,32,35
16,1.1xAcrit,1000,150,0.660747029467958,0.6400565166072167,0.3040205959595953,0.2555230728633103,0.015143078261349174,0.8325901989735831,0.015143078261349174,0.8325901989735831,0.22,32,35
16,1.1xAcrit,10000,150,0.9999797555677687,0.9999634398971416,0.9733252072583909,0.9476969622485106,0.1415175614212521,0.9999999827094502,0.1415175614212521,0.9999999827094502,0.18666666666666668,32,35
16,2xAcrit,10,150,0.008025262909396036,0.007599849036470097,0.003993039948517796,0.0030977822221945894,0.0001525774136723498,0.017714329137449757,0.0001525774136723498,0.017714329137449757,0.14666666666666667,26,22
16,2xAcrit,100,150,0.07741494095911772,0.07345137238355931,0.0392204845453506,0.03054952349125778,0.0015247269688252072,0.16366920587598202,0.0015247269688252072,0.16366920587598202,0.14666666666666667,26,22
16,2xAcrit,1000,150,0.5532198328172363,0.5336819577461589,0.32974882143367507,0.26674173334040563,0.015143078261349174,0.8325901989735831,0.015143078261349174,0.8325901989735831,0.14666666666666667,26,22
16,2xAcrit,10000,150,0.9996809180943516,0.9995137865537193,0.9817021742569956,0.9550594880524856,0.1415175614212521,0.9999999827094502,0.1415175614212521,0.9999999827094502,0.13333333333333333,26,22
16,5xAcrit,10,150,0.008733571248796257,0.008401203226758691,0.002683191185957279,0.0022576873880449377,0.0001525774136723498,0.017714329137449757,0.0001525774136723498,0.017714329137449757,0.04,6,4
16,5xAcrit,100,150,0.0839819943969306,0.08090604194586226,0.02651024019533188,0.02234887727318735,0.0015247269688252072,0.16366920587598202,0.0015247269688252072,0.16366920587598202,0.04,6,4
16,5xAcrit,1000,150,0.5840482252502128,0.5698706162059414,0.23561191440850365,0.20230100603329926,0.015143078261349174,0.8325901989735831,0.015143078261349174,0.8325901989735831,0.04,6,4
16,5xAcrit,10000,150,0.9998448622485756,0.999783234000165,0.9319007239213437,0.8956742474026675,0.1415175614212521,0.9999999827094502,0.1415175614212521,0.9999999827094502,0.02666666666666667,6,4
16,10xAcrit,10,150,0.006671917210453349,0.006391547665419162,0.0019279608357119504,0.0018528970485720553,0.0001525774136723498,0.017714329137449757,0.0001525774136723498,0.017714329137449757,0.006666666666666667,1,1
16,10xAcrit,100,150,0.06475045717830552,0.06210810333774586,0.019113198932090736,0.018375227145622453,0.0015247269688252072,0.16366920587598202,0.0015247269688252072,0.16366920587598202,0.006666666666666667,1,1
16,10xAcrit,1000,150,0.48795074635751656,0.4733417014004475,0.1755033287590353,0.1692784093661771,0.015143078261349174,0.8325901989735831,0.015143078261349174,0.8325901989735831,0.006666666666666667,1,1
16,10xAcrit,10000,150,0.9987503914393197,0.9983579026814042,0.8548259235979407,0.843470998470617,0.1415175614212521,0.9999999827094502,0.1415175614212521,0.9999999827094502,0.0,1,1
16,Amargin,10,150,0.007659006321334261,0.0074467343230971705,0.003760209021010097,0.0027431213384096487,0.0001525774136723498,0.017714329137449757,0.0001525774136723498,0.017714329137449757,0.07333333333333333,13,11
16,Amargin,100,150,0.07400353675060795,0.0720208331921236,0.03697216124885988,0.02709499631427953,0.0015247269688252072,0.16366920587598202,0.0015247269688252072,0.16366920587598202,0.07333333333333333,13,11
16,Amargin,1000,150,0.5364531749858372,0.5264320582963639,0.31389811192183364,0.24018564427502198,0.015143078261349174,0.8325901989735831,0.015143078261349174,0.8325901989735831,0.07333333333333333,13,11
16,Amargin,10000,150,0.9995418905552658,0.9994326826505153,0.9768843608797904,0.9358218285651259,0.1415175614212521,0.9999999827094502,0.1415175614212521,0.9999999827094502,0.06666666666666667,13,11
16,Aheur,10,150,0.004085670937853836,0.004074148422810786,0.0006350052068999079,0.0006280069870588934,0.0001525774136723498,0.017714329137449757,0.0001525774136723498,0.017714329137449757,0.0,0,0
16,Aheur,100,150,0.040113663432708,0.040002600831532564,0.0063319373379148725,0.006262351884275041,0.0015247269688252072,0.16366920587598202,0.0015247269688252072,0.16366920587598202,0.0,0,0
16,Aheur,1000,150,0.33595410200866915,0.33518537271048393,0.06154529819551674,0.06088790184803,0.015143078261349174,0.8325901989735831,0.015143078261349174,0.8325901989735831,0.0,0,0
16,Aheur,10000,150,0.983328256296797,0.9831342429412417,0.47017414301564847,0.46645094340739873,0.1415175614212521,0.9999999827094502,0.1415175614212521,0.9999999827094502,0.0,0,0
20,1.1xAcrit,10,150,0.0025346943952881396,0.0015233128585963596,0.0008738572350774909,0.00048294413994337537,1.9073322619911345e-05,0.0041203073609808625,9.536702236905002e-06,0.002062067530338662,0.41333333333333333,56,62
20,1.1xAcrit,100,150,0.025059718332994918,0.015129108291501547,0.008704288888364775,0.004818958679003282,0.00019071685640812213,0.0404474454306457,9.536292978210036e-05,0.020430378183014807,0.41333333333333333,56,62
20,1.1xAcrit,1000,150,0.22414091432926803,0.14139389233858862,0.08371140337230631,0.04715783465847845,0.001905532614865598,0.338259584560454,0.0009532201678953594,0.1865083786494737,0.41333333333333333,56,62
20,1.1xAcrit,10000,150,0.9209141238067484,0.782211371055451,0.5828196890040376,0.38310321723344104,0.01889275622277957,0.9838981195612596,0.009491417149575684,0.8730797723776871,0.41333333333333333,56,62
20,2xAcrit,10,150,0.001409760024951967,0.0009191544637657811,0.0006133877514439834,0.0003092101567626626,1.9073322619911345e-05,0.0041203073609808625,9.536702236905002e-06,0.002062067530338662,0.24666666666666667,36,38
20,2xAcrit,100,150,0.01400827884209943,0.00915361935418818,0.006116973791183644,0.0030878024811134552,0.00019071685640812213,0.0404474454306457,9.536292978210036e-05,0.020430378183014807,0.24666666666666667,36,38
20,2xAcrit,1000,150,0.1315546478344337,0.08785625075218817,0.0595130938992498,0.03045247139651136,0.001905532614865598,0.338259584560454,0.0009532201678953594,0.1865083786494737,0.24666666666666667,36,38
20,2xAcrit,10000,150,0.7554288911623781,0.6013110805320446,0.4585863374886695,0.26600745289672495,0.01889275622277957,0.9838981195612596,0.009491417149575684,0.8730797723776871,0.24666666666666667,36,38
20,5xAcrit,10,150,0.000892544354649305,0.0007296925170364732,0.00020739071828901334,0.00011960752150164122,1.9073322619911345e-05,0.0041203073609808625,9.536702236905002e-06,0.002062067530338662,0.03333333333333333,6,3
20,5xAcrit,100,150,0.008889680022108992,0.00727300559010996,0.002071972761528873,0.0011954316069544557,0.00019071685640812213,0.0404474454306457,9.536292978210036e-05,0.020430378183014807,0.03333333333333333,6,3
20,5xAcrit,1000,150,0.08542360530461773,0.07039474504353538,0.020527602926956323,0.011890208619017406,0.001905532614865598,0.338259584560454,0.0009532201678953594,0.1865083786494737,0.03333333333333333,6,3
20,5xAcrit,10000,150,0.5905504384633158,0.5180397132839405,0.18731542548683322,0.11273729929797077,0.01889275622277957,0.9838981195612596,0.009491417149575684,0.8730797723776871,0.03333333333333333,6,3
20,10xAcrit,10,150,0.0008706125719246116,0.0006285253106702027,0.00019077081642399074,0.00011385870502039763,1.9073322619911345e-05,0.0041203073609808625,9.536702236905002e-06,0.002062067530338662,0.006666666666666667,1,0
20,10xAcrit,100,150,0.008672096282531683,0.006267504555007686,0.00190607127678466,0.0011380038370334966,0.00019071685640812213,0.0404474454306457,9.536292978210036e-05,0.020430378183014807,0.006666666666666667,1,0
20,10xAcrit,1000,150,0.08341381134595183,0.06093646924247781,0.0188980499104206,0.011321935613206713,0.001905532614865598,0.338259584560454,0.0009532201678953594,0.1865083786494737,0.006666666666666667,1,0
20,10xAcrit,10000,150,0.5814636459226878,0.466719669093249,0.17369297633078806,0.10762155951107316,0.01889275622277957,0.9838981195612596,0.009491417149575684,0.8730797723776871,0.006666666666666667,1,0
20,Amargin,10,150,0.0011394541168177619,0.0008911032643791339,0.00028992910004438377,0.0002099485462866979,1.9073322619911345e-05,0.0041203073609808625,9.536702236905002e-06,0.002062067530338662,0.06666666666666667,11,8
20,Amargin,100,150,0.011336288333473166,0.008875383621058719,0.0028955099172065513,0.002097503035724424,0.00019071685640812213,0.0404474454306457,9.536292978210036e-05,0.020430378183014807,0.06666666666666667,11,8
20,Amargin,1000,150,0.10775090702922696,0.08529160283820786,0.02858058641272604,0.02077815436754249,0.001905532614865598,0.338259584560454,0.0009532201678953594,0.1865083786494737,0.06666666666666667,11,8
20,Amargin,10000,150,0.6801997891257309,0.5899559672359185,0.25170353522582234,0.18939182673210542,0.01889275622277957,0.9838981195612596,0.009491417149575684,0.8730797723776871,0.06666666666666667,11,8
20,Aheur,10,150,0.0006115430805345712,0.0003492436169415525,0.00018751044204468048,0.00018089644726537735,1.9073322619911345e-05,0.0041203073609808625,9.536702236905002e-06,0.002062067530338662,0.0,0,0
20,Aheur,100,150,0.006098628897667546,0.00348695257803755,0.0018735230019533144,0.0018074926241682387,0.00019071685640812213,0.0404474454306457,9.536292978210036e-05,0.020430378183014807,0.0,0,0
20,Aheur,1000,150,0.0593395225033449,0.03432743478821165,0.018578062417446917,0.017928616289478116,0.001905532614865598,0.338259584560454,0.0009532201678953594,0.1865083786494737,0.0,0,0
20,Aheur,10000,150,0.45758839017557523,0.29482170923872675,0.17099409679576044,0.16549188454291802,0.01889275622277957,0.9838981195612596,0.009491417149575684,0.8730797723776871,0.0,0,0
