n_assets,backend,p_layers,step,expectation
8,braket_sv1,2,0,1.6093311965180206
8,braket_sv1,2,1,0.06594434979367175
8,braket_sv1,2,2,-1.1925957483173988
8,braket_sv1,2,3,-0.9304571906924411
8,braket_sv1,2,4,-0.790552085178355
8,braket_sv1,2,5,-0.9541859863394675
8,braket_sv1,2,6,-1.1759927348838213
8,braket_sv1,2,7,-1.3814018358962956
8,braket_sv1,2,8,-1.4565627011670383
8,braket_sv1,2,9,-1.3951534610483998
8,braket_sv1,2,10,-1.328441215322282
8,braket_sv1,2,11,-1.3773448185223507
8,braket_sv1,2,12,-1.6112485785144215
8,braket_sv1,2,13,-1.8988335253177733
8,braket_sv1,2,14,-1.920059406973981
8,braket_sv1,2,15,-1.7467816926051796
8,braket_sv1,2,16,-1.7001199940307798
8,braket_sv1,2,17,-1.748886672523517
8,braket_sv1,2,18,-1.837486383572214
8,braket_sv1,2,19,-1.952294818866499
8,braket_sv1,2,20,-1.9771082347839162
8,braket_sv1,2,21,-1.9072200118633493
8,braket_sv1,2,22,-1.8343648136387363
8,braket_sv1,2,23,-1.8472082930687996
8,braket_sv1,2,24,-1.9361689226755696
8,braket_sv1,2,25,-1.9867004731488407
8,braket_sv1,2,26,-1.9598299279530886
8,braket_sv1,2,27,-1.919226437690988
8,braket_sv1,2,28,-1.9151896171808225
8,braket_sv1,2,29,-1.9504706546383752
8,braket_sv1,2,30,-2.00192248424118
8,braket_sv1,2,31,-2.016431487456115
8,braket_sv1,2,32,-1.981451849702598
8,braket_sv1,2,33,-1.9595509357776133
8,braket_sv1,2,34,-1.9771637004868154
8,braket_sv1,2,35,-2.0031910631768186
8,braket_sv1,2,36,-2.0143427793974205
8,braket_sv1,2,37,-2.006226925767314
8,braket_sv1,2,38,-1.9879865117945645
8,braket_sv1,2,39,-1.9845041840429118
8,braket_sv1,2,40,-2.000862170825758
8,braket_sv1,2,41,-2.0133988237618814
8,braket_sv1,2,42,-2.0100458155925005
8,braket_sv1,2,43,-2.0037471490223324
8,braket_sv1,2,44,-2.0055440265401194
8,braket_sv1,2,45,-2.0139782193395512
8,braket_sv1,2,46,-2.020833107762152
8,braket_sv1,2,47,-2.018328655121792
8,braket_sv1,2,48,-2.010989651845754
8,braket_sv1,2,49,-2.0110949490432435
12,braket_sv1,2,0,-0.3600299821033446
12,braket_sv1,2,1,-1.3411782397020722
12,braket_sv1,2,2,-1.0187157132562474
12,braket_sv1,2,3,-0.8943191389197312
12,braket_sv1,2,4,-1.0470816421379614
12,braket_sv1,2,5,-1.3305876438096451
12,braket_sv1,2,6,-1.4956121307156593
12,braket_sv1,2,7,-1.3399560027620847
12,braket_sv1,2,8,-1.2734818341712404
12,braket_sv1,2,9,-1.3609801716719003
12,braket_sv1,2,10,-1.3725257596999114
12,braket_sv1,2,11,-1.376177096014713
12,braket_sv1,2,12,-1.4487990028163233
12,braket_sv1,2,13,-1.4437881329409434
12,braket_sv1,2,14,-1.4063599904634967
12,braket_sv1,2,15,-1.447811958075352
12,braket_sv1,2,16,-1.4957886319012526
12,braket_sv1,2,17,-1.4778181566471595
12,braket_sv1,2,18,-1.4403841862369604
12,braket_sv1,2,19,-1.4409516117214745
12,braket_sv1,2,20,-1.4583908651311317
12,braket_sv1,2,21,-1.4638227870532732
12,braket_sv1,2,22,-1.4717293246807006
12,braket_sv1,2,23,-1.4919326723025115
12,braket_sv1,2,24,-1.4996445759515091
12,braket_sv1,2,25,-1.4831991309557764
12,braket_sv1,2,26,-1.4730957792447987
12,braket_sv1,2,27,-1.48230264558963
12,braket_sv1,2,28,-1.4872328250278015
12,braket_sv1,2,29,-1.4852015199624102
12,braket_sv1,2,30,-1.491625456499329
12,braket_sv1,2,31,-1.4989478460197505
12,braket_sv1,2,32,-1.4971950088485084
12,braket_sv1,2,33,-1.4987572328485583
12,braket_sv1,2,34,-1.5071563634915413
12,braket_sv1,2,35,-1.5080786619589577
12,braket_sv1,2,36,-1.50288398341413
12,braket_sv1,2,37,-1.5048670775081807
12,braket_sv1,2,38,-1.5104237727951066
12,braket_sv1,2,39,-1.511549044538207
12,braket_sv1,2,40,-1.513306338284056
12,braket_sv1,2,41,-1.51470735990496
12,braket_sv1,2,42,-1.5098095410003691
12,braket_sv1,2,43,-1.5071284434175585
12,braket_sv1,2,44,-1.5111565349213967
12,braket_sv1,2,45,-1.5130615572960564
12,braket_sv1,2,46,-1.5126504496320001
12,braket_sv1,2,47,-1.5137590484264003
12,braket_sv1,2,48,-1.5131802730605675
12,braket_sv1,2,49,-1.5123869624160284
20,braket_sv1,2,0,0.7829868535391367
20,braket_sv1,2,1,0.8157966710484756
20,braket_sv1,2,2,0.8089374190154888
20,braket_sv1,2,3,0.015025639364358322
20,braket_sv1,2,4,-0.1505167954921407
20,braket_sv1,2,5,0.18942468462595258
20,braket_sv1,2,6,-0.0786747104780451
20,braket_sv1,2,7,-0.5525308403021117
20,braket_sv1,2,8,-0.6360361190457486
20,braket_sv1,2,9,-0.5411697728911841
20,braket_sv1,2,10,-0.6559006036361147
20,braket_sv1,2,11,-0.8624387856180566
20,braket_sv1,2,12,-0.8108404226728422
20,braket_sv1,2,13,-0.6849867376961588
20,braket_sv1,2,14,-0.6826119504234803
20,braket_sv1,2,15,-0.7144995530645661
20,braket_sv1,2,16,-0.6779272196185744
20,braket_sv1,2,17,-0.6539648660572133
20,braket_sv1,2,18,-0.7346668219795706
20,braket_sv1,2,19,-0.8580033501958708
20,braket_sv1,2,20,-0.9005744810712529
20,braket_sv1,2,21,-0.8615160020452285
20,braket_sv1,2,22,-0.8407558526308878
20,braket_sv1,2,23,-0.849902554886526
20,braket_sv1,2,24,-0.8406477139186745
20,braket_sv1,2,25,-0.8277105312691427
20,braket_sv1,2,26,-0.8389305275003179
20,braket_sv1,2,27,-0.8503258292875207
20,braket_sv1,2,28,-0.8423784215173538
20,braket_sv1,2,29,-0.8422346101512143
20,braket_sv1,2,30,-0.8697893400355423
20,braket_sv1,2,31,-0.900342505961741
20,braket_sv1,2,32,-0.9074716500067732
20,braket_sv1,2,33,-0.8962963081284251
20,braket_sv1,2,34,-0.8854121183463918
20,braket_sv1,2,35,-0.8851088418973556
20,braket_sv1,2,36,-0.8920045006927537
20,braket_sv1,2,37,-0.8987276195629604
20,braket_sv1,2,38,-0.8971681834068364
20,braket_sv1,2,39,-0.8911373489903986
20,braket_sv1,2,40,-0.8969143870071301
20,braket_sv1,2,41,-0.9120497040891015
20,braket_sv1,2,42,-0.9158888836351505
20,braket_sv1,2,43,-0.9065889000007206
20,braket_sv1,2,44,-0.9015748029263551
20,braket_sv1,2,45,-0.9049057415649975
20,braket_sv1,2,46,-0.9084196259938105
20,braket_sv1,2,47,-0.9099223776687317
20,braket_sv1,2,48,-0.9099361340009211
20,braket_sv1,2,49,-0.9088755046669145
16,braket_sv1,2,0,1.1592213715564015
16,braket_sv1,2,1,-0.4429890890812229
16,braket_sv1,2,2,-1.0113315435610426
16,braket_sv1,2,3,-1.3650762470722155
16,braket_sv1,2,4,-1.7025322712025266
16,braket_sv1,2,5,-1.5973582980271908
16,braket_sv1,2,6,-1.4490387573396435
16,braket_sv1,2,7,-1.6222564292137285
16,braket_sv1,2,8,-1.9891288770556304
16,braket_sv1,2,9,-2.453597737075568
16,braket_sv1,2,10,-2.8929220742173634
16,braket_sv1,2,11,-3.1579163135124992
16,braket_sv1,2,12,-3.379350891197956
16,braket_sv1,2,13,-3.670542054138731
16,braket_sv1,2,14,-3.9821089074860425
16,braket_sv1,2,15,-4.227978257032843
16,braket_sv1,2,16,-4.402190232447051
16,braket_sv1,2,17,-4.53142717561003
16,braket_sv1,2,18,-4.585811374310996
16,braket_sv1,2,19,-4.575987502765173
16,braket_sv1,2,20,-4.565337450120464
16,braket_sv1,2,21,-4.580971951071585
16,braket_sv1,2,22,-4.607864861418586
16,braket_sv1,2,23,-4.625659785037432
16,braket_sv1,2,24,-4.62711235045905
16,braket_sv1,2,25,-4.616011863214991
16,braket_sv1,2,26,-4.599250994084043
16,braket_sv1,2,27,-4.5823620495389035
16,braket_sv1,2,28,-4.568671711663856
16,braket_sv1,2,29,-4.5597601523853175
16,braket_sv1,2,30,-4.5562051795376615
16,braket_sv1,2,31,-4.558344631206786
16,braket_sv1,2,32,-4.566810227165837
16,braket_sv1,2,33,-4.582650865606917
16,braket_sv1,2,34,-4.6070652577210405
16,braket_sv1,2,35,-4.640908399001648
16,braket_sv1,2,36,-4.684180153390984
16,braket_sv1,2,37,-4.735704202469118
16,braket_sv1,2,38,-4.793138730102268
16,braket_sv1,2,39,-4.853271367472939
16,braket_sv1,2,40,-4.912361074721667
16,braket_sv1,2,41,-4.966346920669011
16,braket_sv1,2,42,-5.011049314739599
16,braket_sv1,2,43,-5.042690106501851
16,braket_sv1,2,44,-5.058865979288638
16,braket_sv1,2,45,-5.059640696786209
16,braket_sv1,2,46,-5.04806696948174
16,braket_sv1,2,47,-5.0295872181534245
16,braket_sv1,2,48,-5.010440594280554
16,braket_sv1,2,49,-4.995870762562495
