n_assets,instance,penalty_label,penalty,n_select,delta_F,max_abs_Q,max_abs_Q_objective,max_abs_Q_penalty,qubo_ratio_objective_over_max,s_H,s_H_objective_only,s_H_penalty_only,ising_ratio_objective_over_s_H,epsilon_F,delta_F_over_A
12,0,Aheur,12.999999999979208,2,0.6490147388383165,39.26332831917058,0.46127650039295737,38.99999999993762,0.011748278104272073,52.55393699499583,0.5539369950790003,51.99999999991684,0.010540352003157175,0.012349497981475974,0.04992421067995035
12,0,Amargin,0.19822334062316602,2,0.6490147388383165,0.8579983411024619,0.46127650039295737,0.594670021869498,0.537619338284795,1.3468303575716642,0.5539369950790003,0.7928933624926642,0.4112893594689601,0.4818830635867834,3.2741590208195053
12,0,1.1xAcrit,0.01178830224062556,2,0.6490147388383165,0.48485310487420846,0.46127650039295737,0.0353649067218767,0.9513737166076973,0.6010902040415026,0.5539369950790003,0.047153208962502254,0.9215538555686618,1.0797293558846701,55.055827852940745
12,1,Aheur,12.999999999983347,2,0.6821104373880992,39.0222431838798,0.5282318716380896,38.99999999995004,0.013536686477734414,52.83619466974709,0.8361946698137026,51.99999999993338,0.01582617134031589,0.012909908475650718,0.052470033645305614
12,1,Amargin,0.3539176455668778,2,0.6821104373880992,1.2360671627718451,0.5282318716380896,1.0617529367006335,0.42734884280361013,2.2518652520812137,0.8361946698137026,1.4156705822675113,0.37133423904511015,0.30290908248514453,1.9273140119802379
12,1,1.1xAcrit,0.19328748548091002,2,0.6821104373880992,0.9148068425999096,0.5282318716380896,0.57986245644273,0.5774244868313819,1.6093446117373424,0.8361946698137026,0.7731499419236401,0.5195870814213011,0.4238436146076493,3.5289943148205922
12,2,Aheur,12.99999999998611,2,0.5915073884278561,39.13692355386821,0.2779624964814062,38.999999999958334,0.007102308286925455,52.43747176825782,0.43747176831337375,51.99999999994445,0.00834273189689115,0.01128024232445767,0.04550056834065293
12,2,Amargin,0.15047462098089207,2,0.5915073884278561,0.5883474168525487,0.2779624964814062,0.4514238629426762,0.4724461916879105,1.0393702522369421,0.43747176831337375,0.6018984839235683,0.4209007977396342,0.5691017105355946,3.9309445311908666
12,3,Aheur,12.99999999998611,2,0.7183763607746534,39.13692355386821,0.5376305660860391,38.999999999958334,0.013737169845402958,52.72899469693888,0.7289946969944382,51.99999999994445,0.01382530998712098,0.013623934325005402,0.055259720059647764
12,3,Amargin,0.20186523904343281,2,0.7183763607746534,0.9413610441729048,0.5376305660860391,0.6055957171302985,0.5711204743536101,1.5364556531681692,0.7289946969944382,0.8074609561737313,0.47446517280941514,0.4675542436212607,3.5586927406560043
12,3,1.1xAcrit,0.059659131146647726,2,0.7183763607746534,0.6569488283793345,0.5376305660860391,0.17897739343994318,0.8183751045151437,0.967631221581029,0.7289946969944382,0.23863652458659093,0.7533807102703047,0.7424071740894078,12.041348021123826
12,4,Aheur,12.999999999979208,2,0.7133683375969784,39.26047949659799,0.2604794966603637,38.99999999993762,0.006634648888660029,52.385784376424596,0.3857843765077667,51.99999999991684,0.007364295125098536,0.013617593896675882,0.05487448750754764
12,4,Amargin,0.12954294170129868,2,0.7133683375969784,0.6491083217642597,0.2604794966603637,0.38862882510389607,0.4012881793787316,0.9039561433129614,0.3857843765077667,0.5181717668051947,0.4267733333764215,0.7891625527124727,5.506809774644996
12,5,Aheur,12.999999999974966,2,0.6963787541284728,39.119507144949004,0.68251187859831,38.999999999924896,0.017446842468372813,53.21409290623708,1.2140929063372168,51.999999999899856,0.022815251374789784,0.013086359573120755,0.05356759647152414
12,5,Amargin,0.42247766420937366,2,0.6963787541284728,1.5274672070170574,0.68251187859831,1.267432992628121,0.44682587977202204,2.9040035631747116,1.2140929063372168,1.6899106568374944,0.4180755567014344,0.23979955223167096,1.6483208773455011
12,5,1.1xAcrit,0.276474787841285,2,0.6963787541284728,1.23546145428088,0.68251187859831,0.829424363523855,0.5524347815412638,2.3199920577023567,1.2140929063372168,1.10589915136514,0.5233176994319602,0.3001642836735154,2.518778509844597
12,6,Aheur,12.999999999975014,2,0.9042243763176306,39.084550082700254,0.4818616034533114,38.99999999992504,0.01232869771901493,52.97640523221024,0.9764052323101841,51.99999999990006,0.018430945399755417,0.017068435888659583,0.06955572125533604
12,6,Amargin,0.44182107852103675,2,0.9042243763176306,1.410013318338326,0.4818616034533114,1.3254632355631104,0.34174259007792646,2.7436895463943314,0.9764052323101841,1.7672843140841472,0.3558730737569578,0.32956512062595905,2.046584964539163
12,6,1.1xAcrit,0.27032822526972927,2,0.9042243763176306,1.02251805399277,0.4818616034533114,0.8109846758091879,0.4712499711586692,2.057718133389101,0.9764052323101841,1.081312901078917,0.4745087368705966,0.4394306302916016,3.34491293099494
12,7,Aheur,12.999999999974966,2,1.1416497313076124,39.22465549954297,0.5643915443191876,38.999999999924896,0.014388693466683568,52.82132507196758,0.821325072067716,51.999999999899856,0.01554911905274401,0.021613424686945028,0.08781921010075468
12,7,Amargin,0.2451029175931008,2,1.1416497313076124,1.0545973795053891,0.5643915443191876,0.7353087527793025,0.5351725267740469,1.801736742440119,0.821325072067716,0.9804116703724032,0.455851874872343,0.633638480259585,4.65783819514904
12,8,Aheur,12.99999999997615,2,1.0175618013780192,39.26411700705006,0.43714108097802934,38.99999999992845,0.011133348061782176,52.57412992192412,0.5741299220195212,51.99999999990461,0.010920388466193167,0.01935480060039343,0.07827398472152969
12,8,Amargin,0.29081914513312296,2,1.0175618013780192,1.13657444252098,0.43714108097802934,0.8724574353993689,0.3846128019634404,1.7374065025520133,0.5741299220195212,1.1632765805324918,0.3304522696192299,0.5856785961623602,3.4989505278692317
12,8,1.1xAcrit,0.1298598499872395,2,1.0175618013780192,0.6968607809525084,0.43714108097802934,0.3895795499617185,0.6273004492813047,1.0935693219684792,0.5741299220195212,0.5194393999489582,0.5250055122121191,0.9304959282749056,7.835846117780118
12,9,Aheur,12.99999999998611,2,0.6975894625131225,39.13692355386821,0.2779624964814062,38.999999999958334,0.007102308286925455,52.40181886605155,0.40181886610710543,51.99999999994445,0.007668032805010577,0.013312313915978495,0.05366072788568214
12,9,Amargin,0.1680400752662409,2,0.6975894625131225,0.6410437797085953,0.2779624964814062,0.5041202257987227,0.433609224954592,1.0739791671720689,0.40181886610710543,0.6721603010649637,0.37414027980184045,0.6495372385574005,4.151327957975912
12,10,Aheur,12.999999999983347,2,0.869694736903444,39.14838322084873,0.41071538336350527,38.99999999995004,0.010491247647355616,52.69531678145856,0.6953167815251781,51.99999999993338,0.013195039407559518,0.016504213088049145,0.06689959514650447
12,10,Amargin,0.2433007859031983,2,0.869694736903444,0.8973169551699018,0.41071538336350527,0.7299023577095949,0.457714947875624,1.6685199251379712,0.6953167815251781,0.9732031436127935,0.4167266875567469,0.5212372497328902,3.5745660815475873
12,10,1.1xAcrit,0.028951399169234667,2,0.869694736903444,0.4686181817019746,0.41071538336350527,0.08685419750770401,0.8764392834094227,0.8111223782021169,0.6953167815251781,0.11580559667693868,0.8572279599366667,1.0722114939439287,30.039817136977234
12,11,Aheur,12.999999999983347,2,0.6221463013337335,39.08006450502948,0.3830639845745683,38.99999999995004,0.009802030509066053,52.633164399360034,0.6331643994266526,51.99999999993338,0.012029761209537903,0.011820423651770749,0.047857407794963884
12,11,Amargin,0.20631487380212257,2,0.6221463013337335,0.7956937321788135,0.3830639845745683,0.6189446214063679,0.481421392532075,1.4584238946351429,0.6331643994266526,0.8252594952084903,0.4341429139743029,0.42658811585734285,3.0155184154606154
12,11,1.1xAcrit,0.0926733818964211,2,0.6221463013337335,0.5684107483674106,0.3830639845745683,0.2780201456892633,0.6739210785067045,1.003857927012337,0.6331643994266526,0.3706935275856845,0.6307310849365553,0.6197553305031457,6.71332251615779
12,12,Aheur,12.999999999983347,2,0.8428162040727097,39.0799520620133,0.4331605743170333,38.99999999995004,0.011083958691394516,52.78359041780369,0.7835904178703009,51.99999999993338,0.01484534135832486,0.01596739057349974,0.0648320156979838
12,12,Amargin,0.3135759719142592,2,0.8428162040727097,1.0603125181455517,0.4331605743170333,0.9407279157427776,0.40852160745457905,2.0378943055273377,0.7835904178703009,1.2543038876570367,0.38450984221555806,0.4135720884968161,2.687757607598711
12,12,1.1xAcrit,0.13815173712408935,2,0.8428162040727097,0.709464048565212,0.4331605743170333,0.41445521137226804,0.6105461935570065,1.3361973663666584,0.7835904178703009,0.5526069484963574,0.5864331404880798,0.6307572708098254,6.100655855783293
12,13,Aheur,12.99999999998611,2,0.773975113259836,39.13692355386821,0.5376305660860391,38.999999999958334,0.013737169845402958,52.603733701089524,0.603733701145084,51.99999999994445,0.011477012346227802,0.014713311371732641,0.05953654717389715
12,13,Amargin,0.13425985034540147,2,0.773975113259836,0.8061502667768421,0.5376305660860391,0.4027795510362045,0.6669111060839797,1.1407731025266896,0.603733701145084,0.5370394013816059,0.5292320618428668,0.6784654297559826,5.764754774183654
12,14,Aheur,12.999999999983347,2,0.7840751922623391,39.19928490702535,0.37286828090214547,38.99999999995004,0.009512119463059885,52.46756320069909,0.46756320076570124,51.99999999993338,0.00891147162632991,0.014943998623741914,0.060313476327949506
12,14,Amargin,0.18388234511847354,2,0.7840751922623391,0.7509319424307322,0.37286828090214547,0.5516470353554206,0.4965407113928167,1.2030925812395954,0.46756320076570124,0.7355293804738943,0.388634431012742,0.651716421902024,4.264004745845325
12,14,1.1xAcrit,0.03831354094865024,2,0.7840751922623391,0.44949536279944596,0.37286828090214547,0.11494062284595075,0.8295264239878496,0.6208173645603022,0.46756320076570124,0.153254163794601,0.7531413060536021,1.2629723925613217,20.464701848184603
12,15,Aheur,12.999999999976737,2,0.850898563547299,39.25240389206402,0.49438756455087396,38.99999999993021,0.012595090122641595,52.64769578991954,0.6476957900125957,51.99999999990695,0.012302452753053061,0.0161621235417908,0.06545373565760167
12,15,Amargin,0.2427475292152443,2,0.850898563547299,0.9806464797795407,0.49438756455087396,0.7282425876457329,0.5041445360228258,1.6186859068735728,0.6476957900125957,0.9709901168609774,0.4001367944591513,0.52567243585309,3.5052820776305698
12,15,1.1xAcrit,0.05503718281970264,2,0.850898563547299,0.6044619301902793,0.49438756455087396,0.16511154845910792,0.8178969424844426,0.8678445212914063,0.6476957900125957,0.22014873127881063,0.7463269907480482,0.9804735095649498,15.460430929663929
12,16,Aheur,12.999999999962393,2,0.8828118959897276,39.19018122684205,0.5184148620885639,38.99999999988718,0.013228182311478886,52.92919509231223,0.9291950924626569,51.99999999984958,0.01755543591475509,0.0166791105447578,0.06790860738402166
12,16,Amargin,0.33751124654075176,2,0.8828118959897276,1.2027149665771248,0.5184148620885639,1.0125337396222553,0.4310371754697211,2.279240078625664,0.9291950924626569,1.3500449861630073,0.4076775856902898,0.38732729573711494,2.61565178949714
12,16,1.1xAcrit,0.10407023552385707,2,0.8828118959897276,0.7265553331362781,0.5184148620885639,0.3122107065715712,0.7135242677949295,1.3454760345580852,0.9291950924626569,0.4162809420954283,0.6906069440083682,0.6561334972270114,8.482847103650032
12,17,Aheur,12.999999999965603,2,1.0185626078341847,39.389481345104166,0.4613530170312726,38.99999999989681,0.011712594359626306,52.70546847066459,0.705468470802181,51.999999999862425,0.013385109577288714,0.01932555837922412,0.07835096983360613
12,17,Amargin,0.22336038026329874,2,1.0185626078341847,1.0595624859972532,0.4613530170312726,0.6700811407898963,0.43541841385319546,1.598909991855376,0.705468470802181,0.8934415210531951,0.4412183765163385,0.6370356136509249,4.560175831691798
12,18,Aheur,12.999999999979208,2,0.7615099732954004,39.126471359330694,0.2771470388138727,38.99999999993762,0.0070833640035821935,52.39662116152673,0.3966211616098973,51.99999999991684,0.007569594237521643,0.014533570226748787,0.05857769025358603
12,18,Amargin,0.1269814771766112,2,0.7615099732954004,0.5074157909229026,0.2771470388138727,0.3809444315298336,0.5461931689390068,0.9045470703163421,0.3966211616098973,0.5079259087064449,0.4384748728125218,0.8418688184232158,5.997016180842345
12,19,Aheur,12.99999999998611,2,0.49957785657085463,39.13692355386821,0.3297733521860579,38.999999999958334,0.00842614396433477,52.467655261995645,0.4676552620512062,51.99999999994445,0.0089132106193041,0.009521634882981292,0.0384290658901068
12,19,Amargin,0.11350745476628496,2,0.49957785657085463,0.5567882617186278,0.3297733521860579,0.34052236429885485,0.5922778457436454,0.921685081116346,0.4676552620512062,0.4540298190651399,0.5073915935416701,0.5420266279733696,4.401277938964445
12,20,Aheur,12.999999999979208,2,0.9075090284726293,39.27392411706114,0.2740066283117205,38.99999999993762,0.00697680800866772,52.376125142286824,0.37612514236999545,51.99999999991684,0.007181232696160715,0.0173267691339758,0.06980838680569852
12,20,Amargin,0.18119581183300792,2,0.9075090284726293,0.8175115526225448,0.2740066283117205,0.5435874354990238,0.33517156721849134,1.1009083897020273,0.37612514236999545,0.7247832473320317,0.34164981018247825,0.8243274708064096,5.0084437343894
12,21,Aheur,12.999999999975014,2,1.0367050408156468,39.246770046483086,0.421370927467257,38.99999999992504,0.0107364485527903,52.797960290366895,0.7979602904668341,51.99999999990006,0.015113468135480677,0.019635323696487496,0.07974654160135689
12,21,Amargin,0.3003595355914736,2,1.0367050408156468,1.147848653332467,0.421370927467257,0.9010786067744208,0.36709624238693916,1.9993984328327283,0.7979602904668341,1.2014381423658946,0.3991001880181989,0.5185084792463567,3.451546956130918
12,21,1.1xAcrit,0.07985096332759496,2,1.0367050408156468,0.5810728541224469,0.421370927467257,0.2395528899827849,0.7251602350339075,1.1173641437772137,0.7979602904668341,0.3194038533103799,0.714145245228073,0.9278130559220369,12.98299979879368
12,22,Aheur,12.999999999979208,2,0.7019830972905491,39.17133669836945,0.46127650039295737,38.99999999993762,0.01177586825654991,52.65766289015039,0.6576628902335576,51.99999999991684,0.012489405228741616,0.013331072037035941,0.05399869979166706
12,22,Amargin,0.20313698953409567,2,0.7019830972905491,0.8675504794611487,0.46127650039295737,0.609410968602287,0.531699896793861,1.4702108483699403,0.6576628902335576,0.8125479581363828,0.44732555943436614,0.47747103625908854,3.455712811834913
12,22,1.1xAcrit,0.05508303645947663,2,0.7019830972905491,0.5714425733119106,0.46127650039295737,0.1652491093784299,0.8072140962818651,0.8779950360714641,0.6576628902335576,0.22033214583790658,0.749050806911427,0.799529688039616,12.744088605336463
12,23,Aheur,12.999999999976737,2,0.8983777710147594,39.0982661313966,0.4823924870798102,38.99999999993021,0.01233795088146992,52.922866074530525,0.9228660746235778,51.99999999990695,0.01743794588380604,0.016975229001195562,0.06910598238587438
12,23,Amargin,0.25807042649381606,2,0.8983777710147594,0.9985333400674423,0.4823924870798102,0.7742112794814482,0.48310103200683185,1.955147780598842,0.9228660746235778,1.0322817059752643,0.47201857771636746,0.4594935379972123,3.4811341354383605
12,23,1.1xAcrit,0.05708730249659597,2,0.8983777710147594,0.5965670920730022,0.4823924870798102,0.17126190748978792,0.8086139740017366,1.1512152846099617,0.9228660746235778,0.22834920998638392,0.8016450849471218,0.7803733871715705,15.736910516455533
12,24,Aheur,12.999999999976737,2,1.0100916874691364,39.2128347963522,0.4511426943582029,38.99999999993021,0.011504975263868728,52.734461491251764,0.7344614913448105,51.99999999990695,0.013927543215107108,0.019154299843124455,0.07769936057468799
12,24,Amargin,0.2812680316425777,2,1.0100916874691364,1.0566388913497209,0.4511426943582029,0.843804094927733,0.4269601450898006,1.8595336179151214,0.7344614913448105,1.125072126570311,0.39497080572723214,0.5431962497142884,3.591206869726005
12,24,1.1xAcrit,0.08042403910174535,2,1.0100916874691364,0.6119907725616937,0.4511426943582029,0.2412721173052361,0.7371723800177462,1.056157647751792,0.7344614913448105,0.3216961564069814,0.6954089599296417,0.9563834429635436,12.559574211278521
12,25,Aheur,12.99999999998611,2,0.6679895652056258,39.13940102910428,0.5376305660860391,38.999999999958334,0.01373630029969682,52.49360185006062,0.4936018501161849,51.99999999994445,0.009403085951809475,0.012725161575188318,0.05138381270817996
12,25,Amargin,0.20960145643942812,2,0.6679895652056258,0.9568334789648953,0.5376305660860391,0.6288043693182843,0.5618851951832299,1.3320076758738972,0.4936018501161849,0.8384058257577127,0.37056982407578465,0.5014907776468889,3.1869509713958757
12,25,1.1xAcrit,0.05646343685420278,2,0.6679895652056258,0.6505574397944447,0.5376305660860391,0.16939031056260834,0.8264152143981524,0.7194555975329961,0.4936018501161849,0.22585374741681116,0.6860768778625661,0.9284653111271263,11.830480084492146
12,26,Aheur,12.99999999998611,2,0.4122828707903301,39.13692355386821,0.37799724201278095,38.999999999958334,0.009658327934041727,52.44409812034915,0.4440981204047076,51.99999999994445,0.00846802855462568,0.0078613778397756,0.03171406698390543
12,26,Amargin,0.15920799778633007,2,0.4122828707903301,0.696413237585441,0.37799724201278095,0.47762399335899025,0.5427772213568894,1.0809301115500278,0.4440981204047076,0.6368319911453204,0.4108481350083601,0.3814149188601346,2.589586431101576
12,26,1.1xAcrit,0.07358246297493908,2,0.4122828707903301,0.5251621679626591,0.37799724201278095,0.2207473889248172,0.7197724152126241,0.7384279723044637,0.4440981204047076,0.29432985189975636,0.601410207983833,0.5583250990664536,5.603004494844737
12,27,Aheur,12.999999999983347,2,0.7002182592257978,39.080525775296756,0.5282318716380896,38.99999999995004,0.01351649859255453,52.8474387290367,0.8474387291033183,51.99999999993338,0.01603556860055922,0.013249805024913481,0.05386294301743806
12,27,Amargin,0.26112691791997783,2,0.7002182592257978,1.0504857074780451,0.5282318716380896,0.7833807537599335,0.5028453675074199,1.8919464007832296,0.8474387291033183,1.0445076716799113,0.4479189942973516,0.370104702192367,2.6815246195353146
12,27,1.1xAcrit,0.12166078906651528,2,0.7002182592257978,0.7715534497711202,0.5282318716380896,0.3649823671995459,0.684634190664028,1.3340818853693797,0.8474387291033183,0.48664315626606125,0.635222424048341,0.5248690255860283,5.755496611508654
12,28,Aheur,12.99999999998611,2,0.41242683596852336,39.135867771243866,0.2892728930277218,38.999999999958334,0.007391503229686218,52.42952605601134,0.4295260560668981,51.99999999994445,0.008192445905538574,0.00786630868125569,0.031725141228381847
12,28,Amargin,0.17091731362533638,2,0.41242683596852336,0.6486197121615387,0.2892728930277218,0.5127519408760093,0.44598227220648884,1.1131953105682435,0.4295260560668981,0.6836692545013455,0.3858496815331009,0.3704891963279968,2.4130196480421757
12,28,1.1xAcrit,0.0855551016669137,2,0.41242683596852336,0.46038309636154917,0.2892728930277218,0.2566653050007411,0.6283308299411352,0.7717464627345528,0.4295260560668981,0.34222040666765485,0.5565636861423962,0.5344071607496051,4.820598981627056
12,29,Aheur,12.999999999974966,2,1.43851850240498,39.214697951540074,0.5678377598483115,38.999999999924896,0.014480227810246615,53.042099593222886,1.0420995933230297,51.999999999899856,0.01964665051562509,0.027120316002513172,0.11065526941598078
12,29,Amargin,0.36239383644671674,2,1.43851850240498,1.3018794609553317,0.5678377598483115,1.0871815093401502,0.4361676920777494,2.491674939109897,1.0420995933230297,1.449575345786867,0.4182325619469848,0.5773299236692822,3.9694894276064416
12,29,1.1xAcrit,0.04679128753739516,2,1.43851850240498,0.6614203349231018,0.5678377598483115,0.14037386261218548,0.8585127034449729,1.2292647434726103,1.0420995933230297,0.18716515014958063,0.8477421961839982,1.1702267636353407,30.74329812479149
16,0,Aheur,16.999999999972275,3,1.2705106296258624,85.26332831909434,0.46127650039295737,84.99999999986137,0.0054100222157250286,85.75412863060436,0.7541286307429914,84.99999999986136,0.008794079571276226,0.014815737153586285,0.0747359193898785
16,0,Amargin,0.31113031231330396,3,1.2705106296258624,1.8189798807994837,0.46127650039295737,1.5556515615665198,0.2535907654955566,2.3097801923095114,0.7541286307429914,1.55565156156652,0.3264936781663845,0.5500569421523611,4.083532138605883
16,0,1.1xAcrit,0.04852299130632842,3,1.2705106296258624,0.5583224830056142,0.46127650039295737,0.24261495653164217,0.8261829219374621,0.9967435872746334,0.7541286307429914,0.2426149565316421,0.7565924078879535,1.274661453403259,26.183683145275527
16,1,Aheur,16.999999999977796,3,1.2939192012170153,85.0805257752357,0.40331206040579953,84.99999999988898,0.004740356935161197,85.93887363468885,0.9388736347998632,84.999999999889,0.01092490039828601,0.015056273680258365,0.0761128941893356
16,1,Amargin,0.47365326741735486,3,1.2939192012170153,2.44879211243349,0.40331206040579953,2.3682663370867743,0.1646983663325376,3.307139971886637,0.9388736347998632,2.3682663370867747,0.2838929234266006,0.3912502077977873,2.7317856546672807
16,1,1.1xAcrit,0.18699000047858796,3,1.2939192012170153,1.0154757777396555,0.40331206040579953,0.9349500023929398,0.3971656136432231,1.8738236371928028,0.9388736347998632,0.93495000239294,0.5010469588303416,0.6905234705841639,6.919724038212304
16,2,Aheur,16.999999999972275,3,0.9002704346258038,85.26332831909434,0.3476624901180723,84.99999999986137,0.004077514882095154,85.5948553399006,0.5948553400392342,84.99999999986136,0.006949662309458201,0.010517810107287334,0.05295708438983953
16,2,Amargin,0.3395442826208949,3,0.9002704346258038,1.9610497323374385,0.3476624901180723,1.6977214131044747,0.17728387219618452,2.292576753143709,0.5948553400392342,1.6977214131044747,0.25947019624251855,0.3926893323816979,2.651408021589237
16,2,1.1xAcrit,0.13995950254637457,3,0.9002704346258038,0.9631258319648367,0.3476624901180723,0.699797512731873,0.36097307182470556,1.2946528527711068,0.5948553400392342,0.6997975127318727,0.45947092208231055,0.695375932396737,6.432363778425875
16,3,Aheur,16.999999999981483,3,1.7607173941878844,85.13940102905336,0.5376305660860391,84.99999999990742,0.006314709283690821,85.81868349196083,0.8186834920534076,84.9999999999074,0.009539688314259666,0.020516714106349837,0.10357161142292955
16,3,Amargin,0.3007600644778749,3,1.7607173941878844,1.643201351535319,0.5376305660860391,1.5038003223893748,0.32718483683311606,2.3224838144427817,0.8186834920534076,1.5038003223893748,0.3525034219667227,0.7581182625422609,5.854226016490995
16,3,1.1xAcrit,0.033043463666594844,3,1.7607173941878844,0.6037174934192288,0.5376305660860391,0.1652173183329742,0.8905333569863975,0.9839008103863819,0.8186834920534076,0.16521731833297423,0.8320792943873145,1.7895273340576308,53.284892042594024
16,4,Aheur,16.999999999977796,3,0.7426115576466197,85.1992849069643,0.28609593127266736,84.99999999988898,0.0033579616493856455,85.57504071063161,0.5750407107426354,84.999999999889,0.006719724652975758,0.008677898970071535,0.04368303280279939
16,4,Amargin,0.25206565047481155,3,0.7426115576466197,1.4596131594493693,0.28609593127266736,1.260328252374058,0.19600805146248163,1.8353689631166932,0.5750407107426354,1.260328252374058,0.3133106870054848,0.4046115917671232,2.946103748161543
16,4,1.1xAcrit,0.07524893233278247,3,0.7426115576466197,0.575529568739224,0.28609593127266736,0.37624466166391235,0.4971003173640574,0.9512853724065478,0.5750407107426354,0.37624466166391246,0.604488124618069,0.7806401519325078,9.86873214841745
16,5,Aheur,16.99999999996662,3,1.610017545529923,85.24967181660462,0.4613530170312726,84.9999999998331,0.005411786429204903,85.9101865406755,0.9101865408424109,84.99999999983311,0.010594628850112775,0.018740705967011672,0.09470691444312261
16,5,Amargin,0.5130221373337467,3,1.610017545529923,2.8147825034402616,0.4613530170312726,2.565110686668733,0.16390361119106053,3.4752972275111444,0.9101865408424109,2.5651106866687328,0.2619017831445302,0.4632747762650929,3.138300335142313
16,5,1.1xAcrit,0.12863469360398946,3,1.610017545529923,0.8928452847914758,0.4613530170312726,0.6431734680199475,0.5167222416804516,1.553360008862358,0.9101865408424109,0.6431734680199475,0.5859469380243726,1.0364741826391293,12.516199949031403
16,6,Aheur,16.999999999970072,3,1.2989877093544622,85.14977491124631,0.5937590490252116,84.99999999985036,0.006973113547793886,86.11845646842696,1.1184564685765914,84.99999999985036,0.012987418893029554,0.0150837319039816,0.07641104172686759
16,6,Amargin,0.5156378346956627,3,1.2989877093544622,2.7279640848742615,0.5937590490252116,2.5781891734783136,0.21765647587423403,3.6966456420549045,1.1184564685765914,2.5781891734783136,0.302559827713121,0.35139632930365927,2.5191861844682992
16,6,1.1xAcrit,0.23829906279802526,3,1.2989877093544622,1.3412702253860742,0.5937590490252116,1.1914953139901265,0.44268413462641554,2.3099517825667175,1.1184564685765914,1.1914953139901265,0.4841903961016067,0.5623440797154146,5.451081905661723
16,7,Aheur,16.999999999970072,3,2.147336970081568,85.17113465670494,0.7047400139677017,84.99999999985036,0.008274399734232288,86.33764330579764,1.337643305947275,84.99999999985036,0.015493164449827544,0.024871387356219077,0.1263139394167852
16,7,Amargin,0.6458038787300585,3,2.147336970081568,3.4001540505048644,0.7047400139677017,3.2290193936502924,0.20726708363788984,4.566662699597567,1.337643305947275,3.2290193936502924,0.2929148469986963,0.470220182951283,3.3250605033593175
16,7,1.1xAcrit,0.19345657093535354,3,2.147336970081568,1.1384175115313395,0.7047400139677017,0.9672828546767678,0.6190523308269585,2.3049261606240425,1.337643305947275,0.9672828546767677,0.5803410663641899,0.9316293974034255,11.099839926342607
16,8,Aheur,16.999999999970072,3,1.5971019834788724,85.17901060090635,0.5400959299623584,84.99999999985036,0.006340716171180926,85.89118908516569,0.891189085315343,84.99999999985036,0.010375791682563406,0.01859447983535611,0.09394717549892259
16,8,Amargin,0.5008545737748823,3,1.5971019834788724,2.6832834699304025,0.5400959299623584,2.5042728688744114,0.20128172666616068,3.395461954189755,0.891189085315343,2.5042728688744114,0.2624647536443988,0.4703636810031589,3.188753916015385
16,8,1.1xAcrit,0.23749487923742635,3,1.5971019834788724,1.366484997243123,0.5400959299623584,1.187474396187132,0.3952446832947302,2.0786634815024745,0.891189085315343,1.1874743961871317,0.42873177560765363,0.7683311886176374,6.724784924235067
16,9,Aheur,16.999999999981483,3,1.0925970832154022,85.13940102905336,0.37799724201278095,84.99999999990742,0.004439745140840155,85.64923478263808,0.6492347827306609,84.9999999999074,0.007580158589604435,0.012756647341779661,0.06427041665979955
16,9,Amargin,0.3479271809845644,3,1.0925970832154022,1.8790369340687663,0.37799724201278095,1.7396359049228218,0.2011654136006182,2.388870687653483,0.6492347827306609,1.7396359049228223,0.271774770432796,0.4573697056363599,3.140303899579133
16,9,1.1xAcrit,0.0941376275897276,3,1.0925970832154022,0.6100891670945824,0.37799724201278095,0.47068813794863806,0.6195770428327895,1.1199229206792989,0.6492347827306609,0.4706881379486381,0.5797138095333043,0.9756002516250654,11.606380054287957
16,10,Aheur,16.999999999981483,3,1.1443166477847337,85.07413610793152,0.5376305660860391,84.99999999990742,0.006319553635007942,85.69350561483202,0.6935056149246115,84.9999999999074,0.008092860829404299,0.013353598263655033,0.06731274398741059
16,10,Amargin,0.3566922189767279,3,1.1443166477847337,1.857597202907749,0.5376305660860391,1.7834610948836396,0.2894225751656338,2.4769667098082513,0.6935056149246115,1.78346109488364,0.2799818068520984,0.4619830550218894,3.208134595892022
16,10,1.1xAcrit,0.16596753860743285,3,1.1443166477847337,0.9039738010612737,0.5376305660860391,0.8298376930371643,0.594741313802298,1.5233433079617757,0.6935056149246115,0.8298376930371643,0.45525234613891324,0.7511876290813412,6.894822068135952
16,11,Aheur,16.999999999981483,3,1.3980722464456479,85.13940102905336,0.5039856499711983,84.99999999990742,0.00591953483204816,85.75092642087247,0.7509264209650676,84.9999999999074,0.00875706481909548,0.016303873378391228,0.08223954390865709
16,11,Amargin,0.33818947450098064,3,1.3980722464456479,1.8303484016508476,0.5039856499711983,1.6909473725049033,0.27534957252763365,2.441873793469971,0.7509264209650676,1.6909473725049031,0.30752057005287736,0.5725407472672649,4.133991007581148
16,11,1.1xAcrit,0.13731113653485896,3,1.3980722464456479,0.8259567118202391,0.5039856499711983,0.6865556826742949,0.6101840965254914,1.4374821036393624,0.7509264209650676,0.6865556826742948,0.5223901007629248,0.9725841058515177,10.181783369703021
16,12,Aheur,16.999999999981483,3,1.0128632054694287,85.13586777119295,0.5376305660860391,84.99999999990742,0.0063149713529783835,85.56550178423004,0.5655017843226308,84.9999999999074,0.00660899278950824,0.011837284704103754,0.05958018855709011
16,12,Amargin,0.26171545260023416,3,1.0128632054694287,1.4444450342867003,0.5376305660860391,1.3085772630011707,0.3722056245300696,1.8740790473238016,0.5655017843226308,1.308577263001171,0.30174916321175,0.5404591694869032,3.870093245951968
16,12,1.1xAcrit,0.1054798778117761,3,1.0128632054694287,0.7485903217095913,0.5376305660860391,0.5273993890588805,0.7181906451291363,1.0929011733815115,0.5655017843226308,0.5273993890588806,0.5174317661064717,0.9267655943085504,9.602430591328856
16,13,Aheur,16.999999999981483,3,1.5411064672619714,85.13692355381728,0.5376305660860391,84.99999999990742,0.006314893041045684,85.85957946525559,0.8595794653481875,84.9999999999074,0.010011456737870812,0.01794914995927279,0.09065332160374412
16,13,Amargin,0.3887447511790674,3,1.5411064672619714,2.0806473098052094,0.5376305660860391,1.9437237558953373,0.25839581920127164,2.8033032212435245,0.8595794653481875,1.943723755895337,0.3066309269843754,0.5497466187686783,3.9643145343770616
16,13,1.1xAcrit,0.2079653647429154,3,1.5411064672619714,1.1767503776244497,0.5376305660860391,1.0398268237145771,0.45687732615932886,1.8994062890627648,0.8595794653481875,1.039826823714577,0.45255165800905867,0.811362200986714,7.410399655572797
16,14,Aheur,16.999999999981483,3,1.3564391293259512,85.13940102905336,0.5039856499711983,84.99999999990742,0.00591953483204816,85.62700094965928,0.6270009497518583,84.9999999999074,0.007322467712263759,0.01584125467763856,0.0797905370192605
16,14,Amargin,0.2931638534615671,3,1.3564391293259512,1.6052202964537798,0.5039856499711983,1.4658192673078356,0.31396665684117825,2.092820217059694,0.6270009497518583,1.4658192673078354,0.2995961834852507,0.6481393472162073,4.62689759774145
16,14,1.1xAcrit,0.09002970198512412,3,1.3564391293259512,0.6840450539414465,0.5039856499711983,0.45014850992562067,0.7367725957044036,1.077149459677479,0.6270009497518583,0.4501485099256207,0.5820928044095156,1.2592859023780203,15.066573579795696
16,15,Aheur,16.999999999966683,3,1.9066099612621965,85.21400284443617,0.5787316594325423,84.99999999983342,0.006791508908331128,86.16522807981416,1.1652280799807717,84.99999999983343,0.0135231822157011,0.022127370909946632,0.11215352713329019
16,15,Amargin,0.7025390690715094,3,1.9066099612621965,3.726698189960287,0.5787316594325423,3.512695345357547,0.1552934071751889,4.677923425338319,1.1652280799807717,3.5126953453575465,0.2490908837175973,0.4075761375089858,2.713884601153944
16,15,1.1xAcrit,0.2630521306681751,3,1.9066099612621965,1.5292634979436155,0.5787316594325423,1.3152606533408755,0.37843815680604204,2.480488733321647,1.1652280799807717,1.3152606533408753,0.4697574572009457,0.7686428628559163,7.248030861484538
16,16,Aheur,16.999999999972275,3,1.0630125647017488,85.1713366982932,0.37286828090214547,84.99999999986137,0.004377861089852046,85.65293227711217,0.6529322772508075,84.99999999986136,0.007622999702314703,0.012410696708696366,0.06253015086491073
16,16,Amargin,0.3134001356712844,3,1.0630125647017488,1.7383373767882537,0.37286828090214547,1.5670006783564219,0.21449707397482048,2.21993295560723,0.6529322772508075,1.567000678356422,0.2941225209534346,0.4788489499273988,3.3918701484440628
16,16,1.1xAcrit,0.10062820110156949,3,1.0630125647017488,0.6744777039396792,0.37286828090214547,0.5031410055078476,0.5528252138272198,1.156073282758655,0.6529322772508075,0.5031410055078475,0.5647845054361622,0.9195027517331409,10.563763965419522
16,17,Aheur,16.999999999972275,3,1.1356986994273741,85.19984402957834,0.3499908237083662,84.99999999986137,0.004107881037750044,85.68577309494233,0.685773095080969,84.99999999986136,0.00800334840091963,0.013254227141873211,0.06680580584877802
16,17,Amargin,0.40156614638876775,3,1.1356986994273741,2.207674761660812,0.3499908237083662,2.0078307319438387,0.15853368883243996,2.6936038270248077,0.685773095080969,2.0078307319438387,0.25459315442034863,0.4216279647485497,2.8281734146181523
16,17,1.1xAcrit,0.120019912542334,3,1.1356986994273741,0.7999435924286437,0.3499908237083662,0.6000995627116701,0.4375193788924386,1.285872657792639,0.685773095080969,0.6000995627116702,0.5333133813251649,0.8832124180764079,9.462585627420658
16,18,Aheur,16.999999999972275,3,1.033037864953208,85.19984402957834,0.46127650039295737,84.99999999986137,0.005414053343018077,85.81223852378007,0.8122385239187058,84.99999999986136,0.009465299331325804,0.012038351204029425,0.06076693323264075
16,18,Amargin,0.29959033390619144,3,1.033037864953208,1.6977956992479308,0.46127650039295737,1.4979516695309574,0.2716914058607217,2.310190193449663,0.8122385239187058,1.4979516695309572,0.35158946056551327,0.4471657216285889,3.448168208513281
16,18,1.1xAcrit,0.1323313547398549,3,1.033037864953208,0.8615008034162482,0.46127650039295737,0.6616567736992747,0.5354336276458282,1.4738952976179802,0.8122385239187058,0.6616567736992747,0.5510829196832341,0.700889585998911,7.80644819199514
16,19,Aheur,16.999999999981483,3,0.7273607936951507,85.13586777119295,0.3297733521860579,84.99999999990742,0.0038734949301549478,85.58553290274101,0.585532902833612,84.9999999999074,0.006841493918125261,0.008498641873524584,0.04278592904093782
16,19,Amargin,0.28379236950693815,3,0.7273607936951507,1.5548296188202204,0.3297733521860579,1.4189618475346908,0.21209613464675608,2.0044947503683024,0.585532902833612,1.4189618475346908,0.2921099707175722,0.3628649032687697,2.5630033498041893
16,19,1.1xAcrit,0.1545864216509014,3,0.7273607936951507,0.9087998795400365,0.3297733521860579,0.7729321082545071,0.3628668528796058,1.358465011088119,0.585532902833612,0.7729321082545071,0.43102538383716277,0.5354284341210532,4.705204932796305
16,20,Aheur,16.999999999972275,3,0.9618997885466676,85.19984402957834,0.3499908237083662,84.99999999986137,0.004107881037750044,85.66138530165594,0.6613853017945661,84.99999999986136,0.007720926990212715,0.011229094476575933,0.05658234050283743
16,20,Amargin,0.3662315616665731,3,0.9618997885466676,2.031001838049839,0.3499908237083662,1.8311578083328657,0.17232422795068772,2.4925431101274316,0.6613853017945661,1.831157808332866,0.2653455818305797,0.3859109937310133,2.6264797718947186
16,20,1.1xAcrit,0.13695433532910362,3,0.9618997885466676,0.8846157063624918,0.3499908237083662,0.6847716766455181,0.3956416568133478,1.3461569784400844,0.6613853017945661,0.6847716766455181,0.49131365240996927,0.7145524659845459,7.023507406576111
16,21,Aheur,16.999999999977796,3,1.2457429149296027,85.1992849069643,0.37286828090214547,84.99999999988898,0.004376425005319109,85.70475311260807,0.7047531127191088,84.999999999889,0.008223034162330866,0.014535283863344338,0.0732789949959547
16,21,Amargin,0.32454016203585573,3,1.2457429149296027,1.8219857172545901,0.37286828090214547,1.6227008101792788,0.20464939838496207,2.3274539228983873,0.7047531127191088,1.6227008101792788,0.3028000278697148,0.5352384864308181,3.8384861433327657
16,21,1.1xAcrit,0.07760450070968636,3,1.2457429149296027,0.5873074106237435,0.37286828090214547,0.3880225035484318,0.634877534588138,1.0927756162675406,0.7047531127191088,0.38802250354843193,0.6449202400088752,1.1399805196830193,16.052457055162947
16,22,Aheur,16.999999999972275,3,1.4452759573574507,85.26047949652174,0.46127650039295737,84.99999999986137,0.0054102029816965255,85.77309883675814,0.773098836896751,84.99999999986136,0.00901330192544517,0.01684999116224161,0.08501623278587105
16,22,Amargin,0.36539080497851234,3,1.4452759573574507,2.0874335215529256,0.46127650039295737,1.826954024892562,0.2209778158826324,2.6000528617893126,0.773098836896751,1.826954024892562,0.2973396611500881,0.5558640666877965,3.9554250891519933
16,22,1.1xAcrit,0.04630015413231218,3,1.4452759573574507,0.5538768086575817,0.46127650039295737,0.2315007706615609,0.832814252524749,1.004599607558312,0.773098836896751,0.23150077066156097,0.7695591667368599,1.4386586919640618,31.215359526175195
16,23,Aheur,16.999999999977796,3,1.4338253818832445,85.13154744824256,0.3977092336256493,84.99999999988898,0.004671702154450378,86.03774259478813,1.0377425948991708,84.999999999889,0.012061480968725854,0.01666507440387099,0.08434266952265396
16,23,Amargin,0.5089906133016332,3,1.4338253818832445,2.676500514861745,0.3977092336256493,2.544953066508166,0.14859299724296635,3.5826956614073366,1.0377425948991708,2.5449530665081666,0.2896541300110124,0.4002085349666615,2.816997689962397
16,23,1.1xAcrit,0.17371032688024937,3,1.4338253818832445,1.000099082754826,0.3977092336256493,0.8685516344012469,0.3976698314032427,1.9062942293004177,1.0377425948991708,0.8685516344012468,0.5443769272070909,0.7521532404834681,8.254117113438397
16,24,Aheur,16.999999999968985,3,1.832240689012246,85.21924617591326,0.4616656784444876,84.99999999984493,0.005417387493565682,85.98187336701065,0.9818733671657337,84.99999999984495,0.011419539127446563,0.021309615820899717,0.10777886405974052
16,24,Amargin,0.6678288083981133,3,1.832240689012246,3.5583902180588978,0.4616656784444876,3.3391440419905667,0.12974003696995498,4.321017409156299,0.9818733671657337,3.3391440419905667,0.22723198594042449,0.42402992525086824,2.7435783931021898
16,24,1.1xAcrit,0.19007339573594356,3,1.832240689012246,1.1696131547480486,0.4616656784444876,0.9503669786797178,0.3947165578382512,1.9322403458454516,0.9818733671657337,0.9503669786797178,0.5081528130167032,0.9482467814895715,9.63964831542052
16,25,Aheur,16.999999999977796,3,1.6064043461502022,85.022712456827,0.4877279633623005,84.99999999988898,0.005736443231094985,85.94345778137836,0.9434577814893949,84.999999999889,0.010977656773937909,0.018691409301177395,0.0944943733030765
16,25,Amargin,0.5217089392112585,3,1.6064043461502022,2.631257152994304,0.4877279633623005,2.6085446960562924,0.18535929215708866,3.5520024775456878,0.9434577814893949,2.6085446960562924,0.26561292889111154,0.45225316038072494,3.079119841379049
16,25,1.1xAcrit,0.17218219207147795,3,1.6064043461502022,0.8836234172954014,0.4877279633623005,0.8609109603573897,0.5519636010271667,1.8043687418467846,0.9434577814893949,0.8609109603573897,0.5228741551595263,0.8902860645358086,9.329677632883985
16,26,Aheur,16.999999999981483,3,0.8636245088525596,85.13586777119295,0.3297733521860579,84.99999999990742,0.0038734949301549478,85.56278964146404,0.562789641556605,84.9999999999074,0.0065775045894935985,0.010093458996269613,0.05080144169726472
16,26,Amargin,0.2967775062456463,3,0.8636245088525596,1.6197553025137612,0.3297733521860579,1.4838875312282318,0.20359455016092234,2.0466771727848365,0.562789641556605,1.4838875312282318,0.27497724069049856,0.4219642063420575,2.910006623405371
16,26,1.1xAcrit,0.12114431037975491,3,0.8636245088525596,0.741589323184304,0.3297733521860579,0.6057215518987745,0.44468460086513506,1.1685111934553798,0.562789641556605,0.6057215518987746,0.48162965379252526,0.7390810748665178,7.128890379955348
16,27,Aheur,16.999999999970072,3,1.3135176521488265,85.23570599333064,0.4222729445925967,84.99999999985036,0.0049541789989472,85.75172338730847,0.7517233874581202,84.99999999985036,0.008766277315067671,0.015317682260637008,0.07726574424418464
16,27,Amargin,0.46042080348008957,3,1.3135176521488265,2.5378100108807216,0.4222729445925967,2.3021040174004477,0.1663926546046097,3.0538274048585676,0.7517233874581202,2.302104017400448,0.24615778424875812,0.43012177114497396,2.8528633854521916
16,27,1.1xAcrit,0.15738041558334956,3,1.3135176521488265,1.0226080713970216,0.4222729445925967,0.7869020779167479,0.41293723020953127,1.5386254653748677,0.7517233874581202,0.786902077916748,0.48856814369374274,0.8536955105112626,8.346131551884104
16,28,Aheur,16.999999999977796,3,1.30641784106574,85.0805257752357,0.4877279633623005,84.99999999988898,0.005732545243676232,85.99238595445553,0.9923859545665586,84.999999999889,0.011540393298217818,0.015192250180820231,0.07684810829808508
16,28,Amargin,0.5082302473195986,3,1.30641784106574,2.6216770119447093,0.4877279633623005,2.5411512365979934,0.186036632712629,3.533537191164552,0.9923859545665586,2.541151236597994,0.28084774572289045,0.3697195672179079,2.570523592320164
16,28,1.1xAcrit,0.23642852440015177,3,1.30641784106574,1.2626683973474746,0.4877279633623005,1.1821426220007591,0.3862676569611509,2.174528576567318,0.9923859545665586,1.1821426220007591,0.45636832059164106,0.6007820983102619,5.5256354722015155
16,29,Aheur,16.999999999972275,3,1.060983133294944,85.23515159621645,0.3499908237083662,84.99999999986137,0.004106179400799026,85.52350698571868,0.5235069858573216,84.99999999986136,0.00612120578667033,0.012405748672959757,0.0624107725468632
16,29,Amargin,0.28718717634659197,3,1.060983133294944,1.6710874780880456,0.3499908237083662,1.4359358817329597,0.20943896013678706,1.9594428675902813,0.5235069858573216,1.4359358817329595,0.26717134473082615,0.541471839186482,3.694395922520217
16,29,1.1xAcrit,0.08003600434688754,3,1.060983133294944,0.6353316180895234,0.3499908237083662,0.4001800217344377,0.5508789642184149,0.9236870075917594,0.5235069858573216,0.4001800217344377,0.5667579835535537,1.1486392301447907,13.256323100494756
20,0,Aheur,20.999999999965347,4,1.9296468975432697,147.26332831899038,0.46127650039295737,146.99999999975742,0.003132324290496654,126.8336428003847,0.8336428005925993,125.99999999979212,0.0065727261488863495,0.015213998864482799,0.09188794750221209
20,0,Amargin,0.4877661783330567,4,1.9296468975432697,3.677691567564361,0.46127650039295737,3.414363248331397,0.12542555348067122,3.7602398705909392,0.8336428005925993,2.92659706999834,0.22169936740274723,0.5131712241644883,3.9560899940579057
20,0,1.1xAcrit,0.12626806974488836,4,1.9296468975432697,1.1472048074471823,0.46127650039295737,0.8838764882142185,0.4020873146612879,1.5912512190619295,0.8336428005925993,0.7576084184693301,0.5238913822067934,1.2126601220647173,15.282144578925795
20,1,Aheur,20.99999999997685,4,1.6573123108875516,147.13940102898388,0.3297733521860579,146.99999999983794,0.002241230764022876,126.65221025509658,0.6522102552354522,125.99999999986113,0.005149616054246528,0.01308553800639938,0.07891963385187517
20,1,Amargin,0.4522461872651161,4,1.6573123108875516,3.305124340001757,0.3297733521860579,3.165723310855813,0.09977638305307528,3.365687378826149,0.6522102552354522,2.7134771235906965,0.1937821852791698,0.4924142156855853,3.6646241749651294
20,1,1.1xAcrit,0.06990688717553199,4,1.6573123108875516,0.6287492393746683,0.3297733521860579,0.489348210228724,0.5244910554707609,1.0716515782886442,0.6522102552354522,0.41944132305319193,0.6086028971067148,1.5465029347823742,23.70742537464356
20,2,Aheur,20.999999999972246,4,1.553641391169088,147.19928490688102,0.3476624901180723,146.9999999998057,0.002361849042527654,126.77687077889081,0.7768707790573361,125.9999999998335,0.0061278589247739206,0.012254927745288533,0.07398292338910196
20,2,Amargin,0.5024016237652457,4,1.553641391169088,3.7160962734320315,0.3476624901180723,3.5168113663567198,0.09355583508523738,3.7912805216488104,0.7768707790573361,3.0144097425914733,0.20490986478612735,0.40979330922561663,3.0924290799964633
20,2,1.1xAcrit,0.14546441749569328,4,1.553641391169088,1.2175358295451648,0.3476624901180723,1.018250922469853,0.285546003396014,1.649657284031496,0.7768707790573361,0.8727865049741597,0.47092859018498034,0.9417964605182959,10.680559671681126
20,3,Aheur,20.99999999997685,4,2.5177106787318015,147.13586777112346,0.5376305660860391,146.99999999983794,0.0036539735295702874,126.96970335914993,0.9697033592888199,125.99999999986113,0.007637281443006059,0.019829223918166817,0.11989098470164652
20,3,Amargin,0.46150782356013154,4,2.5177106787318015,3.3664225362064504,0.5376305660860391,3.230554764920921,0.1597038281153748,3.7387503006496092,0.9697033592888199,2.7690469413607888,0.25936563859863376,0.6734096894072729,5.455401945973208
20,3,1.1xAcrit,0.14498455735492838,4,2.5177106787318015,1.1507596727700282,0.5376305660860391,1.0148919014844986,0.4671962172535056,1.8396107034183902,0.9697033592888199,0.8699073441295706,0.5271242211664151,1.3686105837791422,17.365371351711193
20,4,Aheur,20.99999999997685,4,1.9778014331505505,147.13940102898388,0.5039856499711983,146.99999999983794,0.0034252256462014683,126.84729966253549,0.8472996626743647,125.99999999986113,0.006679682302489059,0.01559198688826875,0.09418102062632051
20,4,Amargin,0.5382829068036402,4,1.9778014331505505,3.9073813767714256,0.5039856499711983,3.767980347625482,0.12898296873893314,4.076997103496206,0.8472996626743647,3.2296974408218415,0.20782444558220747,0.48511229783668425,3.6742787262089878
20,4,1.1xAcrit,0.21908204804476633,4,1.9778014331505505,1.6729753654593087,0.5039856499711983,1.5335743363133645,0.30125108855552757,2.161791950942962,0.8472996626743647,1.314492288268598,0.3919432035560948,0.9148898127258934,9.027674566682956
20,5,Aheur,20.99999999996259,4,2.5278735897205458,147.23609372667903,0.49438756455087396,146.99999999973812,0.0033577878361037462,127.01058670503711,1.0105867052615456,125.99999999977558,0.007956712361375674,0.019902857354648317,0.12037493284404996
20,5,Amargin,0.7873179710593624,4,2.5278735897205458,5.747319524356444,0.49438756455087396,5.511225797415537,0.08602054617908737,5.734494531617721,1.0105867052615456,4.723907826356175,0.176229430456263,0.4408189031801943,3.2107403649369366
20,5,1.1xAcrit,0.3037541958331814,4,2.5278735897205458,2.3623730977731765,0.49438756455087396,2.12627937083227,0.20927581888605754,2.833111880260634,1.0105867052615456,1.8225251749990878,0.356705540752798,0.8922604177170697,8.32210262244024
20,6,Aheur,20.99999999997685,4,1.7981319308067993,147.13940102898388,0.5376305660860391,146.99999999983794,0.003653885786718238,126.88239215300523,0.882392153144129,125.99999999986113,0.006954409813459916,0.014171642733835471,0.0856253300385134
20,6,Amargin,0.5061160634903441,4,1.7981319308067993,3.682213473578353,0.5376305660860391,3.5428124444324087,0.1460074408895074,3.9190885340861943,0.882392153144129,3.0366963809420646,0.2251523907841175,0.4588138071308119,3.5528054936772517
20,6,1.1xAcrit,0.2473877158805798,4,1.7981319308067993,1.8711150403100032,0.5376305660860391,1.7317140111640588,0.28733164690769913,2.3667184484276076,0.882392153144129,1.4843262952834793,0.3728335973932048,0.7597574320686249,7.268477031716491
20,7,Aheur,20.999999999972246,4,2.411948472862868,147.07995206186897,0.5067482252461143,146.9999999998057,0.0034453929182200944,127.19330342591566,1.1933034260821742,125.9999999998335,0.009381810157774693,0.018962857382407078,0.1148546891840979
20,7,Amargin,0.734735969880372,4,2.411948472862868,5.223103851225863,0.5067482252461143,5.143151789162605,0.09702051494288792,5.601719245364406,1.1933034260821742,4.408415819282233,0.21302449726834655,0.4305728950730312,3.2827417898916478
20,7,1.1xAcrit,0.28745848644390165,4,2.411948472862868,2.0921614671705706,0.5067482252461143,2.0122094051073116,0.2422127704758076,2.918054344745584,1.1933034260821742,1.7247509186634098,0.4089380405923231,0.8265605050179964,8.390597552713292
20,8,Aheur,20.999999999960252,4,2.6300747327823766,147.25297280200226,0.41071538336350527,146.99999999972175,0.0027891822864300137,127.00977604882472,1.0097760490631964,125.99999999976154,0.007950380517756534,0.020707655856123476,0.12524165394225498
20,8,Amargin,0.7581042167069958,4,2.6300747327823766,5.559702319229487,0.41071538336350527,5.306729516948971,0.07387362843923376,5.558401349305171,1.0097760490631964,4.548625300241975,0.18166663139383118,0.4731710733898604,3.469278596294749
20,8,1.1xAcrit,0.2803517160419091,4,2.6300747327823766,2.2154348145738796,0.41071538336350527,1.962462012293364,0.18538815976966713,2.6918863453146513,1.0097760490631964,1.6821102962514543,0.37511838150996113,0.9770378074691524,9.381339875191678
20,9,Aheur,20.999999999972246,4,2.4472390029399893,147.1315474481593,0.4981597136230222,146.9999999998057,0.0033858116920747064,127.50323123206276,1.5032312322292902,125.9999999998335,0.01178975009263356,0.019193544973663313,0.11653519061634399
20,9,Amargin,0.9087500716279011,4,2.4472390029399893,6.492797949748887,0.4981597136230222,6.361250501395308,0.0767249677994814,6.9557316619966985,1.5032312322292902,5.452500429767408,0.21611403447926794,0.3518305653322874,2.6929725557612296
20,9,1.1xAcrit,0.38296132475514016,4,2.4472390029399893,2.8122767216395603,0.4981597136230222,2.6807292732859813,0.17713751630123886,3.8009991807601318,1.5032312322292902,2.2977679485308404,0.39548317711783115,0.6438409709024419,6.39030326235872
20,10,Aheur,20.99999999996259,4,2.5986387559152218,147.2357059932184,0.49438756455087396,146.99999999973812,0.0033577966785695666,126.97923300790463,0.9792330081290824,125.99999999977558,0.00771175715062103,0.020465068927873056,0.12374470266285005
20,10,Amargin,0.7212269253758861,4,2.5986387559152218,5.284294471111476,0.49438756455087396,5.048588477631203,0.09355791340804794,5.306594560384399,0.9792330081290824,4.327361552255315,0.18453134057751508,0.4896998868756579,3.6030806178802517
20,10,1.1xAcrit,0.2111276334107185,4,2.5986387559152218,1.7135994273553035,0.49438756455087396,1.4778934338750296,0.28850824566035876,2.2459988085933933,0.9792330081290824,1.266765800464311,0.43598999446591374,1.157008074079379,12.308378178331319
20,11,Aheur,20.99999999997685,4,2.137966868233505,147.13940102898388,0.5039856499711983,146.99999999983794,0.0034252256462014683,126.88120213655166,0.8812021366905453,125.99999999986113,0.00694509605719357,0.016850146690229096,0.10180794610646962
20,11,Amargin,0.5165142044007621,4,2.137966868233505,3.755000459951279,0.5039856499711983,3.615599430805335,0.1342172005959588,3.980287363095117,0.8812021366905453,3.099085226404572,0.22139158716553378,0.5371388227032425,4.139221825881601
20,11,1.1xAcrit,0.1900265701973735,4,2.137966868233505,1.469587020527559,0.5039856499711983,1.3301859913816148,0.3429437270004435,2.021361557874786,0.8812021366905453,1.1401594211842414,0.43594483790273586,1.057686518230472,11.250883842258894
20,12,Aheur,20.999999999960252,4,1.744495797465102,147.26411700684335,0.41071538336350527,146.99999999972175,0.00278897121519711,126.88973045382237,0.8897304540608443,125.99999999976154,0.007011839735798276,0.013748124385053824,0.08307122845087637
20,12,Amargin,0.5356229705150686,4,1.744495797465102,4.013477800727092,0.41071538336350527,3.7493607936054802,0.1023340364033156,4.103468277151255,0.8897304540608443,3.21373782309041,0.2168240117792553,0.4251271557717953,3.256947318348858
20,12,1.1xAcrit,0.19548326681004136,4,1.744495797465102,1.6324998747919006,0.41071538336350527,1.3683828676702894,0.251586777864752,2.0626300549210925,0.8897304540608443,1.1728996008602486,0.4313572625096271,0.8457628130177901,8.924015983221194
20,13,Aheur,20.99999999997685,4,1.963571422289414,147.1369235537478,0.5039856499711983,146.99999999983794,0.003425283319771851,126.99514354436286,0.995143544501747,125.99999999986113,0.007836075590986015,0.015461783557128584,0.09350340106150375
20,13,Amargin,0.5263155106289075,4,1.963571422289414,3.821132128312225,0.5039856499711983,3.6842085744023523,0.1318943268768375,4.153036608275192,0.995143544501747,3.157893063773445,0.23961829339978838,0.4728037837125904,3.730787678940136
20,13,1.1xAcrit,0.2712655439574295,4,1.963571422289414,2.0357823616118793,0.5039856499711983,1.8988588077020068,0.24756361950800854,2.6227368082463243,0.995143544501747,1.6275932637445767,0.3794294346931224,0.7486726903422471,7.238558180457902
20,14,Aheur,20.99999999997685,4,2.431997358545181,147.1369235537478,0.5376305660860391,146.99999999983794,0.003653947310442762,126.91587156664728,0.9158715667861632,125.99999999986113,0.007216367468313149,0.01916227914227471,0.11580939802608867
20,14,Amargin,0.48801250789971595,4,2.431997358545181,3.553011109207884,0.5376305660860391,3.4160875552980117,0.15131688293704762,3.843946614184459,0.9158715667861632,2.9280750473982966,0.23826334200546037,0.6326823971932709,4.983473413441575
20,14,1.1xAcrit,0.1824102484924832,4,2.431997358545181,1.4137952933572548,0.5376305660860391,1.2768717394473823,0.38027468942081427,2.0103330577410623,0.9158715667861632,1.0944614909548993,0.4555820058071843,1.209748478830631,13.332569735770079
20,15,Aheur,20.999999999972246,4,2.520102005480285,147.12010044734598,0.49438756455087396,146.9999999998057,0.003360435202583446,127.21184155653856,1.2118415567050647,125.9999999998335,0.009526169434206868,0.01981027846657059,0.1200048574039817
20,15,Amargin,0.6810386165610908,4,2.520102005480285,4.887370763467907,0.49438756455087396,4.767270315927635,0.10115614068945197,5.29807325607161,1.2118415567050647,4.086231699366546,0.22873250295591707,0.4756638656500719,3.700380483863834
20,15,1.1xAcrit,0.2291609207393287,4,2.520102005480285,1.7242268927155735,0.49438756455087396,1.604126445175301,0.2867299928098428,2.586807081141037,1.2118415567050647,1.3749655244359722,0.4684700167785698,0.974213355086639,10.997084482597753
20,16,Aheur,20.999999999972246,4,2.09316313324786,147.19928490688102,0.37286828090214547,146.9999999998057,0.0025330848661257,126.947551040197,0.9475510403635208,125.9999999998335,0.007464114373214539,0.01648840892239879,0.09967443491669649
20,16,Amargin,0.5241631837196324,4,2.09316313324786,3.8684271931127387,0.37286828090214547,3.6691422860374274,0.09638756587328096,4.092530142681316,0.9475510403635208,3.144979102317795,0.23153184150837086,0.5114594298080052,3.993342528168601
20,16,1.1xAcrit,0.17868041960357628,4,2.09316313324786,1.4500478443003457,0.37286828090214547,1.250762937225034,0.2571420538761988,2.0196335579849785,0.9475510403635208,1.0720825176214577,0.4691697841012842,1.0364073843852364,11.71456356489307
20,17,Aheur,20.99999999997685,4,2.0564545839493897,147.1369235537478,0.5039856499711983,146.99999999983794,0.003425283319771851,126.92176973985822,0.921769739997117,125.99999999986113,0.007262503051181822,0.016202536319532466,0.09792640875960269
20,17,Amargin,0.48841587356359323,4,2.0564545839493897,3.555834668855025,0.5039856499711983,3.4189111149451525,0.14173483778239926,3.852264981378677,0.921769739997117,2.9304952413815597,0.2392799416584337,0.5338299919372137,4.210458126483543
20,17,1.1xAcrit,0.17695831248208893,4,2.0564545839493897,1.375631741284495,0.5039856499711983,1.2387081873746224,0.366366691641327,1.9835196148896503,0.921769739997117,1.061749874892534,0.46471420452698575,1.036770480368452,11.62112451856443
20,18,Aheur,20.999999999965347,4,2.2248463256919244,147.27392411688095,0.46127650039295737,146.99999999975742,0.00313209893169462,126.7910750697217,0.7910750699296155,125.99999999979212,0.006239201532872939,0.017547341754681818,0.1059450631283617
20,18,Amargin,0.5115974875353413,4,2.2248463256919244,3.8551065298709104,0.46127650039295737,3.5811824127473892,0.11965337321259534,3.860659995141663,0.7910750699296155,3.0695849252120464,0.20490669235962797,0.5762865231571075,4.34882183728127
20,18,1.1xAcrit,0.05518495622248463,4,2.2248463256919244,0.6602188106809135,0.46127650039295737,0.38629469355739243,0.6986721567615168,1.122184807264523,0.7910750699296155,0.3311097373349079,0.7049418819507705,1.9826024299110658,40.31617451542763
20,19,Aheur,20.999999999972246,4,2.4102919482023832,147.13052173080405,0.5282318716380896,146.9999999998057,0.003590226320304661,127.31111539455262,1.3111153947191425,125.9999999998335,0.010298514710642795,0.018932297786666902,0.11477580705740803
20,19,Amargin,0.9474706144409536,4,2.4102919482023832,6.762816032085008,0.5282318716380896,6.6322943010866755,0.07810827163299801,6.995939081364864,1.3111153947191425,5.684823686645723,0.1874109221750616,0.3445272922148073,2.5439226414684684
20,19,1.1xAcrit,0.35833223743303927,4,2.4102919482023832,2.638847393029608,0.5282318716380896,2.508325662031275,0.20017522537809096,3.461108819317377,1.3111153947191425,2.149993424598236,0.3788136875100418,0.6963929983217798,6.726416706096082
20,20,Aheur,20.999999999965347,4,1.6309780846129198,147.27392411688095,0.37286828090214547,146.99999999975742,0.0025318010852092604,126.87570272641538,0.8757027266232917,125.99999999979212,0.0069020522275379005,0.012854928481695432,0.07766562307693387
20,20,Amargin,0.46686591637096814,4,1.6309780846129198,3.541985531720298,0.37286828090214547,3.268061414596777,0.10527097797631263,3.676898224849101,0.8757027266232917,2.801195498225809,0.2381634391469267,0.44357444369563825,3.493461457394026
20,20,1.1xAcrit,0.16658555425625357,4,1.6309780846129198,1.4400229969172962,0.37286828090214547,1.166098879793775,0.25893217101418287,1.8752160521608132,0.8757027266232917,0.9995133255375214,0.46698764423129735,0.869754758516248,9.790633358904788
20,21,Aheur,20.999999999972246,4,1.7208454105552324,147.19928490688102,0.28609593127266736,146.9999999998057,0.001943595931553968,126.74456971635803,0.7445697165245421,125.9999999998335,0.00587456897120576,0.013577271313527014,0.08194501955035746
20,21,Amargin,0.48420927285941356,4,1.7208454105552324,3.5887498170912067,0.28609593127266736,3.389464910015895,0.07972022176362158,3.6498253536810235,0.7445697165245421,2.9052556371564817,0.20400146428201227,0.4714870558997234,3.5539290695386305
20,21,1.1xAcrit,0.1301483708900632,4,1.7208454105552324,1.1103235033057541,0.28609593127266736,0.9110385962304425,0.25766898603954347,1.525459941864921,0.7445697165245421,0.7808902253403796,0.4880952269479348,1.128082988827256,13.222181720652015
20,22,Aheur,20.999999999965347,4,1.6910525296602943,147.27392411688095,0.37286828090214547,146.99999999975742,0.0025318010852092604,126.85944227279492,0.8594422730028454,125.99999999979212,0.006774759983216111,0.013330127417901643,0.08052631093633737
20,22,Amargin,0.5142626320941461,4,1.6910525296602943,3.873762541782544,0.37286828090214547,3.5998384246590227,0.09625481089260754,3.9450180655677225,0.8594422730028454,3.085575792564878,0.21785509184459567,0.42865520551600744,3.2883052824081394
20,22,1.1xAcrit,0.19752024347207767,4,1.6910525296602943,1.6565658214280647,0.37286828090214547,1.3826417043045436,0.2250850983878862,2.0445637338353113,0.8594422730028454,1.1851214608324663,0.4203548457697886,0.8270969995580034,8.561413756556801
20,23,Aheur,20.99999999997685,4,1.3286578259947408,147.13483761302604,0.37799724201278095,146.99999999983794,0.0025690533129002235,126.64754023046291,0.6475402306018166,125.99999999986113,0.005112931758670366,0.010490988009533839,0.06326942028553359
20,23,Amargin,0.37528469326504005,4,1.3286578259947408,2.76183046604337,0.37799724201278095,2.62699285285528,0.13686475207665594,2.899248390192057,0.6475402306018166,2.2517081595902404,0.2233476209877006,0.45827664524691714,3.5403997280976047
20,23,1.1xAcrit,0.14498455735492824,4,1.3286578259947408,1.1497295146725877,0.37799724201278095,1.0148919014844977,0.3287705822881519,1.5174475747313863,0.6475402306018166,0.8699073441295694,0.42672988601694667,0.8755873007539885,9.164133410030221
20,24,Aheur,20.99999999997685,4,2.208349019416133,147.13940102898388,0.5039856499711983,146.99999999983794,0.0034252256462014683,126.94518245307904,0.9451824532179117,125.99999999986113,0.007445595295176059,0.017396083701186327,0.10515947711516986
20,24,Amargin,0.5303416928160717,4,2.208349019416133,3.851792878858446,0.5039856499711983,3.7123918497125024,0.13084443162493314,4.1272326101143415,0.9451824532179117,3.1820501568964303,0.22901119042857296,0.5350677386111641,4.164011710431397
20,24,1.1xAcrit,0.2066195408501434,4,2.208349019416133,1.5857378150969481,0.5039856499711983,1.446336785951004,0.31782407228548426,2.184899698318772,0.9451824532179117,1.2397172451008605,0.4325976400405049,1.010732447404979,10.687996935477656
20,25,Aheur,20.999999999972246,4,2.618320976514066,147.1483832207044,0.41071538336350527,146.9999999998057,0.0027911647710561855,127.14613456825633,1.1461345684228323,125.9999999998335,0.009014309183009796,0.020593004934086005,0.12468195126273934
20,25,Amargin,0.740012262110713,4,2.618320976514066,5.328469055673679,0.41071538336350527,5.180085834774991,0.07707943483807629,5.586208141087111,1.1461345684228323,4.440073572664278,0.2051721918474358,0.46871167532338387,3.5382129602094885
20,25,1.1xAcrit,0.21407156661122168,4,2.618320976514066,1.64688418717724,0.41071538336350527,1.4985009662785518,0.24938935388496963,2.4305639680901625,1.1461345684228323,1.28442939966733,0.47155087603944773,1.0772483303829419,12.231054399061014
20,26,Aheur,20.999999999965347,4,1.8827547299610063,147.26332831899038,0.46127650039295737,146.99999999975742,0.003132324290496654,126.79448241412236,0.7944824143302645,125.99999999979212,0.00626590683761311,0.014848869557365734,0.08965498714114825
20,26,Amargin,0.46937326930233314,4,1.8827547299610063,3.548941204349296,0.46127650039295737,3.2856128851163318,0.12997580794735458,3.6107220301442635,0.7944824143302645,2.816239615814,0.22003422243459753,0.5214344151232773,4.011209953987143
20,26,1.1xAcrit,0.18531181209484238,4,1.8827547299610063,1.5605110038968604,0.46127650039295737,1.2971826846638965,0.2955932378823807,1.9063532868993185,0.7944824143302645,1.1118708725690547,0.41675507881463525,0.9876210998766681,10.159928332023512
20,27,Aheur,20.999999999960252,4,1.9893980281260188,147.17526567725722,0.43714108097802934,146.99999999972175,0.0029702075207164386,126.97479973661711,0.9747997368556027,125.99999999976154,0.00767711182752501,0.01566766029363789,0.09473323943475163
20,27,Amargin,0.6457287497781622,4,1.9893980281260188,4.695366925982599,0.43714108097802934,4.520101248447135,0.09310051543768305,4.849172235524576,0.9747997368556027,3.874372498668974,0.2010239458426146,0.4102551799566692,3.0808571382480174
20,27,1.1xAcrit,0.21659784174983016,4,1.9893980281260188,1.6914505697842752,0.43714108097802934,1.516184892248811,0.25844153461356045,2.2743867873545836,0.9747997368556027,1.2995870504989813,0.42859892709341024,0.8746964408986719,9.184754621995577
20,28,Aheur,20.99999999997685,4,2.0012023565118353,147.1369235537478,0.5376305660860391,146.99999999983794,0.003653947310442762,126.87390901009536,0.8739090102342633,125.99999999986113,0.006888012019592825,0.01577315913197409,0.09529535031019244
20,28,Amargin,0.4722774647766659,4,2.0012023565118353,3.4428658073465335,0.5376305660860391,3.305942253436661,0.15615786271391122,3.707573798894258,0.8739090102342633,2.833664788659996,0.23570913423082684,0.5397606265069279,4.237344581872393
20,28,1.1xAcrit,0.16394424312133923,4,2.0012023565118353,1.2845332557592473,0.5376305660860391,1.1476097018493747,0.41854157039185613,1.8575744689622986,0.8739090102342633,0.9836654587280353,0.47045705291290807,1.0773201236070884,12.206603406200092
20,29,Aheur,20.99999999996259,4,3.1916414880274817,147.16855312523927,0.7164679604933527,146.99999999973812,0.004868349557555575,127.57706281170175,1.577062811926205,125.99999999977558,0.012361648537510867,0.025017361410320342,0.1519829280015794
20,29,Amargin,1.073300330355062,4,3.1916414880274817,7.681655437986569,0.7164679604933527,7.513102312485433,0.09326999450539601,8.016864794056579,1.577062811926205,6.439801982130373,0.19671815010468727,0.39811591813219205,2.973670460878033
20,29,1.1xAcrit,0.3460882954198704,4,3.1916414880274817,2.591171193440229,0.7164679604933527,2.4226180679390934,0.27650352176928816,3.6535925844454273,1.577062811926205,2.076529772519222,0.43164714605571836,0.873562504373195,9.22204399936559
