sweep,n_assets,qaoa_seed,p_layers,step,expectation
seeds,16,42,2,0,1.1592191457748413
seeds,16,42,2,1,-0.44298747181892395
seeds,16,42,2,2,-1.0113286972045898
seeds,16,42,2,3,-1.3650732040405273
seeds,16,42,2,4,-1.7025312185287476
seeds,16,42,2,5,-1.5973533391952515
seeds,16,42,2,6,-1.449031949043274
seeds,16,42,2,7,-1.6222494840621948
seeds,16,42,2,8,-1.989121913909912
seeds,16,42,2,9,-2.4535892009735107
seeds,16,42,2,10,-2.8929123878479004
seeds,16,42,2,11,-3.157904624938965
seeds,16,42,2,12,-3.3793442249298096
seeds,16,42,2,13,-3.6705331802368164
seeds,16,42,2,14,-3.9820985794067383
seeds,16,42,2,15,-4.2279767990112305
seeds,16,42,2,16,-4.402182579040527
seeds,16,42,2,17,-4.531406402587891
seeds,16,42,2,18,-4.585792064666748
seeds,16,42,2,19,-4.575982570648193
seeds,16,42,2,20,-4.56532621383667
seeds,16,42,2,21,-4.580962181091309
seeds,16,42,2,22,-4.6078572273254395
seeds,16,42,2,23,-4.625648498535156
seeds,16,42,2,24,-4.62710428237915
seeds,16,42,2,25,-4.6159987449646
seeds,16,42,2,26,-4.599231243133545
seeds,16,42,2,27,-4.582343101501465
seeds,16,42,2,28,-4.568666458129883
seeds,16,42,2,29,-4.559751033782959
seeds,16,42,2,30,-4.5561933517456055
seeds,16,42,2,31,-4.558330059051514
seeds,16,42,2,32,-4.566802024841309
seeds,16,42,2,33,-4.582642078399658
seeds,16,42,2,34,-4.607055187225342
seeds,16,42,2,35,-4.640895366668701
seeds,16,42,2,36,-4.684164047241211
seeds,16,42,2,37,-4.735693454742432
seeds,16,42,2,38,-4.793132781982422
seeds,16,42,2,39,-4.853265762329102
seeds,16,42,2,40,-4.912355422973633
seeds,16,42,2,41,-4.966334819793701
seeds,16,42,2,42,-5.011030673980713
seeds,16,42,2,43,-5.0426788330078125
seeds,16,42,2,44,-5.058858871459961
seeds,16,42,2,45,-5.059632778167725
seeds,16,42,2,46,-5.048057556152344
seeds,16,42,2,47,-5.0295729637146
seeds,16,42,2,48,-5.010432720184326
seeds,16,42,2,49,-4.995856761932373
seeds,16,43,2,0,0.6561496257781982
seeds,16,43,2,1,-1.1145427227020264
seeds,16,43,2,2,-0.6075392365455627
seeds,16,43,2,3,-0.5019035935401917
seeds,16,43,2,4,-0.9400689005851746
seeds,16,43,2,5,-1.1226475238800049
seeds,16,43,2,6,-1.0517208576202393
seeds,16,43,2,7,-0.9849096536636353
seeds,16,43,2,8,-0.9855126142501831
seeds,16,43,2,9,-1.0305050611495972
seeds,16,43,2,10,-1.0719434022903442
seeds,16,43,2,11,-1.0994161367416382
seeds,16,43,2,12,-1.1441895961761475
seeds,16,43,2,13,-1.1984403133392334
seeds,16,43,2,14,-1.2064400911331177
seeds,16,43,2,15,-1.1552815437316895
seeds,16,43,2,16,-1.1127828359603882
seeds,16,43,2,17,-1.1379683017730713
seeds,16,43,2,18,-1.2057573795318604
seeds,16,43,2,19,-1.2509708404541016
seeds,16,43,2,20,-1.2463722229003906
seeds,16,43,2,21,-1.2181316614151
seeds,16,43,2,22,-1.2009742259979248
seeds,16,43,2,23,-1.2023977041244507
seeds,16,43,2,24,-1.2104641199111938
seeds,16,43,2,25,-1.217330813407898
seeds,16,43,2,26,-1.226075291633606
seeds,16,43,2,27,-1.2397305965423584
seeds,16,43,2,28,-1.2520889043807983
seeds,16,43,2,29,-1.2530360221862793
seeds,16,43,2,30,-1.241693139076233
seeds,16,43,2,31,-1.2300424575805664
seeds,16,43,2,32,-1.2295349836349487
seeds,16,43,2,33,-1.238530158996582
seeds,16,43,2,34,-1.247269868850708
seeds,16,43,2,35,-1.2507888078689575
seeds,16,43,2,36,-1.251555323600769
seeds,16,43,2,37,-1.2520900964736938
seeds,16,43,2,38,-1.251164197921753
seeds,16,43,2,39,-1.2478076219558716
seeds,16,43,2,40,-1.2450186014175415
seeds,16,43,2,41,-1.2466940879821777
seeds,16,43,2,42,-1.2519503831863403
seeds,16,43,2,43,-1.2560254335403442
seeds,16,43,2,44,-1.2563426494598389
seeds,16,43,2,45,-1.2550628185272217
seeds,16,43,2,46,-1.25475013256073
seeds,16,43,2,47,-1.254894495010376
seeds,16,43,2,48,-1.2545591592788696
seeds,16,43,2,49,-1.2550773620605469
seeds,16,44,2,0,-2.4505608081817627
seeds,16,44,2,1,-4.270718574523926
seeds,16,44,2,2,-4.8904709815979
seeds,16,44,2,3,-5.0877485275268555
seeds,16,44,2,4,-5.101108074188232
seeds,16,44,2,5,-4.958956241607666
seeds,16,44,2,6,-4.743276119232178
seeds,16,44,2,7,-4.685886383056641
seeds,16,44,2,8,-4.794349670410156
seeds,16,44,2,9,-4.915528774261475
seeds,16,44,2,10,-4.960467338562012
seeds,16,44,2,11,-4.931682109832764
seeds,16,44,2,12,-4.874058723449707
seeds,16,44,2,13,-4.828945636749268
seeds,16,44,2,14,-4.814723491668701
seeds,16,44,2,15,-4.8312249183654785
seeds,16,44,2,16,-4.868628978729248
seeds,16,44,2,17,-4.913132190704346
seeds,16,44,2,18,-4.952091693878174
seeds,16,44,2,19,-4.9789652824401855
seeds,16,44,2,20,-4.993991374969482
seeds,16,44,2,21,-5.00059175491333
seeds,16,44,2,22,-5.004299640655518
seeds,16,44,2,23,-5.013730049133301
seeds,16,44,2,24,-5.036088466644287
seeds,16,44,2,25,-5.070014953613281
seeds,16,44,2,26,-5.106708526611328
seeds,16,44,2,27,-5.136948108673096
seeds,16,44,2,28,-5.15590238571167
seeds,16,44,2,29,-5.163769245147705
seeds,16,44,2,30,-5.16409969329834
seeds,16,44,2,31,-5.161259651184082
seeds,16,44,2,32,-5.158282279968262
seeds,16,44,2,33,-5.15671968460083
seeds,16,44,2,34,-5.157179355621338
seeds,16,44,2,35,-5.1588850021362305
seeds,16,44,2,36,-5.159481525421143
seeds,16,44,2,37,-5.156862258911133
seeds,16,44,2,38,-5.1522674560546875
seeds,16,44,2,39,-5.150487422943115
seeds,16,44,2,40,-5.155246734619141
seeds,16,44,2,41,-5.164844512939453
seeds,16,44,2,42,-5.1740827560424805
seeds,16,44,2,43,-5.179174423217773
seeds,16,44,2,44,-5.179817199707031
seeds,16,44,2,45,-5.177921295166016
seeds,16,44,2,46,-5.1755805015563965
seeds,16,44,2,47,-5.174346923828125
seeds,16,44,2,48,-5.174792766571045
seeds,16,44,2,49,-5.176535606384277
seeds,16,45,2,0,2.162693738937378
seeds,16,45,2,1,1.2435837984085083
seeds,16,45,2,2,1.0483978986740112
seeds,16,45,2,3,1.2448307275772095
seeds,16,45,2,4,1.1222244501113892
seeds,16,45,2,5,0.848534345626831
seeds,16,45,2,6,0.8765711188316345
seeds,16,45,2,7,0.41159147024154663
seeds,16,45,2,8,-0.3174400329589844
seeds,16,45,2,9,-0.5074471831321716
seeds,16,45,2,10,-0.6609387993812561
seeds,16,45,2,11,-0.6526802182197571
seeds,16,45,2,12,-0.8450753092765808
seeds,16,45,2,13,-1.159765362739563
seeds,16,45,2,14,-1.2213274240493774
seeds,16,45,2,15,-1.0656658411026
seeds,16,45,2,16,-0.8905104994773865
seeds,16,45,2,17,-0.7900187969207764
seeds,16,45,2,18,-0.8255375027656555
seeds,16,45,2,19,-0.9390949606895447
seeds,16,45,2,20,-1.015139102935791
seeds,16,45,2,21,-0.9974663853645325
seeds,16,45,2,22,-0.9526968002319336
seeds,16,45,2,23,-0.9436015486717224
seeds,16,45,2,24,-0.9578547477722168
seeds,16,45,2,25,-0.9915725588798523
seeds,16,45,2,26,-1.0437748432159424
seeds,16,45,2,27,-1.0848109722137451
seeds,16,45,2,28,-1.1114445924758911
seeds,16,45,2,29,-1.1552693843841553
seeds,16,45,2,30,-1.2097208499908447
seeds,16,45,2,31,-1.2461097240447998
seeds,16,45,2,32,-1.2546724081039429
seeds,16,45,2,33,-1.2162591218948364
seeds,16,45,2,34,-1.1965105533599854
seeds,16,45,2,35,-1.216291069984436
seeds,16,45,2,36,-1.234716773033142
seeds,16,45,2,37,-1.2392842769622803
seeds,16,45,2,38,-1.2201557159423828
seeds,16,45,2,39,-1.2155154943466187
seeds,16,45,2,40,-1.2286502122879028
seeds,16,45,2,41,-1.251843810081482
seeds,16,45,2,42,-1.2735270261764526
seeds,16,45,2,43,-1.2749394178390503
seeds,16,45,2,44,-1.2746819257736206
seeds,16,45,2,45,-1.2745105028152466
seeds,16,45,2,46,-1.2720290422439575
seeds,16,45,2,47,-1.2674057483673096
seeds,16,45,2,48,-1.2577112913131714
seeds,16,45,2,49,-1.2615169286727905
seeds,16,46,2,0,3.4339399337768555
seeds,16,46,2,1,1.1366952657699585
seeds,16,46,2,2,0.3440813720226288
seeds,16,46,2,3,0.5705884695053101
seeds,16,46,2,4,0.17658232152462006
seeds,16,46,2,5,-0.06569549441337585
seeds,16,46,2,6,0.08380335569381714
seeds,16,46,2,7,0.16571615636348724
seeds,16,46,2,8,0.008024666458368301
seeds,16,46,2,9,-0.30499666929244995
seeds,16,46,2,10,-0.615294337272644
seeds,16,46,2,11,-0.7791192531585693
seeds,16,46,2,12,-0.7809002995491028
seeds,16,46,2,13,-0.7614489793777466
seeds,16,46,2,14,-0.8522484302520752
seeds,16,46,2,15,-1.0309616327285767
seeds,16,46,2,16,-1.1818716526031494
seeds,16,46,2,17,-1.2428619861602783
seeds,16,46,2,18,-1.26691472530365
seeds,16,46,2,19,-1.345859408378601
seeds,16,46,2,20,-1.5120713710784912
seeds,16,46,2,21,-1.7249149084091187
seeds,16,46,2,22,-1.9210480451583862
seeds,16,46,2,23,-2.083094596862793
seeds,16,46,2,24,-2.274501085281372
seeds,16,46,2,25,-2.5802600383758545
seeds,16,46,2,26,-3.029008388519287
seeds,16,46,2,27,-3.546780586242676
seeds,16,46,2,28,-3.985215902328491
seeds,16,46,2,29,-4.404690742492676
seeds,16,46,2,30,-4.912591934204102
seeds,16,46,2,31,-5.243957996368408
seeds,16,46,2,32,-5.336939334869385
seeds,16,46,2,33,-5.349970817565918
seeds,16,46,2,34,-5.3633527755737305
seeds,16,46,2,35,-5.364564418792725
seeds,16,46,2,36,-5.299905300140381
seeds,16,46,2,37,-5.33543586730957
seeds,16,46,2,38,-5.202691555023193
seeds,16,46,2,39,-5.099264621734619
seeds,16,46,2,40,-5.173542499542236
seeds,16,46,2,41,-5.153531551361084
seeds,16,46,2,42,-5.235962867736816
seeds,16,46,2,43,-5.227378845214844
seeds,16,46,2,44,-5.213726997375488
seeds,16,46,2,45,-5.25581169128418
seeds,16,46,2,46,-5.310924053192139
seeds,16,46,2,47,-5.331362724304199
seeds,16,46,2,48,-5.312798023223877
seeds,16,46,2,49,-5.289868354797363
seeds,20,42,2,0,0.7829849720001221
seeds,20,42,2,1,0.8157922029495239
seeds,20,42,2,2,0.8089313507080078
seeds,20,42,2,3,0.015024879947304726
seeds,20,42,2,4,-0.1505156308412552
seeds,20,42,2,5,0.18942147493362427
seeds,20,42,2,6,-0.07868021726608276
seeds,20,42,2,7,-0.5525332093238831
seeds,20,42,2,8,-0.6360336542129517
seeds,20,42,2,9,-0.5411690473556519
seeds,20,42,2,10,-0.6559039950370789
seeds,20,42,2,11,-0.8624393939971924
seeds,20,42,2,12,-0.8108370900154114
seeds,20,42,2,13,-0.6849841475486755
seeds,20,42,2,14,-0.6826091408729553
seeds,20,42,2,15,-0.714497983455658
seeds,20,42,2,16,-0.6779228448867798
seeds,20,42,2,17,-0.6539608836174011
seeds,20,42,2,18,-0.7346678376197815
seeds,20,42,2,19,-0.8580037951469421
seeds,20,42,2,20,-0.9005708694458008
seeds,20,42,2,21,-0.8615114092826843
seeds,20,42,2,22,-0.8407541513442993
seeds,20,42,2,23,-0.8499011993408203
seeds,20,42,2,24,-0.8406478762626648
seeds,20,42,2,25,-0.8277083039283752
seeds,20,42,2,26,-0.8389244079589844
seeds,20,42,2,27,-0.8503224849700928
seeds,20,42,2,28,-0.8423757553100586
seeds,20,42,2,29,-0.8422293663024902
seeds,20,42,2,30,-0.8697887659072876
seeds,20,42,2,31,-0.9003391265869141
seeds,20,42,2,32,-0.907467246055603
seeds,20,42,2,33,-0.8962929248809814
seeds,20,42,2,34,-0.885412335395813
seeds,20,42,2,35,-0.8851072192192078
seeds,20,42,2,36,-0.8919993042945862
seeds,20,42,2,37,-0.8987257480621338
seeds,20,42,2,38,-0.8971639275550842
seeds,20,42,2,39,-0.8911363482475281
seeds,20,42,2,40,-0.8969115614891052
seeds,20,42,2,41,-0.9120483994483948
seeds,20,42,2,42,-0.9158874750137329
seeds,20,42,2,43,-0.9065862894058228
seeds,20,42,2,44,-0.9015727043151855
seeds,20,42,2,45,-0.9049019813537598
seeds,20,42,2,46,-0.9084192514419556
seeds,20,42,2,47,-0.9099194407463074
seeds,20,42,2,48,-0.909931480884552
seeds,20,42,2,49,-0.9088724851608276
seeds,20,43,2,0,0.37571945786476135
seeds,20,43,2,1,-1.6579161882400513
seeds,20,43,2,2,-0.8626565933227539
seeds,20,43,2,3,-0.9073251485824585
seeds,20,43,2,4,-1.4630399942398071
seeds,20,43,2,5,-1.6011847257614136
seeds,20,43,2,6,-1.4851917028427124
seeds,20,43,2,7,-1.40387761592865
seeds,20,43,2,8,-1.4156301021575928
seeds,20,43,2,9,-1.488250732421875
seeds,20,43,2,10,-1.5568946599960327
seeds,20,43,2,11,-1.6078031063079834
seeds,20,43,2,12,-1.6623375415802002
seeds,20,43,2,13,-1.6925455331802368
seeds,20,43,2,14,-1.6579008102416992
seeds,20,43,2,15,-1.597862958908081
seeds,20,43,2,16,-1.5962164402008057
seeds,20,43,2,17,-1.6656707525253296
seeds,20,43,2,18,-1.7387237548828125
seeds,20,43,2,19,-1.7573243379592896
seeds,20,43,2,20,-1.7290916442871094
seeds,20,43,2,21,-1.697778344154358
seeds,20,43,2,22,-1.6882201433181763
seeds,20,43,2,23,-1.695072889328003
seeds,20,43,2,24,-1.706703543663025
seeds,20,43,2,25,-1.7208786010742188
seeds,20,43,2,26,-1.738676905632019
seeds,20,43,2,27,-1.7538869380950928
seeds,20,43,2,28,-1.7558585405349731
seeds,20,43,2,29,-1.7429052591323853
seeds,20,43,2,30,-1.72795569896698
seeds,20,43,2,31,-1.7252060174942017
seeds,20,43,2,32,-1.7348167896270752
seeds,20,43,2,33,-1.746206521987915
seeds,20,43,2,34,-1.7525464296340942
seeds,20,43,2,35,-1.7548903226852417
seeds,20,43,2,36,-1.755260705947876
seeds,20,43,2,37,-1.7528644800186157
seeds,20,43,2,38,-1.7481155395507812
seeds,20,43,2,39,-1.7453099489212036
seeds,20,43,2,40,-1.7483116388320923
seeds,20,43,2,41,-1.7550567388534546
seeds,20,43,2,42,-1.759974479675293
seeds,20,43,2,43,-1.7608883380889893
seeds,20,43,2,44,-1.7602360248565674
seeds,20,43,2,45,-1.7600526809692383
seeds,20,43,2,46,-1.759841799736023
seeds,20,43,2,47,-1.7598861455917358
seeds,20,43,2,48,-1.7622714042663574
seeds,20,43,2,49,-1.7670258283615112
seeds,20,44,2,0,-3.1468310356140137
seeds,20,44,2,1,-5.219968795776367
seeds,20,44,2,2,-5.827695369720459
seeds,20,44,2,3,-5.989560604095459
seeds,20,44,2,4,-5.9798407554626465
seeds,20,44,2,5,-5.879188537597656
seeds,20,44,2,6,-5.736542224884033
seeds,20,44,2,7,-5.642940044403076
seeds,20,44,2,8,-5.702605247497559
seeds,20,44,2,9,-5.834674835205078
seeds,20,44,2,10,-5.920509338378906
seeds,20,44,2,11,-5.935122013092041
seeds,20,44,2,12,-5.914489269256592
seeds,20,44,2,13,-5.893287658691406
seeds,20,44,2,14,-5.884378433227539
seeds,20,44,2,15,-5.890231609344482
seeds,20,44,2,16,-5.916684627532959
seeds,20,44,2,17,-5.966281414031982
seeds,20,44,2,18,-6.0224289894104
seeds,20,44,2,19,-6.058931827545166
seeds,20,44,2,20,-6.063699245452881
seeds,20,44,2,21,-6.048361778259277
seeds,20,44,2,22,-6.036623477935791
seeds,20,44,2,23,-6.039932727813721
seeds,20,44,2,24,-6.049471378326416
seeds,20,44,2,25,-6.056756019592285
seeds,20,44,2,26,-6.065844535827637
seeds,20,44,2,27,-6.079551696777344
seeds,20,44,2,28,-6.091450214385986
seeds,20,44,2,29,-6.096860408782959
seeds,20,44,2,30,-6.10041618347168
seeds,20,44,2,31,-6.110112190246582
seeds,20,44,2,32,-6.127401828765869
seeds,20,44,2,33,-6.145765781402588
seeds,20,44,2,34,-6.158790111541748
seeds,20,44,2,35,-6.166845321655273
seeds,20,44,2,36,-6.172053337097168
seeds,20,44,2,37,-6.174526691436768
seeds,20,44,2,38,-6.180268287658691
seeds,20,44,2,39,-6.196366310119629
seeds,20,44,2,40,-6.217593669891357
seeds,20,44,2,41,-6.2318830490112305
seeds,20,44,2,42,-6.235793113708496
seeds,20,44,2,43,-6.2370524406433105
seeds,20,44,2,44,-6.243899822235107
seeds,20,44,2,45,-6.256940841674805
seeds,20,44,2,46,-6.27009391784668
seeds,20,44,2,47,-6.276114463806152
seeds,20,44,2,48,-6.276450157165527
seeds,20,44,2,49,-6.281336784362793
seeds,20,45,2,0,2.728564977645874
seeds,20,45,2,1,1.4181547164916992
seeds,20,45,2,2,1.517922282218933
seeds,20,45,2,3,1.4564076662063599
seeds,20,45,2,4,1.3278250694274902
seeds,20,45,2,5,1.046029806137085
seeds,20,45,2,6,0.6394383907318115
seeds,20,45,2,7,0.2618311941623688
seeds,20,45,2,8,0.09586426615715027
seeds,20,45,2,9,-0.33721643686294556
seeds,20,45,2,10,-0.5430906414985657
seeds,20,45,2,11,-0.5953470468521118
seeds,20,45,2,12,-0.8469656109809875
seeds,20,45,2,13,-1.1311908960342407
seeds,20,45,2,14,-1.078819990158081
seeds,20,45,2,15,-0.8676673769950867
seeds,20,45,2,16,-0.9503792524337769
seeds,20,45,2,17,-1.0913608074188232
seeds,20,45,2,18,-1.0656062364578247
seeds,20,45,2,19,-1.0511270761489868
seeds,20,45,2,20,-1.2103796005249023
seeds,20,45,2,21,-1.4265073537826538
seeds,20,45,2,22,-1.5195170640945435
seeds,20,45,2,23,-1.4525290727615356
seeds,20,45,2,24,-1.4167778491973877
seeds,20,45,2,25,-1.502584457397461
seeds,20,45,2,26,-1.564799189567566
seeds,20,45,2,27,-1.6828176975250244
seeds,20,45,2,28,-2.192934274673462
seeds,20,45,2,29,-3.103395938873291
seeds,20,45,2,30,-3.246579170227051
seeds,20,45,2,31,-2.417229652404785
seeds,20,45,2,32,-2.7131896018981934
seeds,20,45,2,33,-3.4809160232543945
seeds,20,45,2,34,-3.5372068881988525
seeds,20,45,2,35,-3.3560948371887207
seeds,20,45,2,36,-3.5925188064575195
seeds,20,45,2,37,-3.9341135025024414
seeds,20,45,2,38,-4.0158305168151855
seeds,20,45,2,39,-4.158589839935303
seeds,20,45,2,40,-4.475115776062012
seeds,20,45,2,41,-4.555245399475098
seeds,20,45,2,42,-4.453754901885986
seeds,20,45,2,43,-4.3818182945251465
seeds,20,45,2,44,-4.40321159362793
seeds,20,45,2,45,-4.4773359298706055
seeds,20,45,2,46,-4.506291389465332
seeds,20,45,2,47,-4.45643949508667
seeds,20,45,2,48,-4.391196250915527
seeds,20,45,2,49,-4.384546279907227
seeds,20,46,2,0,4.549570560455322
seeds,20,46,2,1,1.5437233448028564
seeds,20,46,2,2,0.5329485535621643
seeds,20,46,2,3,0.6688727140426636
seeds,20,46,2,4,0.07355015724897385
seeds,20,46,2,5,-0.15718922019004822
seeds,20,46,2,6,0.10494022071361542
seeds,20,46,2,7,0.2112283855676651
seeds,20,46,2,8,-0.036145180463790894
seeds,20,46,2,9,-0.49963510036468506
seeds,20,46,2,10,-0.9171102046966553
seeds,20,46,2,11,-1.0744074583053589
seeds,20,46,2,12,-1.0387710332870483
seeds,20,46,2,13,-1.0857840776443481
seeds,20,46,2,14,-1.313414216041565
seeds,20,46,2,15,-1.566847562789917
seeds,20,46,2,16,-1.6882396936416626
seeds,20,46,2,17,-1.691387414932251
seeds,20,46,2,18,-1.6980077028274536
seeds,20,46,2,19,-1.7926926612854004
seeds,20,46,2,20,-1.9729950428009033
seeds,20,46,2,21,-2.1895666122436523
seeds,20,46,2,22,-2.403655767440796
seeds,20,46,2,23,-2.6142098903656006
seeds,20,46,2,24,-2.844926357269287
seeds,20,46,2,25,-3.1194217205047607
seeds,20,46,2,26,-3.458590269088745
seeds,20,46,2,27,-3.890824317932129
seeds,20,46,2,28,-4.42395544052124
seeds,20,46,2,29,-4.9936699867248535
seeds,20,46,2,30,-5.525592803955078
seeds,20,46,2,31,-6.009986877441406
seeds,20,46,2,32,-6.328701972961426
seeds,20,46,2,33,-6.411485195159912
seeds,20,46,2,34,-6.369634628295898
seeds,20,46,2,35,-6.322042942047119
seeds,20,46,2,36,-6.324282169342041
seeds,20,46,2,37,-6.352170467376709
seeds,20,46,2,38,-6.422337532043457
seeds,20,46,2,39,-6.3408732414245605
seeds,20,46,2,40,-6.176985740661621
seeds,20,46,2,41,-6.174895763397217
seeds,20,46,2,42,-6.240612983703613
seeds,20,46,2,43,-6.332432746887207
seeds,20,46,2,44,-6.308579444885254
seeds,20,46,2,45,-6.309194087982178
seeds,20,46,2,46,-6.327237129211426
seeds,20,46,2,47,-6.353085994720459
seeds,20,46,2,48,-6.373740196228027
seeds,20,46,2,49,-6.367396354675293
