arm,n_assets,instance,qaoa_seed,batches,shots,P_F_exact,feasible_fraction_mean,feasible_fraction_min,feasible_fraction_max,feasible_count_z_max_abs,batches_within_2sd,no_feasible_shot_batches,min_energy_shot_infeasible_batches,g_F_best_feasible_min,g_F_best_feasible_median,g_F_best_feasible_max,batches_best_feasible_optimal,batches_best_feasible_within_tau,distinct_best_feasible,distinct_min_energy_shot,shots_within_tau_total,expected_shots_within_tau,mc_distinct_best_median,mc_distinct_best_p025,mc_distinct_best_p975,mc_no_feasible_batches_mean
gpu_double,12,0,42,10,1000,0.17169155625673563,0.17219999999999996,0.145,0.188,2.2382231496222627,9,0,0,0.0,0.0,0.08246008551089888,7,7,2,2,18,24.309051485081643,2.0,1.0,3.0,0.0
gpu_double,12,0,43,10,1000,0.009917302807928737,0.009699999999999999,0.007,0.012,0.930998513781225,10,0,0,0.0,0.1569195145444973,0.2653674541724457,2,2,5,5,2,1.4961508464320885,7.0,5.0,9.0,0.0
gpu_double,12,1,42,10,1000,0.17893955171833176,0.1799,0.156,0.206,2.232514294519123,9,0,0,0.0,0.0,0.0,10,10,1,1,35,25.384735742830447,2.0,1.0,3.0,0.0
gpu_double,12,1,43,10,1000,0.009937611959532204,0.0116,0.009,0.015,1.6139241979183017,10,0,0,0.0,0.11390386641367091,0.2775682587037388,3,3,6,6,3,1.5015908573988486,7.0,5.0,9.0,0.0
gpu_double,16,0,42,10,1000,0.3768272625237655,0.37360000000000004,0.346,0.389,2.01168315986468,9,0,0,0.0,0.0,0.03256126185899558,6,8,4,4,18,20.078862078412367,4.0,2.0,6.0,0.0
gpu_double,16,0,43,10,1000,0.0005677007167147403,0.0001,0.0,0.001,0.7536731280093125,10,9,9,0.3001787255605046,0.3001787255605046,0.3001787255605046,0,0,1,10,0,0.03040029232432376,4.0,1.0,7.0,5.752
gpu_double,16,1,42,10,1000,0.37734296358494335,0.379,0.362,0.396,1.2171667530107424,10,0,0,0.0,0.01712852807806896,0.04188215627858191,5,5,3,3,7,6.705271372746575,4.0,2.0,6.0,0.0
gpu_double,16,1,43,10,1000,0.0005366142610524808,0.0008,0.0,0.003,3.3637047872867583,9,5,5,0.19341110950401377,0.4971517797063406,0.7690305773128279,0,0,5,10,0,0.009502901506805774,4.0,1.0,7.0,5.79
gpu_double,20,0,42,10,1000,0.04699973801602958,0.048299999999999996,0.036,0.062,2.2413238661797594,9,0,0,0.029113227409852616,0.10101477981999539,0.17763101295890896,0,0,10,10,0,0.3929108396830233,10.0,9.0,10.0,0.0
gpu_double,20,0,43,10,1000,0.004240391517824389,0.005299999999999999,0.002,0.008,1.8296262784861994,10,0,0,0.11057395332552328,0.2074945851750373,0.36380667116907506,0,0,10,10,0,0.03485958053249443,10.0,9.0,10.0,0.138
gpu_double,20,1,42,10,1000,0.04747662860134115,0.0469,0.04,0.06,1.8622736764749417,10,0,0,0.0933045968739762,0.17512373298871753,0.20397611143740543,0,0,10,10,0,0.09881778840315027,10.0,9.0,10.0,0.0
gpu_double,20,1,43,10,1000,0.00421126633595344,0.0048000000000000004,0.003,0.008,1.8501379790882837,10,0,0,0.1603627027206096,0.2847868768802248,0.367153544243659,0,0,10,10,0,0.00864491533550334,10.0,9.0,10.0,0.162
cpu_double,12,0,42,10,1000,0.17169155625673407,0.17179999999999998,0.151,0.188,1.735092542752983,10,0,0,0.0,0.0,0.0,10,10,1,1,33,24.309051485081444,2.0,1.0,3.0,0.0
cpu_double,12,0,43,10,1000,0.009917302807928649,0.008799999999999999,0.006,0.013,1.2501284002129185,10,0,0,0.0,0.08246008551089888,0.37720311061553247,3,3,6,6,3,1.4961508464320759,7.0,5.0,9.0,0.002
cpu_double,12,1,42,10,1000,0.17893955171833026,0.1726,0.149,0.193,2.470043233834648,8,0,0,0.0,0.0,0.0616136650977683,9,9,2,2,32,25.384735742830234,2.0,1.0,3.0,0.0
cpu_double,12,1,43,10,1000,0.009937611959532125,0.008999999999999998,0.006,0.013,1.2553378312173364,10,0,0,0.0,0.173516761056205,0.4438218774399699,1,1,10,10,1,1.5015908573988346,7.0,5.0,9.0,0.0
cpu_double,16,0,42,10,1000,0.37682726252376125,0.37889999999999996,0.349,0.402,1.8159132800399655,10,0,0,0.0,0.002464256928998336,0.007859121285048768,5,10,3,3,24,20.078862078412147,4.0,2.0,6.0,0.0
cpu_double,16,0,43,10,1000,0.0005677007167147338,0.0004,0.0,0.002,1.9015045239436115,10,7,7,0.2778721945407264,0.5093705761890814,0.791154209145035,0,0,3,9,0,0.030400292324323248,4.0,1.4750000000000014,7.0,5.674
cpu_double,16,1,42,10,1000,0.37734296358493913,0.3746,0.361,0.392,1.0661989116985269,10,0,0,0.0,0.03425705615613792,0.07875605069266531,4,4,5,5,5,6.705271372746512,4.0,2.0,5.0,0.0
cpu_double,16,1,43,10,1000,0.0005366142610524745,0.0004,0.0,0.002,1.9982244509737574,10,7,7,0.19664217246164256,0.34724008327778694,0.5267140397148452,0,0,3,10,0,0.009502901506805574,4.0,1.0,7.0,5.786
cpu_double,20,0,42,10,1000,0.04699973801602891,0.0481,0.038,0.062,2.241323866179875,9,0,0,0.03866712623457099,0.08366325571006347,0.1601341032581738,0,0,10,10,0,0.3929108396830181,10.0,9.0,10.0,0.0
cpu_double,20,0,43,10,1000,0.004240391517824328,0.0045000000000000005,0.002,0.007,1.3429728710475388,10,0,0,0.06922480877658159,0.20728784023512895,0.2937074433452884,0,0,10,10,0,0.034859580532493974,10.0,9.0,10.0,0.138
cpu_double,20,1,42,10,1000,0.04747662860134047,0.048799999999999996,0.038,0.066,2.7544968409215174,8,0,0,0.14147336721551096,0.18032617310073443,0.2604791511236199,0,0,10,10,0,0.09881778840314875,10.0,9.0,10.0,0.0
cpu_double,20,1,43,10,1000,0.00421126633595338,0.0045000000000000005,0.002,0.007,1.3618117616386005,10,0,0,0.1879176595381203,0.34907211993580667,0.3921215331099394,0,0,10,10,0,0.008644915335503229,10.0,9.0,10.0,0.118
gpu_single,12,0,42,10,1000,0.17169158207252622,0.1709,0.151,0.183,1.735094604131923,10,0,0,0.0,0.0,0.0,10,10,1,1,22,24.30905355140567,2.0,1.0,3.0,0.0
gpu_single,12,0,43,10,1000,0.00991729661473073,0.0091,0.003,0.014,2.2075167654489283,9,0,0,0.0,0.30189501659627804,0.4128917079470388,1,1,7,7,1,1.4961505075916648,8.0,5.0,9.0,0.002
gpu_single,12,1,42,10,1000,0.17893968150019646,0.181,0.163,0.197,1.4899940813850663,10,0,0,0.0,0.0,0.0,10,10,1,1,31,25.38474975153804,2.0,1.0,2.0,0.0
gpu_single,12,1,43,10,1000,0.009937588081811555,0.011399999999999999,0.007,0.019,2.889162814953476,9,0,0,0.0,0.0616136650977683,0.2775682587037388,4,4,6,6,4,1.5015876851975918,7.0,5.0,9.0,0.0
gpu_single,16,0,42,10,1000,0.37682731926906854,0.3765,0.354,0.414,2.425763674281423,9,0,0,0.0,0.002464256928998336,0.020795681380429035,5,9,4,4,15,20.07886185310781,4.0,2.0,6.0,0.0
gpu_single,16,0,43,10,1000,0.0005677020053553861,0.0001,0.0,0.001,0.7536739838871713,10,9,9,0.4222713659928876,0.4222713659928876,0.4222713659928876,0,0,1,10,0,0.03040031629097939,4.0,2.0,7.0,5.714
gpu_single,16,1,42,10,1000,0.37734235514653847,0.3703,0.359,0.389,1.19663763584868,10,0,0,0.0,0.0,0.04188215627858191,6,6,3,3,8,6.705258274450898,4.0,2.0,5.0,0.0
gpu_single,16,1,43,10,1000,0.0005366150222130273,0.00030000000000000003,0.0,0.003,3.3637013635974418,9,9,9,0.19341110950401377,0.19341110950401377,0.19341110950401377,0,0,1,9,0,0.009502907118985604,4.0,1.0,7.0,5.804
gpu_single,20,0,42,10,1000,0.04699944201911421,0.044899999999999995,0.032,0.056,2.241208057211544,9,0,0,0.0061444120337393986,0.06829221805352303,0.17763101295890896,0,1,10,10,1,0.39290866880037356,10.0,9.0,10.0,0.0
gpu_single,20,0,43,10,1000,0.004240396390514434,0.0059,0.002,0.009,2.3162759894496436,8,0,0,0.09592943639031416,0.14882965604827708,0.5776444815456535,0,0,10,10,0,0.034859622246585786,10.0,9.0,10.0,0.15
gpu_single,20,1,42,10,1000,0.04747660471821291,0.046,0.039,0.057,1.4161659842122958,10,0,0,0.11875424584421959,0.1760695055151843,0.23104122990531328,0,0,10,10,0,0.09881771802611183,10.0,9.0,10.0,0.0
gpu_single,20,1,43,10,1000,0.004211274511760621,0.0040999999999999995,0.001,0.007,1.568148019747591,10,0,0,0.1603627027206096,0.2878752884581112,0.36135107078780604,0,0,10,10,0,0.008644910849398002,10.0,9.0,10.0,0.166
sv1,12,0,42,10,1000,0.17169155625674473,0.1689,0.147,0.188,2.0705129473332633,9,0,0,0.0,0.0,0.08246008551089888,9,9,2,2,20,24.30905148508349,2.0,1.0,3.0,0.0
sv1,12,0,43,10,1000,0.009917302807928772,0.010499999999999999,0.007,0.019,2.898560123399355,9,0,0,0.08246008551089888,0.24272677891182987,0.4128917079470388,0,0,7,7,0,1.496150846432082,7.0,5.0,9.0,0.0
sv1,12,1,42,10,1000,0.178939551718306,0.1823,0.166,0.211,2.6450193408682283,8,0,0,0.0,0.0,0.0616136650977683,7,7,2,2,14,25.384735742826486,2.0,1.0,3.0,0.0
sv1,12,1,43,10,1000,0.00993761195953237,0.0081,0.003,0.013,2.211758507595944,9,0,0,0.0,0.15147525406908025,0.4868813705449044,1,1,8,8,1,1.5015908573988646,7.0,5.0,9.0,0.004
sv1,16,0,42,10,1000,0.3768272625237604,0.3721,0.323,0.395,3.512585571851729,9,0,0,0.0,0.002464256928998336,0.05145891280735623,5,7,4,4,17,20.0788620784121,4.0,2.0,6.0,0.0
sv1,16,0,43,10,1000,0.000567700716714817,0.0004,0.0,0.001,0.7536731280093635,10,6,6,0.32104025561351923,0.38708420826932044,0.5394096377901456,0,0,4,10,0,0.030400292324328938,4.0,1.0,7.0,5.718
sv1,16,1,42,10,1000,0.37734296358493397,0.3809,0.36,0.405,1.8043179239366736,10,0,0,0.0,0.0,0.04188215627858191,6,6,3,3,8,6.705271372746447,4.0,2.0,6.0,0.0
sv1,16,1,43,10,1000,0.00053661426105244,0.0005,0.0,0.002,1.9982244509738687,10,7,7,0.31494558858169547,0.39383935696363054,0.5651311726559557,0,0,3,10,0,0.009502901506805474,4.0,1.0,7.524999999999977,5.922
sv1,20,0,42,10,1000,0.04699973801604228,0.046299999999999994,0.037,0.056,1.4941506684915455,10,0,0,0.01935782399925927,0.07709894819029639,0.1787356219910505,0,0,10,10,0,0.392910839683133,10.0,9.0,10.0,0.0
sv1,20,0,43,10,1000,0.00424039151782412,0.0028,0.0,0.007,2.0636009810233333,9,1,1,0.0977823575712218,0.2743116159453763,0.4681689170507209,0,0,9,10,0,0.034859580532491954,10.0,9.0,10.0,0.144
sv1,20,1,42,10,1000,0.04747662860133328,0.045399999999999996,0.039,0.055,1.2605073990865865,10,0,0,0.06741460618542433,0.1540334873595347,0.24402588715772297,0,0,10,10,0,0.09881778840313445,10.0,9.0,10.0,0.0
sv1,20,1,43,10,1000,0.004211266335953491,0.0037000000000000006,0.002,0.007,1.3618117616385284,10,0,0,0.11313236119771587,0.2950477362287247,0.4522914899366717,0,0,10,10,0,0.00864491533550342,10.0,9.0,10.0,0.132
