n_assets,instance,penalty_label,penalty,qaoa_seed,precision,gradient_evaluations,objective_evaluations,scipy_status,scipy_message,scipy_iterations,scipy_final_grad_norm,scipy_version,scipy_ftol,scipy_gtol,best_expectation,seconds
12,0,Aheur,12.999999999979208,42,single,47,47,0,CONVERGENCE: RELATIVE REDUCTION OF F <= FACTR*EPSMCH,12,0.0127996408846229,1.17.1,2.220446049250313e-09,1e-05,-1.517066240310669,2.749106082999788
12,0,Aheur,12.999999999979208,42,double,15,15,0,CONVERGENCE: RELATIVE REDUCTION OF F <= FACTR*EPSMCH,12,1.2374261407016585e-05,1.17.1,2.220446049250313e-09,1e-05,-1.5170629913452918,0.6816277920006542
12,0,Aheur,12.999999999979208,43,single,45,45,0,CONVERGENCE: RELATIVE REDUCTION OF F <= FACTR*EPSMCH,10,0.0003509030211716,1.17.1,2.220446049250313e-09,1e-05,-0.8526613116264343,2.010877792001338
12,0,Aheur,12.999999999979208,43,double,21,21,0,CONVERGENCE: NORM OF PROJECTED GRADIENT <= PGTOL,17,8.671411437982668e-06,1.17.1,2.220446049250313e-09,1e-05,-0.8526642080763056,0.9673440829992614
12,0,Amargin,0.1982233406231659,42,single,100,100,-1,stopped at the gradient budget,-1,,1.17.1,2.220446049250313e-09,1e-05,-4.316845893859863,4.515851792000831
12,0,Amargin,0.1982233406231659,42,double,53,53,0,CONVERGENCE: RELATIVE REDUCTION OF F <= FACTR*EPSMCH,31,8.780705759123958e-05,1.17.1,2.220446049250313e-09,1e-05,-4.2641131946470106,2.470076166000581
12,0,Amargin,0.1982233406231659,43,single,29,29,0,CONVERGENCE: RELATIVE REDUCTION OF F <= FACTR*EPSMCH,18,0.000478645786643,1.17.1,2.220446049250313e-09,1e-05,-0.9112817645072936,1.3184830000009242
12,0,Amargin,0.1982233406231659,43,double,22,22,0,CONVERGENCE: NORM OF PROJECTED GRADIENT <= PGTOL,19,3.803295855975275e-06,1.17.1,2.220446049250313e-09,1e-05,-0.9112814792099068,1.0505464170000778
12,1,Aheur,12.999999999983348,42,single,69,69,2,ABNORMAL: ,13,0.0002892372531284,1.17.1,2.220446049250313e-09,1e-05,-1.5349807739257812,3.1162154159992497
12,1,Aheur,12.999999999983348,42,double,18,18,0,CONVERGENCE: RELATIVE REDUCTION OF F <= FACTR*EPSMCH,13,0.0003360057149582,1.17.1,2.220446049250313e-09,1e-05,-1.5349774514680488,0.8425532090004708
12,1,Aheur,12.999999999983348,43,single,64,64,0,CONVERGENCE: RELATIVE REDUCTION OF F <= FACTR*EPSMCH,12,0.000345139647834,1.17.1,2.220446049250313e-09,1e-05,-0.8597674369812012,2.923719792001066
12,1,Aheur,12.999999999983348,43,double,22,22,0,CONVERGENCE: RELATIVE REDUCTION OF F <= FACTR*EPSMCH,18,1.65767632528545e-05,1.17.1,2.220446049250313e-09,1e-05,-0.8597673654607736,1.0312151670004823
12,1,Amargin,0.3539176455668781,42,single,27,27,0,CONVERGENCE: RELATIVE REDUCTION OF F <= FACTR*EPSMCH,12,0.000258196843788,1.17.1,2.220446049250313e-09,1e-05,-1.890913486480713,1.2344012499997916
12,1,Amargin,0.3539176455668781,42,double,15,15,0,CONVERGENCE: NORM OF PROJECTED GRADIENT <= PGTOL,12,7.124928293529564e-06,1.17.1,2.220446049250313e-09,1e-05,-1.8909161838042552,0.697727250000753
12,1,Amargin,0.3539176455668781,43,single,75,75,2,ABNORMAL: ,17,0.0011817710474133,1.17.1,2.220446049250313e-09,1e-05,-1.1232569217681885,3.440507749999597
12,1,Amargin,0.3539176455668781,43,double,22,22,0,CONVERGENCE: RELATIVE REDUCTION OF F <= FACTR*EPSMCH,18,0.0001803271716047,1.17.1,2.220446049250313e-09,1e-05,-1.1232575007377243,1.0346794580000278
16,0,Aheur,16.999999999972275,42,single,29,29,0,CONVERGENCE: RELATIVE REDUCTION OF F <= FACTR*EPSMCH,10,0.1175778061151504,1.17.1,2.220446049250313e-09,1e-05,-2.170462846755981,7.96519624999928
16,0,Aheur,16.999999999972275,42,double,17,17,0,CONVERGENCE: NORM OF PROJECTED GRADIENT <= PGTOL,13,1.6708626638375565e-06,1.17.1,2.220446049250313e-09,1e-05,-2.170923360810236,4.546443666999039
16,0,Aheur,16.999999999972275,43,single,66,66,0,CONVERGENCE: RELATIVE REDUCTION OF F <= FACTR*EPSMCH,11,0.0196108918753452,1.17.1,2.220446049250313e-09,1e-05,-1.2599899768829346,16.62659708299907
16,0,Aheur,16.999999999972275,43,double,22,22,0,CONVERGENCE: NORM OF PROJECTED GRADIENT <= PGTOL,19,7.780729019270499e-06,1.17.1,2.220446049250313e-09,1e-05,-1.2599737437484078,5.853507791000084
16,0,Amargin,0.3111303123133038,42,single,90,90,0,CONVERGENCE: RELATIVE REDUCTION OF F <= FACTR*EPSMCH,33,0.0166329145840617,1.17.1,2.220446049250313e-09,1e-05,-5.29571008682251,22.71875275000093
16,0,Amargin,0.3111303123133038,42,double,73,73,0,CONVERGENCE: NORM OF PROJECTED GRADIENT <= PGTOL,43,4.80675141498535e-06,1.17.1,2.220446049250313e-09,1e-05,-5.295078165115973,19.33164354099972
16,0,Amargin,0.3111303123133038,43,single,63,63,2,ABNORMAL: ,21,1.3383571058511734e-05,1.17.1,2.220446049250313e-09,1e-05,-1.3596267700195312,15.966506250000748
16,0,Amargin,0.3111303123133038,43,double,23,23,0,CONVERGENCE: RELATIVE REDUCTION OF F <= FACTR*EPSMCH,21,1.3320456542537109e-05,1.17.1,2.220446049250313e-09,1e-05,-1.359622127703778,6.116651957998329
16,1,Aheur,16.999999999977796,42,single,100,100,-1,stopped at the gradient budget,-1,,1.17.1,2.220446049250313e-09,1e-05,-2.1736507415771484,25.241187083000117
16,1,Aheur,16.999999999977796,42,double,16,16,0,CONVERGENCE: RELATIVE REDUCTION OF F <= FACTR*EPSMCH,12,5.863007443339613e-05,1.17.1,2.220446049250313e-09,1e-05,-2.1731181007963416,4.30802445900008
16,1,Aheur,16.999999999977796,43,single,45,45,0,CONVERGENCE: RELATIVE REDUCTION OF F <= FACTR*EPSMCH,12,0.017036245932104,1.17.1,2.220446049250313e-09,1e-05,-1.2646963596343994,11.38127941699895
16,1,Aheur,16.999999999977796,43,double,22,22,0,CONVERGENCE: NORM OF PROJECTED GRADIENT <= PGTOL,19,5.572753213223258e-06,1.17.1,2.220446049250313e-09,1e-05,-1.2646932858544964,5.861298333000377
16,1,Amargin,0.473653267417355,42,single,100,100,-1,stopped at the gradient budget,-1,,1.17.1,2.220446049250313e-09,1e-05,-5.56952714920044,25.245629334000117
16,1,Amargin,0.473653267417355,42,double,68,68,0,CONVERGENCE: NORM OF PROJECTED GRADIENT <= PGTOL,43,9.927509408764155e-06,1.17.1,2.220446049250313e-09,1e-05,-5.528418006599831,17.96897537499899
16,1,Amargin,0.473653267417355,43,single,36,36,0,CONVERGENCE: RELATIVE REDUCTION OF F <= FACTR*EPSMCH,19,0.0004648971371352,1.17.1,2.220446049250313e-09,1e-05,-1.4919263124465942,9.155350000000908
16,1,Amargin,0.473653267417355,43,double,25,25,0,CONVERGENCE: RELATIVE REDUCTION OF F <= FACTR*EPSMCH,19,4.904496849519533e-05,1.17.1,2.220446049250313e-09,1e-05,-1.4919215351531354,6.63430179200077
