n_assets,penalty_label,runs,runs_ok,runs_failed,instances,a_over_crit_median,best_shot_feasible_rate,no_feasible_shot_runs,optimal_rate,within_tau_main_rate,g_off_success_rate,g_off_success_but_not_tau_rate,final_P_F_p25,final_P_F_median,final_P_F_p75,final_P_tau_main_p25,final_P_tau_main_median,final_P_tau_main_p75,final_P_opt_p25,final_P_opt_median,final_P_opt_p75,final_Q_tau_main_1000_p25,final_Q_tau_main_1000_median,final_Q_tau_main_1000_p75,final_Q_opt_1000_p25,final_Q_opt_1000_median,final_Q_opt_1000_p75,initial_P_F_p25,initial_P_F_median,initial_P_F_p75,initial_P_tau_main_p25,initial_P_tau_main_median,initial_P_tau_main_p75,feasible_shot_fraction_p25,feasible_shot_fraction_median,feasible_shot_fraction_p75,g_F_p25,g_F_median,g_F_p75,g_off_p25,g_off_median,g_off_p75,rank_best_feasible_p25,rank_best_feasible_median,rank_best_feasible_p75,deflation_D_p25,deflation_D_median,deflation_D_p75,final_expected_violation_p25,final_expected_violation_median,final_expected_violation_p75,runtime_s_p25,runtime_s_median,runtime_s_p75
12,A0,45,45,0,9,nan,0.9777777777777777,0,0.9111111111111111,0.9777777777777777,0.9111111111111111,0.0,0.14335155592561932,0.1987067385634873,0.2648348233633442,0.005902138072997332,0.016628583893179893,0.029767198488116264,0.00565549498423934,0.012092174030840397,0.024792984127998352,0.9973137914185369,0.9999999478108293,0.9999999999999248,0.9965574673712986,0.9999947949390177,0.9999999999875027,0.01257929374514788,0.083753017737763,0.11427354335864948,0.00023139012046158314,0.0012980381725355983,0.003011593595147133,0.143,0.206,0.276,0.0,0.0,0.0,0.0,0.0,0.0,1.0,1.0,1.0,0.21312874792566,0.2374073788737099,0.43057306124276495,1.6222805069912278,2.0678732373049615,2.357173101617494,10.125054648146033,10.185867645777762,10.218700831755996
12,1.1xAcrit,105,105,0,21,1.1,0.9714285714285714,0,0.9428571428571428,0.9428571428571428,0.9428571428571428,0.0,0.1724876073858468,0.257418918190524,0.3103798541123979,0.003917530179023743,0.007314903661608696,0.012163972482085228,0.003809181973338127,0.007066752295941114,0.011600617319345474,0.9802622809298547,0.9993521094353298,0.9999951598219877,0.9779943355411156,0.9991681347192709,0.9999914401631893,0.09558445090135592,0.11929626669734716,0.13651426170008563,0.0007646990125067532,0.001885614008642733,0.0037445942871272564,0.174,0.255,0.309,0.0,0.0,0.0,0.0,0.0,0.0,1.0,1.0,1.0,0.45680822417747063,0.49655603963863754,0.6540162937425654,1.3689987375241979,1.7380661435817544,2.245228186681927,10.162154090590775,10.222871279343963,10.794394399039447
12,2xAcrit,105,105,0,21,2.0,0.9714285714285714,0,0.8476190476190476,0.8571428571428571,0.8476190476190476,0.0,0.17748847067559836,0.2768135280985007,0.34252257947809994,0.00229262444190681,0.006971376016736031,0.010701318271458149,0.00229262444190681,0.006971376016736031,0.010160977020859718,0.8992644516377352,0.9990842705423353,0.9999787465045291,0.8992644516377352,0.9990842705423353,0.9999633080115898,0.1088845341000706,0.1239038483472541,0.14920987459481694,0.0013296585530042648,0.002200837479904294,0.003433452919125557,0.178,0.272,0.343,0.0,0.0,0.0,0.0,0.0,0.0,1.0,1.0,1.0,0.7082401309564216,0.7465892210063442,1.22066339375972,1.2006980082219838,1.6447481304824685,3.5251101839471275,10.12889898288995,10.210790439508855,10.81089917756617
12,5xAcrit,105,105,0,21,5.0,1.0,0,0.7238095238095238,0.7333333333333333,0.7238095238095238,0.0,0.08581823502026964,0.24370194114635524,0.38107192516326904,0.001022792886942625,0.004777815658599138,0.009086663834750652,0.0010135158663615584,0.004094884730875492,0.008996265940368176,0.640598918879409,0.9916814382513269,0.9998914391126866,0.6372458042808617,0.9834817876774342,0.999881070144458,0.10836080921581015,0.12249871890526265,0.15016511653084308,0.0011004816042259336,0.002127166837453842,0.003398602595552802,0.093,0.252,0.398,0.0,0.0,0.029621335040609268,0.0,0.0,0.008155727848269019,1.0,1.0,2.0,1.4138537686823685,1.668706567993046,3.1160847006330767,1.1540225269106832,2.74292978418066,12.203879274115025,10.152037683874369,10.216692496091127,10.808847807347775
12,10xAcrit,105,105,0,21,10.0,1.0,0,0.6952380952380952,0.6952380952380952,0.6952380952380952,0.0,0.07317074463480822,0.1900712714996189,0.39390797750093043,0.00036370157613418996,0.0026399721391499043,0.008374805562198162,0.00035876943729817867,0.002576810773462057,0.008244877681136131,0.3049473852409229,0.9288854278877505,0.9997773860115757,0.3015095764844892,0.9242363357475745,0.9997462230107032,0.09410612803185359,0.12141611590050161,0.14624762509629363,0.0009727191063575447,0.001925396965816617,0.003309544874355197,0.082,0.202,0.403,0.0,0.0,0.0616136650977683,0.0,0.0,0.012111373136091529,1.0,1.0,2.0,2.5898764982256135,3.205568812970882,6.275120212088671,1.102628347036152,11.641580100105834,12.554893111351703,10.136638102121651,10.211147498339415,10.853552157990634
12,Amargin,150,150,0,30,3.722007992405255,0.9933333333333333,0,0.7866666666666666,0.8,0.7866666666666666,0.0,0.09184216105774112,0.3278395322849974,0.38301166727615055,0.0008977412799140438,0.007614722097059712,0.010726080043241382,0.0007613271300215274,0.00720991799607873,0.00975349871441722,0.5925806137451276,0.999520949045995,0.99997894127298,0.5324096689443766,0.999277863299179,0.9999446206351346,0.12043333322799299,0.12698393210303038,0.15491133616524166,0.0017345459491480142,0.0025241354014724493,0.0039251919370144606,0.09325,0.3315,0.3895,0.0,0.0,0.0,0.0,0.0,0.0,1.0,1.0,1.0,1.1882368636745262,1.3032441427533779,1.4487378989731676,1.0602281270308203,1.4302587802300164,11.997938880995198,10.122023748699576,10.184340316802263,10.294889065204188
12,Aheur,150,150,0,30,179.08362534470152,1.0,0,0.7666666666666667,0.78,0.8133333333333334,0.03333333333333333,0.13576471264241263,0.17894412658642977,0.3060656182933599,0.00218094140291214,0.0026274402625858784,0.005246011656709015,0.0021688067936338484,0.0026017562486231327,0.004607815528288484,0.8873298530694738,0.9279857625927206,0.9947781740691188,0.8859539186544197,0.9261077032170231,0.9901320549881895,0.06713290320476517,0.11360042518936098,0.11907662963494658,0.0010306521726306528,0.001697438710834831,0.0032618881959933788,0.13625,0.193,0.32075,0.0,0.0,0.0,0.0,0.0,0.0,1.0,1.0,1.0,57.755720206596706,67.94354184468757,76.00899274683343,1.6021054805924315,10.586180192453867,12.938358474571032,10.107872729422525,10.174911139067262,10.274326077196747
16,1.1xAcrit,150,150,0,30,1.1,0.6866666666666666,0,0.5933333333333334,0.6333333333333333,0.6,0.0,0.1861739805487801,0.24500366982323385,0.28709540207317374,0.0005061445117462426,0.0010804524645209312,0.001968945056432858,0.00045322420191951096,0.0010213033528998494,0.0016166917339432985,0.3972526564104405,0.660747029467958,0.8606388746666747,0.36448720274131585,0.6400565166072167,0.8016694807390614,0.09200888279226227,0.10235216046740447,0.12669115182843882,0.00019602939937612973,0.000362373044481501,0.0006996546726441011,0.1925,0.246,0.29474999999999996,0.0,0.0,0.025189772902614066,0.0,0.0,0.0191945777779305,1.0,1.0,2.0,0.838739117566154,1.014368765414917,1.2376177744900696,1.7990322767280038,2.237569169418241,4.304522914192943,16.65877960412763,16.772116391919553,16.906245736870915
16,2xAcrit,150,150,0,30,2.0,0.8933333333333333,0,0.48,0.52,0.49333333333333335,0.0,0.08064941955845484,0.275322192661406,0.3427862240951072,8.430329580733087e-05,0.0008054400095716119,0.0015487408672925085,7.027929859759752e-05,0.0007625965808983892,0.0014474875060841441,0.08083937276131362,0.5532198328172363,0.7877389001177091,0.06786885898338874,0.5336819577461589,0.7650860434988453,0.08804604623060186,0.10234100191519246,0.13688427033378048,0.0002411890782241244,0.00040002331661526114,0.0006832980288891122,0.08825,0.273,0.34675,0.0,0.002975975644552229,0.06303160727007504,0.0,0.0013056506704097537,0.03789341544059873,1.0,2.0,5.75,1.4396829609524537,1.8197361398034122,2.263443923153789,1.4969363600386338,1.970272709720418,19.81537053326203,16.662330836988986,16.768908511847258,16.891578566282988
16,5xAcrit,150,150,0,30,5.0,0.88,16,0.44029850746268656,0.4701492537313433,0.4552238805970149,0.0,0.041676440302580886,0.358763086842373,0.44625304170767777,1.9212656752642943e-05,0.0008768086845520884,0.0011194106482435018,1.625995628273813e-05,0.000843313435325399,0.0010386304929852486,0.019029450553038257,0.5840482252502128,0.6737315689803993,0.016128600638738583,0.5698706162059414,0.6462422429228919,0.02259107614372624,0.0734256071690993,0.10378432810283833,0.00016855915237101726,0.0002686436491785571,0.0005247317021712661,0.03725,0.3505,0.444,0.0,0.013043247804619374,0.09118375428047379,0.0,0.002625548238521574,0.021395001873674168,1.0,2.0,13.5,3.5880107043863827,4.360307272468099,5.810616384065368,1.0504397880605554,1.6469896421006323,18.94381214723224,16.66007238999009,16.75423259055242,16.8950345213525
16,10xAcrit,150,150,0,30,10.0,0.9,15,0.4,0.4222222222222222,0.4074074074074074,0.0,0.0251838592544118,0.30875639014993794,0.41260395788413007,1.69684058164421e-05,0.0006692042225040495,0.0009120430913753808,1.671171594352927e-05,0.0006410006026271731,0.0008470348257105798,0.016825391952145885,0.48795074635751656,0.5984639954249918,0.01657297977422631,0.4733417014004475,0.5714696183186241,0.022486483691523063,0.03800122616439694,0.10175239033560501,6.969685273361392e-05,0.0001929635545820929,0.0004049633862450719,0.023,0.3075,0.416,0.0,0.016848834264468007,0.0939440932246962,0.0,0.0017927591213036187,0.012664715801858871,1.0,2.0,19.0,7.1127178669764195,8.682701166037385,11.722570485584665,1.2181578622989035,3.582386413957588,18.512631204141417,16.67761955712922,16.76268413802609,16.872718270635232
16,Amargin,150,150,0,30,3.2206016520213883,0.9066666666666666,11,0.4028776978417266,0.4460431654676259,0.4172661870503597,0.0,0.028678259037178577,0.3006080320919864,0.3884712451399537,4.043138051201822e-05,0.0007685532327741385,0.0014141119609121233,3.6570428164850455e-05,0.0007471806893590838,0.0013159072259441018,0.039625721930203694,0.5364531749858372,0.7571000584880707,0.03591044609183627,0.5264320582963639,0.7320014542844592,0.061682955057335676,0.09538667998037909,0.11363247420115385,0.0002073286632366944,0.0003766586887650192,0.0006393343646777794,0.03075,0.31,0.40225,0.0,0.014927364663834456,0.07512622583568873,0.0,0.005436784578946851,0.026375370839729347,1.0,2.0,10.0,2.534022704240893,2.871481568558642,3.2946154636842797,1.3006169254040372,1.6907147402610239,19.895399731268895,16.665221417322755,16.753338783048093,16.871675549075007
16,Aheur,150,150,0,30,136.36446120143148,0.9066666666666666,14,0.375,0.39705882352941174,0.8529411764705882,0.45588235294117646,0.11664564098828123,0.22930728540814016,0.28327197600447107,0.00020889520965283737,0.0004093202151125297,0.0006675683980574831,0.00020739312094519846,0.00040816371620167047,0.0005109689373057336,0.18853742614732807,0.33595410200866915,0.48715996284944807,0.18731725472599972,0.33518537271048393,0.40016430734540176,0.031541804052722,0.0348359581312252,0.1009025174062117,4.672887644119328e-05,6.351867341436446e-05,0.00018270819418830797,0.11725000000000001,0.235,0.28774999999999995,0.0,0.016951663953725136,0.06518686558034975,0.0,0.00014335054282334992,0.0005550593713072342,1.0,2.0,6.0,99.21175814011926,117.8852301308144,144.39603607094614,3.0549857120967423,4.002696441105854,22.65589402070313,16.67053854605183,16.767532182391733,16.844294427894056
20,1.1xAcrit,150,150,0,30,1.1,0.4533333333333333,0,0.16666666666666666,0.26666666666666666,0.16666666666666666,0.0,0.17796028253847326,0.23772236672732006,0.28218254607645576,0.00010681348612706643,0.0002537590771680698,0.0005555710522457957,7.087595440680161e-05,0.00015243583038682118,0.0002997485571540892,0.10131181188720412,0.22414091432926803,0.426332212599185,0.06842489563793255,0.14139389233858862,0.25899681689876797,0.07374668621569225,0.08704522899421363,0.09987239172907583,4.6131866838550195e-05,8.742010595597094e-05,0.00014348448348755483,0.1815,0.235,0.2825,0.007483306167906421,0.01906112811438021,0.04345380081636346,0.005303100340480918,0.012435411695048179,0.0339896585612902,2.0,4.0,11.0,1.2755158919278817,1.5558392982899139,1.7376678053153178,2.1488172894998154,3.2327567089550984,5.834845306670895,29.591626789653674,29.706756196450442,29.818907915148884
20,2xAcrit,150,150,0,30,2.0,0.9266666666666666,0,0.15333333333333332,0.22,0.16,0.0,0.160091567430106,0.2237195011279658,0.2928286644983018,4.749233539769193e-05,0.00014106574235484004,0.0003526702494127676,3.221955194021575e-05,9.195348684443161e-05,0.00020097431115573272,0.046383292183097696,0.1315546478344337,0.29723099639612316,0.031706532058706965,0.08785625075218817,0.18208287136359164,0.04442940028891762,0.07475950228728401,0.08856268637987341,2.8111051051382674e-05,6.135571311460808e-05,0.00011010999924110365,0.15975,0.2205,0.29374999999999996,0.011980425523811533,0.03215645133701392,0.06732516076134483,0.0036864762497798216,0.011904648389054234,0.02581855670375257,3.0,6.0,22.0,2.3451902719763233,2.812919655638985,3.244448303615393,2.5445245232845566,3.2729214717324924,11.066123640104962,29.589046430541202,29.703758923336864,29.81249617622234
20,5xAcrit,150,150,0,30,5.0,0.9933333333333333,0,0.05333333333333334,0.12666666666666668,0.09333333333333334,0.0,0.057139381568617864,0.23284351457914454,0.45136039062163036,1.798183097889705e-05,8.929030445870012e-05,0.0001763788286552881,1.0580781236058101e-05,7.299322896869853e-05,9.195033817377407e-05,0.017821247633349913,0.08542360530461773,0.16171198888409255,0.010522029671805239,0.07039474504353538,0.08785340842046188,0.01981846292645173,0.04986073408122138,0.08801220035820734,9.468231901621493e-06,2.074100757454289e-05,4.656832743421546e-05,0.06125,0.2355,0.46125000000000005,0.0213115432633667,0.04772098489792691,0.09197714574363873,0.0034686944799904636,0.006757258589863973,0.0137091759856189,5.0,14.5,37.75,5.918082141889522,7.003187513469222,8.134215838591585,2.8807989137232495,3.7173438392086124,25.85013553585567,29.590247496729717,29.689284310676157,29.799316946882755
20,10xAcrit,150,150,0,30,10.0,1.0,0,0.11333333333333333,0.16,0.20666666666666667,0.04666666666666667,0.056296920079262236,0.21905061280813243,0.47556395498213533,1.0964854709527572e-05,8.709538451512344e-05,0.00016993002827803139,8.57807253851206e-06,6.287031646934338e-05,8.929405157687142e-05,0.010902437055783643,0.08341381134595183,0.15628748013375923,0.008541422307578872,0.06093646924247781,0.08542704091590123,0.014219855458331043,0.061835654026253906,0.08764895650074322,2.06983702355501e-06,1.9078719560639e-05,3.620981601670792e-05,0.05825,0.222,0.46475,0.025758110812787546,0.04877145221543271,0.10306799448865596,0.0014740473656802088,0.003660344028171781,0.00869840464031571,5.0,16.0,88.25,11.826843773483503,13.986967276519618,16.28382839688524,3.0641255524027344,9.90756344757268,29.68146921781566,29.589522001566365,29.674633867572993,29.814534962642938
20,Amargin,150,150,0,30,3.0250306532281446,1.0,0,0.12,0.18666666666666668,0.12666666666666668,0.0,0.2255663603773428,0.30267274139850997,0.3649213508488174,4.353799795353552e-05,0.00011400388393667527,0.00021807110533700325,3.5826058592647314e-05,8.914608042687178e-05,0.0001374967978335917,0.04260472158470591,0.10775090702922696,0.19594468252012465,0.03519251291623074,0.08529160283820786,0.12847064917062936,0.03780518534701116,0.0477622854464812,0.08829510095824844,1.640867083096964e-05,2.8996694709348958e-05,6.183377263369039e-05,0.237,0.306,0.36824999999999997,0.01900550787514395,0.04216023694500046,0.08449263306180516,0.004214486455131521,0.009644105794325706,0.0198375308980522,4.0,10.5,45.0,3.982811960156248,4.413477244635196,4.89717890283252,2.9340455318077714,3.6305133543551245,10.94754841275293,29.576625222805887,29.670430509839207,29.817569977371022
20,Aheur,150,150,0,30,117.55936007132291,0.9933333333333333,1,0.026845637583892617,0.06040268456375839,0.8187919463087249,0.7583892617449665,0.047219359933251326,0.1672784861711989,0.29956813486296596,1.0010152209360967e-05,6.117114389780909e-05,0.00010998432844644412,9.85718520496448e-06,3.492985160846729e-05,6.238868627406191e-05,0.009960266019644531,0.0593395225033449,0.10415724184386005,0.009808810493180248,0.03432743478821165,0.06048419007145664,0.032972435474334816,0.08712494074552524,0.09294218512377483,6.420604336199176e-06,1.875262660178123e-05,3.6894679851684486e-05,0.051,0.171,0.30925,0.031308867535741226,0.062314789949777676,0.12188124454747415,0.00019248520183483853,0.00039166565079650254,0.0008128685822267865,8.0,23.0,80.0,137.09140861974564,161.93941482123847,186.76012659445362,3.2072557510982587,14.259254856573287,30.347650678033716,29.586671750061214,29.67974627763033,29.78779090521857
