n_assets,instance,penalty_label,qaoa_seed,best_expectation_single,best_expectation_double,best_expectation_diff,final_P_F_single,final_P_F_double,final_P_F_diff,final_P_tau_main_single,final_P_tau_main_double,final_P_tau_main_diff,final_Q_tau_main_1000_single,final_Q_tau_main_1000_double,final_Q_tau_main_1000_diff,final_D_cond_single,final_D_cond_double,final_D_cond_diff,within_tau_main_agree,same_stop_reason
12,0,Aheur,42,-1.5170698165893557,-1.5170629913452904,-6.825244065034042e-06,0.1835216046310961,0.1836755448366281,-0.0001539402055319,0.0026083278935402,0.0026112878193295,-2.959925789242004e-06,0.9265929653091874,0.9268104902945598,-0.0002175249853723,0.0127690467197192,0.0127106768306468,5.836988907243802e-05,False,True
12,0,Aheur,43,-0.8526636362075806,-0.8526642080763068,5.71868726262359e-07,0.0106011798343388,0.0106054855377536,-4.305703414832912e-06,0.0001598798844497,0.0001599450702702,-6.51858204892789e-08,0.1477647426356905,0.1478203033641399,-5.556072844942195e-05,0.001247011463529,0.0012466344582754,3.7700525359462417e-07,True,False
12,0,Amargin,42,-4.3168463706970215,-4.2641131946470505,-0.0527331760499709,0.4429330830462277,0.3773656869529591,0.0655673960932685,0.0069692311808466,0.0031259741387273,0.0038432570421193,0.999082290528998,0.956320229507805,0.042762061021193,0.0335148822159865,0.1232957515570931,-0.0897808693411065,True,True
12,0,Amargin,43,-0.9112809896469116,-0.9112814792099048,4.895629930334877e-07,0.0128679092013044,0.0128638596652839,4.049536020430192e-06,0.0002306660608155,0.0002305761894552,8.987136026683746e-08,0.2060165551943432,0.2059451791540235,7.137604031962064e-05,0.0800499262687838,0.0800485292562828,1.3970125009865608e-06,False,False
12,1,Aheur,42,-1.534980535507202,-1.53497745146805,-3.084039152279061e-06,0.1785133411176502,0.1785100265422635,3.3145753867702688e-06,0.0024998430162668,0.00249974193514,1.010811267613057e-07,0.918158664656242,0.9181503708899909,8.29376625122169e-06,0.0137969538718111,0.0138006031480594,-3.6492762483658634e-06,True,True
12,1,Aheur,43,-0.8597674369812012,-0.8597673654607753,-7.152042591496155e-08,0.0106890975002897,0.0106943253841395,-5.227883849717382e-06,0.0001613923086551,0.0001614705040339,-7.819537876205978e-08,0.1490529164166638,0.1491194646872344,-6.654827057064883e-05,0.0014751343979464,0.0014759730368938,-8.386389474621808e-07,True,False
12,1,Amargin,42,-1.890912771224976,-1.890916183804252,3.4125792762740303e-06,0.1920593967151944,0.1927864447296654,-0.0007270480144709,0.0008886721916496,0.0008902159204008,-1.5437287512092349e-06,0.5889610478451499,0.5895956549842232,-0.0006346071390732,0.3671138309673247,0.3674656796847811,-0.0003518487174564,False,False
12,1,Amargin,43,-1.1232550144195557,-1.1232575007377228,2.4863181671275214e-06,0.0210570427007041,0.0210390816831103,1.7961017593860762e-05,0.0003715999773703,0.000371296339777,3.036375933511632e-07,0.3104175694866123,0.3102080767179608,0.0002094927686514,0.041561464304955,0.0415949104760262,-3.344617107124692e-05,False,True
16,0,Aheur,42,-2.1704742908477783,-2.1709233608102387,0.0004490699624604,0.2859552619047463,0.2823525754909585,0.0036026864137878,0.0013879108882974,0.001370527186183,1.7383702114385016e-05,0.7506443101992394,0.7462655972619967,0.0043787129372426,0.0156562474959592,0.015627118795805,2.9128700154229525e-05,True,False
16,0,Aheur,43,-1.2599902153015137,-1.259973743748408,-1.6471553105690262e-05,0.0006491027600077,0.0006506148787816,-1.5121187739248945e-06,3.514141212690447e-06,3.5211673823853194e-06,-7.026169694872429e-09,0.0035079799978562,0.0035149815199203,-7.001522064085941e-06,0.0061378226329931,0.0060896073744613,4.8215258531727166e-05,False,False
16,0,Amargin,42,-5.295291423797607,-5.295078165115942,-0.0002132586816649,0.4228836041293107,0.4229173923026035,-3.37881732928591e-05,0.0021540991729125,0.0021538920733746,2.0709953791383379e-07,0.8842615739222497,0.8842375503133886,2.402360886111232e-05,0.0254542308629597,0.025454706433383,-4.755704233784519e-07,True,False
16,0,Amargin,43,-1.3596251010894775,-1.359622127703777,-2.9733857005442843e-06,0.0015890616660811,0.0015891805067616,-1.188406804769615e-07,2.482455920471693e-05,2.482603458039026e-05,-1.4753756733268603e-09,0.0245192643936986,0.0245207036289134,-1.4392352148430432e-06,0.3094521844458726,0.3094469051480694,5.279297803251204e-06,False,False
16,1,Aheur,42,-2.1736505031585693,-2.1731181007963367,-0.0005324023622326,0.2815416630473919,0.2805699390017634,0.0009717240456285,0.0004598601371981,0.0004583470608878,1.5130763102857514e-06,0.3686948306983459,0.3677384553748828,0.000956375323463,0.0155234914580812,0.0154933916398791,3.0099818202154044e-05,True,True
16,1,Aheur,43,-1.2646998167037964,-1.2646932858545017,-6.530849294916763e-06,0.0006213321196355,0.000627013938498,-5.68181886246666e-06,1.113472762881429e-06,1.1236912977133436e-06,-1.0218534831914704e-08,0.0011128537013265,0.0011230608236906,-1.0207122364102064e-05,0.0062266843126207,0.0062000579245684,2.6626388052273554e-05,False,False
16,1,Amargin,42,-5.569479465484619,-5.528418006574041,-0.041061458910578,0.4649482257373165,0.4152961392431212,0.0496520864941952,0.0013726940378546,0.0007329222931602,0.0006397717446944,0.7468155603522157,0.5196263363605742,0.2271892239916415,0.1006477285634812,0.017660023630004,0.0829877049334772,True,False
16,1,Amargin,43,-1.491925597190857,-1.4919215351531268,-4.062037730179213e-06,0.0023776532474357,0.0023765321744219,1.1210730138208789e-06,8.037322913878597e-06,8.03353059291456e-06,3.792320964037798e-09,0.0080051420346117,0.008001380034353,3.762000258708889e-06,0.122565573721545,0.1225435385463184,2.2035175226572945e-05,True,True
20,0,Aheur,42,-0.9173750877380372,-0.9173761932623556,1.105524318534279e-06,0.0337064461036789,0.0337042235279682,2.2225757106350552e-06,2.779538090180722e-05,2.779372324336961e-05,1.657658437611794e-09,0.0274130193194195,0.0274114070562562,1.612263163253136e-06,0.0041205175766061,0.0041196075951799,9.099814261420702e-07,True,False
20,0,Aheur,43,-1.7646465301513672,-1.7646938873771163,4.735722574911172e-05,0.0038822139707122,0.0038435264699942,3.868750071794446e-05,3.190657935192576e-06,3.158739081903981e-06,3.1918853288594884e-08,0.0031855782694335,0.0031537604873476,3.181778208589687e-05,0.0011891554384062,0.001209326819586,-2.0171381179844667e-05,True,True
20,0,Amargin,42,-5.715482234954834,-5.715489405741538,7.170786703980525e-06,0.343349448000481,0.3442875579838423,-0.0009381099833613,4.2135283365496434e-05,4.26672876909033e-05,-5.320043254068685e-07,0.0412607808729907,0.0417707202495837,-0.000509939376593,0.3992493715187259,0.3982730328011488,0.0009763387175771,False,True
20,0,Amargin,43,-1.913873076438904,-1.913875302968555,2.226529651094822e-06,0.0083853225041821,0.0083867483527294,-1.4258485473706006e-06,7.292013151527499e-06,7.293398121283782e-06,-1.3849697562832161e-09,0.0072655173232691,0.0072668922395784,-1.374916309277753e-06,0.012131686922952,0.0121334600690661,-1.7731461140722826e-06,True,False
20,1,Aheur,42,-0.918299674987793,-0.918300530466932,8.55479138972548e-07,0.0336566487912932,0.0336701855050538,-1.3536713760552157e-05,6.907533133926336e-06,6.910514810401211e-06,-2.981676474875293e-09,0.0068837546561123,0.006886715823502,-2.961167389711576e-06,0.0024512422267711,0.0024460503978558,5.19182891536114e-06,True,False
20,1,Aheur,43,-1.7660857439041138,-1.7661220404069389,3.62965028251061e-05,0.0038682069633182,0.0038419310117177,2.627595160049727e-05,7.938222097436665e-07,7.883957763937295e-07,5.426433349936992e-09,0.0007935075310754,0.0007880853846402,5.422146435160482e-06,0.0008292220104709,0.0008428984419767,-1.3676431505852436e-05,True,True
20,1,Amargin,42,-5.908316135406494,-5.908322278469091,6.143062597274707e-06,0.3741655349149368,0.3741587173285949,6.817586341967274e-06,1.3764056348009037e-05,1.376351364621309e-05,5.427017959441891e-10,0.0136698582620469,0.0136693229713947,5.352906521927103e-07,0.2916003656044154,0.2916033556290277,-2.990024612292697e-06,True,False
20,1,Amargin,43,-2.0019147396087646,-2.00191585726746,1.1176586953709489e-06,0.009345707085572,0.0093483361622002,-2.6290766282528744e-06,2.010244543271256e-06,2.010925148297718e-06,-6.806050264622633e-10,0.0020082273714433,0.0020089066107946,-6.792393513403543e-07,0.008107052564729,0.0081177016019827,-1.0649037253673832e-05,True,True
