sweep,n_assets,n_select,qaoa_seed,p_layers,energy_quantum,energy_classical,gap_pct,runtime_s,feasible,sharpe_ratio,classical_method,backend,precision,steps,shots,data_start,data_end
grid,12,2,42,1,-52.15076860299848,-52.25261168074922,0.19490523913517033,5.491294423118234,True,1.337964475552203,brute_force,lightning_gpu,single,50,1000,2023-08-06,2026-08-05
grid,12,2,43,1,-52.15076860299848,-52.25261168074922,0.19490523913517033,5.628255357034504,True,1.337964475552203,brute_force,lightning_gpu,single,50,1000,2023-08-06,2026-08-05
grid,12,2,44,1,-52.25261168074922,-52.25261168074922,0.0,5.637971802614629,True,1.3218756853432454,brute_force,lightning_gpu,single,50,1000,2023-08-06,2026-08-05
grid,12,2,45,1,-52.07953997417389,-52.25261168074922,0.33122116006900165,5.55390156339854,True,1.1172922135622942,brute_force,lightning_gpu,single,50,1000,2023-08-06,2026-08-05
grid,12,2,46,1,-52.19909386988678,-52.25261168074922,0.10242131281287668,5.6166790602728724,True,1.1763543666609393,brute_force,lightning_gpu,single,50,1000,2023-08-06,2026-08-05
grid,12,2,42,2,-52.25261168074922,-52.25261168074922,0.0,9.956860733218491,True,1.3218756853432454,brute_force,lightning_gpu,single,50,1000,2023-08-06,2026-08-05
grid,12,2,43,2,-52.15076860299848,-52.25261168074922,0.19490523913517033,10.047442555427551,True,1.337964475552203,brute_force,lightning_gpu,single,50,1000,2023-08-06,2026-08-05
grid,12,2,44,2,-52.25261168074922,-52.25261168074922,0.0,10.009175290353596,True,1.3218756853432454,brute_force,lightning_gpu,single,50,1000,2023-08-06,2026-08-05
grid,12,2,45,2,-52.25261168074922,-52.25261168074922,0.0,10.041516238823533,True,1.3218756853432454,brute_force,lightning_gpu,single,50,1000,2023-08-06,2026-08-05
grid,12,2,46,2,-52.25261168074922,-52.25261168074922,0.0,10.094199523329735,True,1.3218756853432454,brute_force,lightning_gpu,single,50,1000,2023-08-06,2026-08-05
grid,12,2,42,3,-52.25261168074922,-52.25261168074922,0.0,14.189940148964524,True,1.3218756853432454,brute_force,lightning_gpu,single,50,1000,2023-08-06,2026-08-05
grid,12,2,43,3,-52.25261168074922,-52.25261168074922,0.0,14.3141760667786,True,1.3218756853432454,brute_force,lightning_gpu,single,50,1000,2023-08-06,2026-08-05
grid,12,2,44,3,-52.25261168074922,-52.25261168074922,0.0,14.37743948213756,True,1.3218756853432454,brute_force,lightning_gpu,single,50,1000,2023-08-06,2026-08-05
grid,12,2,45,3,-52.19909386988678,-52.25261168074922,0.10242131281287668,14.377904295921326,True,1.1763543666609393,brute_force,lightning_gpu,single,50,1000,2023-08-06,2026-08-05
grid,12,2,46,3,-52.25261168074922,-52.25261168074922,0.0,14.388407172635198,True,1.3218756853432454,brute_force,lightning_gpu,single,50,1000,2023-08-06,2026-08-05
grid,12,2,42,4,-52.25261168074922,-52.25261168074922,0.0,18.44420029129833,True,1.3218756853432454,brute_force,lightning_gpu,single,50,1000,2023-08-06,2026-08-05
grid,12,2,43,4,-52.25261168074922,-52.25261168074922,0.0,18.46934596914798,True,1.3218756853432454,brute_force,lightning_gpu,single,50,1000,2023-08-06,2026-08-05
grid,12,2,44,4,-52.25261168074922,-52.25261168074922,0.0,18.402241211384535,True,1.3218756853432454,brute_force,lightning_gpu,single,50,1000,2023-08-06,2026-08-05
grid,12,2,45,4,-52.25261168074922,-52.25261168074922,0.0,18.496342579834163,True,1.3218756853432454,brute_force,lightning_gpu,single,50,1000,2023-08-06,2026-08-05
grid,12,2,46,4,-52.25261168074922,-52.25261168074922,0.0,18.380973605439067,True,1.3218756853432454,brute_force,lightning_gpu,single,50,1000,2023-08-06,2026-08-05
grid,12,2,42,1,-52.080384291783304,-52.25261168074922,0.3296053219658809,11.026148454286158,True,1.0725490001906428,brute_force,lightning_gpu,single,100,1000,2023-08-06,2026-08-05
grid,12,2,43,1,-52.03381475661891,-52.25261168074922,0.41872916413653255,10.990935824811459,True,1.0580675479084825,brute_force,lightning_gpu,single,100,1000,2023-08-06,2026-08-05
grid,12,2,44,1,-52.25261168074922,-52.25261168074922,0.0,11.061129548586905,True,1.3218756853432454,brute_force,lightning_gpu,single,100,1000,2023-08-06,2026-08-05
grid,12,2,45,1,-52.19909386988678,-52.25261168074922,0.10242131281287668,11.196674310602248,True,1.1763543666609393,brute_force,lightning_gpu,single,100,1000,2023-08-06,2026-08-05
grid,12,2,46,1,-52.25261168074922,-52.25261168074922,0.0,11.16649382468313,True,1.3218756853432454,brute_force,lightning_gpu,single,100,1000,2023-08-06,2026-08-05
grid,12,2,42,2,-52.25261168074922,-52.25261168074922,0.0,19.986177424900234,True,1.3218756853432454,brute_force,lightning_gpu,single,100,1000,2023-08-06,2026-08-05
grid,12,2,43,2,-52.19909386988678,-52.25261168074922,0.10242131281287668,20.119569851085544,True,1.1763543666609393,brute_force,lightning_gpu,single,100,1000,2023-08-06,2026-08-05
grid,12,2,44,2,-52.25261168074922,-52.25261168074922,0.0,20.094010247848928,True,1.3218756853432454,brute_force,lightning_gpu,single,100,1000,2023-08-06,2026-08-05
grid,12,2,45,2,-52.25261168074922,-52.25261168074922,0.0,20.01026946399361,True,1.3218756853432454,brute_force,lightning_gpu,single,100,1000,2023-08-06,2026-08-05
grid,12,2,46,2,-52.25261168074922,-52.25261168074922,0.0,19.93145737797022,True,1.3218756853432454,brute_force,lightning_gpu,single,100,1000,2023-08-06,2026-08-05
grid,12,2,42,3,-52.15076860299848,-52.25261168074922,0.19490523913517033,28.737391643226147,True,1.337964475552203,brute_force,lightning_gpu,single,100,1000,2023-08-06,2026-08-05
grid,12,2,43,3,-52.25261168074922,-52.25261168074922,0.0,28.562106194905937,True,1.3218756853432454,brute_force,lightning_gpu,single,100,1000,2023-08-06,2026-08-05
grid,12,2,44,3,-52.25261168074922,-52.25261168074922,0.0,28.72864984534681,True,1.3218756853432454,brute_force,lightning_gpu,single,100,1000,2023-08-06,2026-08-05
grid,12,2,45,3,-52.25261168074922,-52.25261168074922,0.0,28.72338547743857,True,1.3218756853432454,brute_force,lightning_gpu,single,100,1000,2023-08-06,2026-08-05
grid,12,2,46,3,-52.25261168074922,-52.25261168074922,0.0,28.675927043892443,True,1.3218756853432454,brute_force,lightning_gpu,single,100,1000,2023-08-06,2026-08-05
grid,12,2,42,4,-52.25261168074922,-52.25261168074922,0.0,36.73124473262578,True,1.3218756853432454,brute_force,lightning_gpu,single,100,1000,2023-08-06,2026-08-05
grid,12,2,43,4,-52.25261168074922,-52.25261168074922,0.0,36.77692802157253,True,1.3218756853432454,brute_force,lightning_gpu,single,100,1000,2023-08-06,2026-08-05
grid,12,2,44,4,-52.25261168074922,-52.25261168074922,0.0,36.8189379312098,True,1.3218756853432454,brute_force,lightning_gpu,single,100,1000,2023-08-06,2026-08-05
grid,12,2,45,4,-52.25261168074922,-52.25261168074922,0.0,36.86337373126298,True,1.3218756853432454,brute_force,lightning_gpu,single,100,1000,2023-08-06,2026-08-05
grid,12,2,46,4,-52.25261168074922,-52.25261168074922,0.0,36.64696882944554,True,1.3218756853432454,brute_force,lightning_gpu,single,100,1000,2023-08-06,2026-08-05
grid,12,2,42,1,-52.06798763822492,-52.25261168074922,0.3533297888578399,44.495094497688115,True,1.037554879084376,brute_force,lightning_gpu,single,400,1000,2023-08-06,2026-08-05
grid,12,2,43,1,-52.15076860299848,-52.25261168074922,0.19490523913517033,44.45506528299302,True,1.337964475552203,brute_force,lightning_gpu,single,400,1000,2023-08-06,2026-08-05
grid,12,2,44,1,-52.25261168074922,-52.25261168074922,0.0,44.5446370113641,True,1.3218756853432454,brute_force,lightning_gpu,single,400,1000,2023-08-06,2026-08-05
grid,12,2,45,1,-51.922402697552265,-52.25261168074922,0.6319473277516743,44.5577835040167,True,0.9467353641018368,brute_force,lightning_gpu,single,400,1000,2023-08-06,2026-08-05
grid,12,2,46,1,-52.25261168074922,-52.25261168074922,0.0,44.52707857079804,True,1.3218756853432454,brute_force,lightning_gpu,single,400,1000,2023-08-06,2026-08-05
grid,12,2,42,2,-52.25261168074922,-52.25261168074922,0.0,79.9756546355784,True,1.3218756853432454,brute_force,lightning_gpu,single,400,1000,2023-08-06,2026-08-05
grid,12,2,43,2,-52.25261168074922,-52.25261168074922,0.0,80.29474961850792,True,1.3218756853432454,brute_force,lightning_gpu,single,400,1000,2023-08-06,2026-08-05
grid,12,2,44,2,-52.25261168074922,-52.25261168074922,0.0,79.77468521054834,True,1.3218756853432454,brute_force,lightning_gpu,single,400,1000,2023-08-06,2026-08-05
grid,12,2,45,2,-52.19909386988678,-52.25261168074922,0.10242131281287668,79.89434437826276,True,1.1763543666609393,brute_force,lightning_gpu,single,400,1000,2023-08-06,2026-08-05
grid,12,2,46,2,-52.25261168074922,-52.25261168074922,0.0,79.95094556640834,True,1.3218756853432454,brute_force,lightning_gpu,single,400,1000,2023-08-06,2026-08-05
grid,12,2,42,3,-52.25261168074922,-52.25261168074922,0.0,115.21514127962291,True,1.3218756853432454,brute_force,lightning_gpu,single,400,1000,2023-08-06,2026-08-05
grid,12,2,43,3,-52.25261168074922,-52.25261168074922,0.0,122.858678098768,True,1.3218756853432454,brute_force,lightning_gpu,single,400,1000,2023-08-06,2026-08-05
grid,12,2,44,3,-52.25261168074922,-52.25261168074922,0.0,123.12703586462885,True,1.3218756853432454,brute_force,lightning_gpu,single,400,1000,2023-08-06,2026-08-05
grid,12,2,45,3,-52.25261168074922,-52.25261168074922,0.0,123.23507728241384,True,1.3218756853432454,brute_force,lightning_gpu,single,400,1000,2023-08-06,2026-08-05
grid,12,2,46,3,-52.25261168074922,-52.25261168074922,0.0,123.06853747088462,True,1.3218756853432454,brute_force,lightning_gpu,single,400,1000,2023-08-06,2026-08-05
grid,12,2,42,4,-52.25261168074922,-52.25261168074922,0.0,152.2671750076115,True,1.3218756853432454,brute_force,lightning_gpu,single,400,1000,2023-08-06,2026-08-05
grid,12,2,43,4,-52.25261168074922,-52.25261168074922,0.0,157.847274011001,True,1.3218756853432454,brute_force,lightning_gpu,single,400,1000,2023-08-06,2026-08-05
grid,12,2,44,4,-52.25261168074922,-52.25261168074922,0.0,158.16824432462454,True,1.3218756853432454,brute_force,lightning_gpu,single,400,1000,2023-08-06,2026-08-05
grid,12,2,45,4,-52.25261168074922,-52.25261168074922,0.0,157.77413776889443,True,1.3218756853432454,brute_force,lightning_gpu,single,400,1000,2023-08-06,2026-08-05
grid,12,2,46,4,-52.25261168074922,-52.25261168074922,0.0,157.4224623516202,True,1.3218756853432454,brute_force,lightning_gpu,single,400,1000,2023-08-06,2026-08-05
grid,20,4,42,1,-335.2610753366906,-336.15232144200877,0.2651316229187187,16.95935404021293,True,0.5859832765106143,brute_force,lightning_gpu,single,50,1000,2023-08-06,2026-08-05
grid,20,4,43,1,-335.78689672375606,-336.15232144200877,0.1087080751622156,16.97941034194082,True,1.0978404251156708,brute_force,lightning_gpu,single,50,1000,2023-08-06,2026-08-05
grid,20,4,44,1,-336.03707040271075,-336.15232144200877,0.034285361708530894,16.875291305594146,True,1.355500396197065,brute_force,lightning_gpu,single,50,1000,2023-08-06,2026-08-05
grid,20,4,45,1,-335.5689897035456,-336.15232144200877,0.1735319678771935,16.8815525630489,True,1.222448905623595,brute_force,lightning_gpu,single,50,1000,2023-08-06,2026-08-05
grid,20,4,46,1,-335.9747295240489,-336.15232144200877,0.05283078730441684,16.997467391192913,True,1.5323130382754206,brute_force,lightning_gpu,single,50,1000,2023-08-06,2026-08-05
grid,20,4,42,2,-335.9747295240489,-336.15232144200877,0.05283078730441684,29.3345339121297,True,1.5323130382754206,brute_force,lightning_gpu,single,50,1000,2023-08-06,2026-08-05
grid,20,4,43,2,-335.82332290065153,-336.15232144200877,0.09787186354861864,29.69476778898388,True,1.0252409721525555,brute_force,lightning_gpu,single,50,1000,2023-08-06,2026-08-05
grid,20,4,44,2,-336.1222593946752,-336.15232144200877,0.008942983705898515,29.591536233201623,True,1.4638129909258697,brute_force,lightning_gpu,single,50,1000,2023-08-06,2026-08-05
grid,20,4,45,2,-336.1358449771381,-336.15232144200877,0.004901487754118071,29.390412162989378,True,1.4638807071588888,brute_force,lightning_gpu,single,50,1000,2023-08-06,2026-08-05
grid,20,4,46,2,-336.07853556721267,-336.15232144200877,0.021950130964313593,29.464698151685297,True,1.1836913736499022,brute_force,lightning_gpu,single,50,1000,2023-08-06,2026-08-05
grid,20,4,42,3,-336.1222593946752,-336.15232144200877,0.008942983705898515,41.93276455439627,True,1.4638129909258697,brute_force,lightning_gpu,single,50,1000,2023-08-06,2026-08-05
grid,20,4,43,3,-336.05223367511553,-336.15232144200877,0.02977452794729712,41.903085933066905,True,1.3679414394732625,brute_force,lightning_gpu,single,50,1000,2023-08-06,2026-08-05
grid,20,4,44,3,-336.15232144200877,-336.15232144200877,0.0,42.071920783258975,True,1.4732051545372367,brute_force,lightning_gpu,single,50,1000,2023-08-06,2026-08-05
grid,20,4,45,3,-336.15232144200877,-336.15232144200877,0.0,41.85635921359062,True,1.4732051545372367,brute_force,lightning_gpu,single,50,1000,2023-08-06,2026-08-05
grid,20,4,46,3,-336.11496767698543,-336.15232144200877,0.011112154413541445,41.86987383663654,True,1.4620239244949482,brute_force,lightning_gpu,single,50,1000,2023-08-06,2026-08-05
grid,20,4,42,4,-335.9630197958589,-336.15232144200877,0.056314246273186395,54.74763836432248,True,1.1324411165443187,brute_force,lightning_gpu,single,50,1000,2023-08-06,2026-08-05
grid,20,4,43,4,-336.0926602541601,-336.15232144200877,0.01774825995333253,54.59183064289391,True,1.3139748467270016,brute_force,lightning_gpu,single,50,1000,2023-08-06,2026-08-05
grid,20,4,44,4,-336.0255018049166,-336.15232144200877,0.03772683661625733,54.710403316654265,True,1.2524423788553842,brute_force,lightning_gpu,single,50,1000,2023-08-06,2026-08-05
grid,20,4,45,4,-335.8770074485817,-336.15232144200877,0.08190155946150675,54.714567605406046,True,1.2920490048598654,brute_force,lightning_gpu,single,50,1000,2023-08-06,2026-08-05
grid,20,4,46,4,-336.1358449771381,-336.15232144200877,0.004901487754118071,54.57762892264873,True,1.4638807071588888,brute_force,lightning_gpu,single,50,1000,2023-08-06,2026-08-05
grid,20,4,42,1,-335.8044058996823,-336.15232144200877,0.10349937219948133,33.70937660429627,True,1.0940518466221674,brute_force,lightning_gpu,single,100,1000,2023-08-06,2026-08-05
grid,20,4,43,1,-335.8033061804025,-336.15232144200877,0.10382652129519176,33.663151419721544,True,0.7395221318442368,brute_force,lightning_gpu,single,100,1000,2023-08-06,2026-08-05
grid,20,4,44,1,-336.0261925532983,-336.15232144200877,0.037521349895608985,33.59202453121543,True,1.2114979640787742,brute_force,lightning_gpu,single,100,1000,2023-08-06,2026-08-05
grid,20,4,45,1,-314.66233308926405,-336.15232144200877,6.392931710409758,33.6737078409642,False,0.729013180972966,brute_force,lightning_gpu,single,100,1000,2023-08-06,2026-08-05
grid,20,4,46,1,-335.89025775754953,-336.15232144200877,0.07795980207277708,33.61642788629979,True,1.016800286808896,brute_force,lightning_gpu,single,100,1000,2023-08-06,2026-08-05
grid,20,4,42,2,-336.0521588694553,-336.15232144200877,0.02979678144830298,58.79461935535073,True,1.134988635287753,brute_force,lightning_gpu,single,100,1000,2023-08-06,2026-08-05
grid,20,4,43,2,-336.09256932465445,-336.15232144200877,0.017775310043375535,58.339458364993334,True,1.31791972028434,brute_force,lightning_gpu,single,100,1000,2023-08-06,2026-08-05
grid,20,4,44,2,-336.07853556721267,-336.15232144200877,0.021950130964313593,58.74620711989701,True,1.1836913736499022,brute_force,lightning_gpu,single,100,1000,2023-08-06,2026-08-05
grid,20,4,45,2,-336.0255018049166,-336.15232144200877,0.03772683661625733,58.54555916413665,True,1.2524423788553842,brute_force,lightning_gpu,single,100,1000,2023-08-06,2026-08-05
grid,20,4,46,2,-336.1358449771381,-336.15232144200877,0.004901487754118071,58.683224607259035,True,1.4638807071588888,brute_force,lightning_gpu,single,100,1000,2023-08-06,2026-08-05
grid,20,4,42,3,-336.1428670908589,-336.15232144200877,0.0028125199639637615,83.37209923192859,True,1.4675160119077235,brute_force,lightning_gpu,single,100,1000,2023-08-06,2026-08-05
grid,20,4,43,3,-336.07309603508963,-336.15232144200877,0.023568305754747963,83.64905080851167,True,1.2368737986572809,brute_force,lightning_gpu,single,100,1000,2023-08-06,2026-08-05
grid,20,4,44,3,-336.1358449771381,-336.15232144200877,0.004901487754118071,84.01619681809098,True,1.4638807071588888,brute_force,lightning_gpu,single,100,1000,2023-08-06,2026-08-05
grid,20,4,45,3,-336.1404648963906,-336.15232144200877,0.0035271348320044726,83.79519665054977,True,1.4360383792399112,brute_force,lightning_gpu,single,100,1000,2023-08-06,2026-08-05
grid,20,4,46,3,-336.1358449771381,-336.15232144200877,0.004901487754118071,83.74875054694712,True,1.4638807071588888,brute_force,lightning_gpu,single,100,1000,2023-08-06,2026-08-05
grid,20,4,42,4,-336.1358449771381,-336.15232144200877,0.004901487754118071,109.08107310906053,True,1.4638807071588888,brute_force,lightning_gpu,single,100,1000,2023-08-06,2026-08-05
grid,20,4,43,4,-336.13200296973514,-336.15232144200877,0.006044424202239172,109.20263874717057,True,1.432938341920896,brute_force,lightning_gpu,single,100,1000,2023-08-06,2026-08-05
grid,20,4,44,4,-336.06167908120733,-336.15232144200877,0.02696466899666389,109.38698173500597,True,1.173115982837503,brute_force,lightning_gpu,single,100,1000,2023-08-06,2026-08-05
grid,20,4,45,4,-335.7732680627294,-336.15232144200877,0.11276238630550336,108.97980700992048,True,0.9201742741597952,brute_force,lightning_gpu,single,100,1000,2023-08-06,2026-08-05
grid,20,4,46,4,-336.1222593946752,-336.15232144200877,0.008942983705898515,109.13986822403967,True,1.4638129909258697,brute_force,lightning_gpu,single,100,1000,2023-08-06,2026-08-05
grid,20,4,42,1,-335.46250454567036,-336.15232144200877,0.20520961847869235,134.70860508736223,True,1.0670542580529838,brute_force,lightning_gpu,single,400,1000,2023-08-06,2026-08-05
grid,20,4,43,1,-335.61176430816744,-336.15232144200877,0.16080719940367466,134.686186731793,True,0.7681955660998705,brute_force,lightning_gpu,single,400,1000,2023-08-06,2026-08-05
grid,20,4,44,1,-336.1250631906614,-336.15232144200877,0.008108898736863402,135.00553957000375,True,1.2035613075431266,brute_force,lightning_gpu,single,400,1000,2023-08-06,2026-08-05
grid,20,4,45,1,-313.89523946038975,-336.15232144200877,6.621129934828875,134.68666385672987,False,0.9910991027273247,brute_force,lightning_gpu,single,400,1000,2023-08-06,2026-08-05
grid,20,4,46,1,-335.6436995389663,-336.15232144200877,0.1513069732377892,134.63372531160712,True,1.2254569029580569,brute_force,lightning_gpu,single,400,1000,2023-08-06,2026-08-05
grid,20,4,42,2,-336.0241775201415,-336.15232144200877,0.03812079039572237,234.2549752118066,True,1.4247434936855883,brute_force,lightning_gpu,single,400,1000,2023-08-06,2026-08-05
grid,20,4,43,2,-336.13200296973514,-336.15232144200877,0.006044424202239172,235.29798649437726,True,1.432938341920896,brute_force,lightning_gpu,single,400,1000,2023-08-06,2026-08-05
grid,20,4,44,2,-336.09256932465445,-336.15232144200877,0.017775310043375535,234.2878992939368,True,1.31791972028434,brute_force,lightning_gpu,single,400,1000,2023-08-06,2026-08-05
grid,20,4,45,2,-335.9993435725548,-336.15232144200877,0.045508497099694234,234.92418762482703,True,1.1537023463428484,brute_force,lightning_gpu,single,400,1000,2023-08-06,2026-08-05
grid,20,4,46,2,-336.0120874273493,-336.15232144200877,0.041717401818888306,234.49537202343345,True,1.0604108260134408,brute_force,lightning_gpu,single,400,1000,2023-08-06,2026-08-05
grid,20,4,42,3,-335.968152265758,-336.15232144200877,0.05478741763873849,334.3665730478242,True,1.3322164758490231,brute_force,lightning_gpu,single,400,1000,2023-08-06,2026-08-05
grid,20,4,43,3,-336.09614319305985,-336.15232144200877,0.016712140706907543,334.7691724784672,True,1.3770110054553402,brute_force,lightning_gpu,single,400,1000,2023-08-06,2026-08-05
grid,20,4,44,3,-336.1404648963906,-336.15232144200877,0.0035271348320044726,335.21035167295486,True,1.4360383792399112,brute_force,lightning_gpu,single,400,1000,2023-08-06,2026-08-05
grid,20,4,45,3,-336.1358449771381,-336.15232144200877,0.004901487754118071,334.7180345626548,True,1.4638807071588888,brute_force,lightning_gpu,single,400,1000,2023-08-06,2026-08-05
grid,20,4,46,3,-336.06167908120733,-336.15232144200877,0.02696466899666389,334.23544195573777,True,1.173115982837503,brute_force,lightning_gpu,single,400,1000,2023-08-06,2026-08-05
grid,20,4,42,4,-336.07853556721267,-336.15232144200877,0.021950130964313593,435.5751678645611,True,1.1836913736499022,brute_force,lightning_gpu,single,400,1000,2023-08-06,2026-08-05
grid,20,4,43,4,-336.05223367511553,-336.15232144200877,0.02977452794729712,435.24687619227916,True,1.3679414394732625,brute_force,lightning_gpu,single,400,1000,2023-08-06,2026-08-05
grid,20,4,44,4,-336.15232144200877,-336.15232144200877,0.0,435.388083267957,True,1.4732051545372367,brute_force,lightning_gpu,single,400,1000,2023-08-06,2026-08-05
grid,20,4,45,4,-335.6754568878022,-336.15232144200877,0.14185966414300338,435.8010863205418,True,1.2415059010982192,brute_force,lightning_gpu,single,400,1000,2023-08-06,2026-08-05
grid,20,4,46,4,-336.0597337467269,-336.15232144200877,0.027543375242709008,459.77195926290005,True,1.351865355287319,brute_force,lightning_gpu,single,400,1000,2023-08-06,2026-08-05
grid,16,3,42,1,-152.93043355841212,-153.26711059662722,0.2196668527934715,9.15222101751715,True,0.6697549326483023,exact,lightning_gpu,single,50,1000,2023-08-06,2026-08-05
grid,16,3,43,1,-136.31122240693344,-153.26711059662722,11.062965905528664,9.170142891816795,False,1.4769921972761015,exact,lightning_gpu,single,50,1000,2023-08-06,2026-08-05
grid,16,3,44,1,-153.2608488673824,-153.26711059662722,0.004085500940441283,9.01157258450985,True,1.376780890762973,exact,lightning_gpu,single,50,1000,2023-08-06,2026-08-05
grid,16,3,45,1,-152.98057942377324,-153.26711059662722,0.1869488970847011,9.068110353313386,True,1.0496544831366663,exact,lightning_gpu,single,50,1000,2023-08-06,2026-08-05
grid,16,3,46,1,-153.03209142109904,-153.26711059662722,0.15333960078800604,9.137019851244986,True,0.8753667176637755,exact,lightning_gpu,single,50,1000,2023-08-06,2026-08-05
grid,16,3,42,2,-153.26711059662722,-153.26711059662722,0.0,16.286375808529556,True,1.3851408274006345,exact,lightning_gpu,single,50,1000,2023-08-06,2026-08-05
grid,16,3,43,2,-136.0634329689806,-153.26711059662722,11.224637536831855,16.2377575840801,False,1.3695992059528768,exact,lightning_gpu,single,50,1000,2023-08-06,2026-08-05
grid,16,3,44,2,-153.2608488673824,-153.26711059662722,0.004085500940441283,16.051285003311932,True,1.376780890762973,exact,lightning_gpu,single,50,1000,2023-08-06,2026-08-05
grid,16,3,45,2,-153.2608488673824,-153.26711059662722,0.004085500940441283,16.273043479770422,True,1.376780890762973,exact,lightning_gpu,single,50,1000,2023-08-06,2026-08-05
grid,16,3,46,2,-153.23187921152646,-153.26711059662722,0.022986918043676658,16.222764124162495,True,1.4578597337788786,exact,lightning_gpu,single,50,1000,2023-08-06,2026-08-05
grid,16,3,42,3,-153.18810094770805,-153.26711059662722,0.05155029582772533,23.390273588709533,True,1.4577015575052372,exact,lightning_gpu,single,50,1000,2023-08-06,2026-08-05
grid,16,3,43,3,-153.26711059662722,-153.26711059662722,0.0,23.150037524290383,True,1.3851408274006345,exact,lightning_gpu,single,50,1000,2023-08-06,2026-08-05
grid,16,3,44,3,-153.25712549949506,-153.26711059662722,0.00651483354340628,23.177537763491273,True,1.510671395866353,exact,lightning_gpu,single,50,1000,2023-08-06,2026-08-05
grid,16,3,45,3,-153.2608488673824,-153.26711059662722,0.004085500940441283,23.156019151210785,True,1.376780890762973,exact,lightning_gpu,single,50,1000,2023-08-06,2026-08-05
grid,16,3,46,3,-153.23187921152646,-153.26711059662722,0.022986918043676658,23.250919909216464,True,1.4578597337788786,exact,lightning_gpu,single,50,1000,2023-08-06,2026-08-05
grid,16,3,42,4,-153.20173150091648,-153.26711059662722,0.0426569636866226,30.27997608203441,True,1.236091263851482,exact,lightning_gpu,single,50,1000,2023-08-06,2026-08-05
grid,16,3,43,4,-153.05462000438632,-153.26711059662722,0.13864069819919544,30.205553063191473,True,1.124523868063652,exact,lightning_gpu,single,50,1000,2023-08-06,2026-08-05
grid,16,3,44,4,-153.26711059662722,-153.26711059662722,0.0,30.077210295945406,True,1.3851408274006345,exact,lightning_gpu,single,50,1000,2023-08-06,2026-08-05
grid,16,3,45,4,-153.20173150091648,-153.26711059662722,0.0426569636866226,30.294853856787086,True,1.236091263851482,exact,lightning_gpu,single,50,1000,2023-08-06,2026-08-05
grid,16,3,46,4,-153.26711059662722,-153.26711059662722,0.0,30.166520826518536,True,1.3851408274006345,exact,lightning_gpu,single,50,1000,2023-08-06,2026-08-05
grid,16,3,42,1,-152.85859528231435,-153.26711059662722,0.26653814554383254,18.420746499672532,True,1.1369144479290247,exact,lightning_gpu,single,100,1000,2023-08-06,2026-08-05
grid,16,3,43,1,-136.07953997403524,-153.26711059662722,11.21412842956681,18.49438434187323,False,1.1172922135622942,exact,lightning_gpu,single,100,1000,2023-08-06,2026-08-05
grid,16,3,44,1,-153.2608488673824,-153.26711059662722,0.004085500940441283,18.43001634348184,True,1.376780890762973,exact,lightning_gpu,single,100,1000,2023-08-06,2026-08-05
grid,16,3,45,1,-152.9346156197158,-153.26711059662722,0.21693824305626122,18.53360529523343,True,1.0308251251468017,exact,lightning_gpu,single,100,1000,2023-08-06,2026-08-05
grid,16,3,46,1,-153.26711059662722,-153.26711059662722,0.0,18.586114168167114,True,1.3851408274006345,exact,lightning_gpu,single,100,1000,2023-08-06,2026-08-05
grid,16,3,42,2,-153.26711059662722,-153.26711059662722,0.0,32.36766890436411,True,1.3851408274006345,exact,lightning_gpu,single,100,1000,2023-08-06,2026-08-05
grid,16,3,43,2,-153.25712549949506,-153.26711059662722,0.00651483354340628,32.54612086433917,True,1.510671395866353,exact,lightning_gpu,single,100,1000,2023-08-06,2026-08-05
grid,16,3,44,2,-153.26711059662722,-153.26711059662722,0.0,32.79652139078826,True,1.3851408274006345,exact,lightning_gpu,single,100,1000,2023-08-06,2026-08-05
grid,16,3,45,2,-153.22574116732136,-153.26711059662722,0.02699171997489859,32.57399440463632,True,1.4547087673515529,exact,lightning_gpu,single,100,1000,2023-08-06,2026-08-05
grid,16,3,46,2,-153.26711059662722,-153.26711059662722,0.0,32.705796390771866,True,1.3851408274006345,exact,lightning_gpu,single,100,1000,2023-08-06,2026-08-05
grid,16,3,42,3,-153.25712549949506,-153.26711059662722,0.00651483354340628,46.38214795477688,True,1.510671395866353,exact,lightning_gpu,single,100,1000,2023-08-06,2026-08-05
grid,16,3,43,3,-153.2608488673824,-153.26711059662722,0.004085500940441283,46.74197534285486,True,1.376780890762973,exact,lightning_gpu,single,100,1000,2023-08-06,2026-08-05
grid,16,3,44,3,-153.26711059662722,-153.26711059662722,0.0,46.76982095092535,True,1.3851408274006345,exact,lightning_gpu,single,100,1000,2023-08-06,2026-08-05
grid,16,3,45,3,-136.31122240693344,-153.26711059662722,11.062965905528664,46.69778356794268,False,1.4769921972761015,exact,lightning_gpu,single,100,1000,2023-08-06,2026-08-05
grid,16,3,46,3,-153.2608488673824,-153.26711059662722,0.004085500940441283,46.559034226462245,True,1.376780890762973,exact,lightning_gpu,single,100,1000,2023-08-06,2026-08-05
grid,16,3,42,4,-153.2265368799627,-153.26711059662722,0.0264725527261319,60.88112660031766,True,1.480960702092154,exact,lightning_gpu,single,100,1000,2023-08-06,2026-08-05
grid,16,3,43,4,-153.23187921152646,-153.26711059662722,0.022986918043676658,65.32061685621738,True,1.4578597337788786,exact,lightning_gpu,single,100,1000,2023-08-06,2026-08-05
grid,16,3,44,4,-153.2608488673824,-153.26711059662722,0.004085500940441283,65.03157115448266,True,1.376780890762973,exact,lightning_gpu,single,100,1000,2023-08-06,2026-08-05
grid,16,3,45,4,-153.1930687829476,-153.26711059662722,0.04830900340679958,64.60590925719589,True,1.4587373256270877,exact,lightning_gpu,single,100,1000,2023-08-06,2026-08-05
grid,16,3,46,4,-153.25712549949506,-153.26711059662722,0.00651483354340628,64.73277156148106,True,1.510671395866353,exact,lightning_gpu,single,100,1000,2023-08-06,2026-08-05
grid,16,3,42,1,-152.9263668456905,-153.26711059662722,0.22232020269078037,78.08937375061214,True,1.2251053735845314,exact,lightning_gpu,single,400,1000,2023-08-06,2026-08-05
grid,16,3,43,1,-152.77578197587144,-153.26711059662722,0.3205701594054794,78.48442088253796,True,0.9539604315218818,exact,lightning_gpu,single,400,1000,2023-08-06,2026-08-05
grid,16,3,44,1,-153.26711059662722,-153.26711059662722,0.0,75.07619201485068,True,1.3851408274006345,exact,lightning_gpu,single,400,1000,2023-08-06,2026-08-05
grid,16,3,45,1,-152.79989815241203,-153.26711059662722,0.3048354225485569,72.8940830854699,True,1.1699134925240489,exact,lightning_gpu,single,400,1000,2023-08-06,2026-08-05
grid,16,3,46,1,-153.01593856824644,-153.26711059662722,0.1638786217101859,73.51588331442326,True,0.8612063212683889,exact,lightning_gpu,single,400,1000,2023-08-06,2026-08-05
grid,16,3,42,2,-153.2608488673824,-153.26711059662722,0.004085500940441283,128.97143277339637,True,1.376780890762973,exact,lightning_gpu,single,400,1000,2023-08-06,2026-08-05
grid,16,3,43,2,-153.26711059662722,-153.26711059662722,0.0,129.21208935510367,True,1.3851408274006345,exact,lightning_gpu,single,400,1000,2023-08-06,2026-08-05
grid,16,3,44,2,-153.23187921152646,-153.26711059662722,0.022986918043676658,129.5114526450634,True,1.4578597337788786,exact,lightning_gpu,single,400,1000,2023-08-06,2026-08-05
grid,16,3,45,2,-153.24068946238307,-153.26711059662722,0.017238619649900953,129.389219423756,True,1.4919848850262931,exact,lightning_gpu,single,400,1000,2023-08-06,2026-08-05
grid,16,3,46,2,-153.2608488673824,-153.26711059662722,0.004085500940441283,129.13728687819093,True,1.376780890762973,exact,lightning_gpu,single,400,1000,2023-08-06,2026-08-05
grid,16,3,42,3,-153.1399787676223,-153.26711059662722,0.08294788654267314,185.0337852621451,True,1.3232592416726023,exact,lightning_gpu,single,400,1000,2023-08-06,2026-08-05
grid,16,3,43,3,-153.25712549949506,-153.26711059662722,0.00651483354340628,185.1717420918867,True,1.510671395866353,exact,lightning_gpu,single,400,1000,2023-08-06,2026-08-05
grid,16,3,44,3,-153.26711059662722,-153.26711059662722,0.0,184.34864303842187,True,1.3851408274006345,exact,lightning_gpu,single,400,1000,2023-08-06,2026-08-05
grid,16,3,45,3,-136.3072845601389,-153.26711059662722,11.065535176117255,184.40388969145715,False,1.4634666035522452,exact,lightning_gpu,single,400,1000,2023-08-06,2026-08-05
grid,16,3,46,3,-153.2265368799627,-153.26711059662722,0.0264725527261319,185.49123945552856,True,1.480960702092154,exact,lightning_gpu,single,400,1000,2023-08-06,2026-08-05
grid,16,3,42,4,-153.23187921152646,-153.26711059662722,0.022986918043676658,256.62470453605056,True,1.4578597337788786,exact,lightning_gpu,single,400,1000,2023-08-06,2026-08-05
grid,16,3,43,4,-153.26711059662722,-153.26711059662722,0.0,257.6594070540741,True,1.3851408274006345,exact,lightning_gpu,single,400,1000,2023-08-06,2026-08-05
grid,16,3,44,4,-153.26711059662722,-153.26711059662722,0.0,258.099786282517,True,1.3851408274006345,exact,lightning_gpu,single,400,1000,2023-08-06,2026-08-05
grid,16,3,45,4,-153.1399787676223,-153.26711059662722,0.08294788654267314,258.57347824331373,True,1.3232592416726023,exact,lightning_gpu,single,400,1000,2023-08-06,2026-08-05
grid,16,3,46,4,-153.2608488673824,-153.26711059662722,0.004085500940441283,254.76866347156465,True,1.376780890762973,exact,lightning_gpu,single,400,1000,2023-08-06,2026-08-05
