n_assets,n_select,instance,is_published_instance,instance_digest,feasible_set_size,energy_optimum,objective_optimum,objective_range,abs_energy_optimum,deflation_factor,sharpe_optimum,band_pct,band_count,band_fraction,band_sharpe_min,band_sharpe_max,band_sharpe_spread_pct,penalty_used,penalty_min,penalty_overshoot,penalty_binding_cardinality,penalty_binding_is_exact,quantum_backend,energy_quantum,quantum_feasible,quantum_runtime_s,reported_gap_pct,gap_of_objective_range_pct,quantum_rank,sharpe_quantum,sharpe_delta_pct
12,2,0,True,941157873a8b,66,-52.25261168074922,-0.2526116808323877,0.6490147388383107,52.25261168074922,80.51067033435574,1.3218756853432454,0.1,1,0.015151515151515152,1.3218756853432454,1.3218756853432454,0.0,12.999999999979208,0.010716638400568579,1213.0669631709775,1,True,,,,,,,,,
12,2,1,False,3798cace2ea7,66,-51.84652728797141,0.15347271196197454,0.6821104373881042,51.84652728797141,76.00899274683287,0.8071062374637792,0.1,2,0.030303030303030304,0.8071062374637792,1.2926724802368494,60.16137903962875,12.999999999983347,0.17571589589173636,73.98306188526632,1,True,,,,,,,,,
12,2,2,False,742e2b26d834,66,-52.137517188605415,-0.13751718866097207,0.5915073884278499,52.137517188605415,88.14347581892459,1.5925130800477116,0.1,1,0.015151515151515152,1.5925130800477116,1.5925130800477116,0.0,12.99999999998611,0.0,inf,1,True,,,,,,,,,
12,2,3,False,f66f5903076c,66,-52.082687980084636,-0.08268798014019296,0.7183763607746485,52.082687980084636,72.50055935014647,1.5910944783780911,0.1,1,0.015151515151515152,1.5910944783780911,1.5910944783780911,0.0,12.99999999998611,0.05423557376967976,239.69507643069727,1,True,,,,,,,,,
12,2,4,False,740c7a03908a,66,-52.30715718882962,-0.30715718891278954,0.7133683375969753,52.30715718882962,73.32419233103262,1.4663767341361262,0.1,1,0.015151515151515152,1.4663767341361262,1.4663767341361262,0.0,12.999999999979208,0.0,inf,5,False,,,,,,,,,
12,2,5,False,9c3650a19eba,66,-51.86816642870462,0.1318335711952443,0.6963787541284816,51.86816642870462,74.48269511555914,1.3951242001054784,0.1,3,0.045454545454545456,1.1350936494761146,1.3951242001054784,18.63852340957918,12.999999999974966,0.25134071621935006,51.72261858532148,1,True,,,,,,,,,
12,2,6,False,61cd771b698a,66,-51.838797150611875,0.16120284928818052,0.9042243763176359,51.838797150611875,57.32957273472347,1.0149862954812678,0.1,6,0.09090909090909091,0.9374092049343971,1.310535097105537,36.76166799811004,12.999999999975014,0.2457529320633901,52.89865675589076,1,True,,,,,,,,,
12,2,7,False,6ae2087493d3,66,-52.24331837770312,-0.24331837780325571,1.1416497313076164,52.24331837770312,45.76124965917958,1.7210190677255686,0.1,2,0.030303030303030304,1.689530060931815,1.7210190677255686,1.8296721625152181,12.999999999974966,0.0,inf,1,True,,,,,,,,,
12,2,8,False,e516d5ec7c2b,66,-52.146062597946894,-0.14606259804229182,1.0175618013780223,52.146062597946894,51.24608896219241,1.433203646389279,0.1,9,0.13636363636363635,1.0952250431648551,1.433203646389279,23.58203623580678,12.99999999997615,0.11805440907930859,110.11871645761906,1,True,,,,,,,,,
12,2,9,False,2f1babcfca89,66,-52.137517188605415,-0.13751718866097207,0.6975894625131218,52.137517188605415,74.73954236747763,1.5925130800477116,0.1,1,0.015151515151515152,1.5925130800477116,1.5925130800477116,0.0,12.99999999998611,0.0,inf,1,True,,,,,,,,,
12,2,10,False,022940146005,66,-52.122063767041865,-0.12206376710847877,0.8696947369034405,52.122063767041865,59.93144669659973,1.697773348056154,0.1,1,0.015151515151515152,1.697773348056154,1.697773348056154,0.0,12.999999999983347,0.026319453790213276,493.9312230262664,1,True,,,,,,,,,
12,2,11,False,977bde2c4a0b,66,-51.99581597601609,0.004184023917296997,0.6221463013337285,51.99581597601609,83.57490169844273,1.484935652137471,0.1,2,0.030303030303030304,0.7978124105587038,1.484935652137471,46.27293045255508,12.999999999983347,0.08424852899674651,154.30536479141824,1,True,,,,,,,,,
12,2,12,False,bffa72213363,66,-51.95435957370202,0.04564042623136544,0.8428162040727045,51.95435957370202,61.64375972204284,1.1763543666609393,0.1,2,0.030303030303030304,0.7876294636314756,1.1763543666609393,33.04488120640487,12.999999999983347,0.12559248829462663,103.50937525408946,1,True,,,,,,,,,
12,2,13,False,0c44177b31a6,66,-52.138286732569824,-0.1382867326253816,0.7739751132598371,52.138286732569824,67.36429355328131,1.4634666035522454,0.1,4,0.06060606060606061,1.217119488355807,1.5925130800477116,25.650984503556057,12.99999999998611,0.007928083230734073,1639.7406058491165,5,False,,,,,,,,,
12,2,14,False,5f8f23f225fa,66,-52.1644544152372,-0.16445441530381544,0.7840751922623355,52.1644544152372,66.52991311295568,1.484935652137471,0.1,2,0.030303030303030304,1.3715301202697152,1.484935652137471,7.637067081291753,12.999999999983347,0.03483049177150027,373.23618871842854,1,True,,,,,,,,,
12,2,15,False,2d461e5d685e,66,-52.202370089477384,-0.20237008957043656,0.8508985635472897,52.202370089477384,61.349698220023114,1.3871554782995212,0.1,1,0.015151515151515152,1.3871554782995212,1.3871554782995212,0.0,12.999999999976737,0.05003380256336601,259.82434542153186,1,True,,,,,,,,,
12,2,16,False,28e7b86d40f2,66,-52.09557192178276,-0.09557192193319253,0.8828118959897324,52.09557192178276,59.010953701952225,1.127426809467307,0.1,1,0.015151515151515152,1.127426809467307,1.127426809467307,0.0,12.999999999962393,0.09460930502168813,137.4072032024999,1,True,,,,,,,,,
12,2,17,False,e512d26be963,66,-52.479760503611345,-0.47976050374893475,1.018562607834184,52.479760503611345,51.52335271289945,1.4125341729798935,0.1,1,0.015151515151515152,1.4125341729798935,1.4125341729798935,0.0,12.999999999965603,0.0,inf,5,False,,,,,,,,,
12,2,18,False,a32c879eaca9,66,-52.18078808666308,-0.18078808674624725,0.7615099732953965,52.18078808666308,68.5227901360941,1.1160703618928554,0.1,4,0.06060606060606061,1.020268560258004,1.1796062428678058,14.276670006679968,12.999999999979208,0.0,inf,5,False,,,,,,,,,
12,2,19,False,3f7960d67696,66,-52.139587006332306,-0.13958700638786325,0.49957785657085907,52.139587006332306,104.36728994399883,1.4947625113107745,0.1,5,0.07575757575757576,1.217119488355807,1.5925130800477116,25.11392872455155,12.99999999998611,0.008609962664097408,1509.8787889283972,5,False,,,,,,,,,
12,2,20,False,fc102628f3a2,66,-52.41383753342558,-0.4138375335087474,0.9075090284726315,52.41383753342558,57.755720206596564,1.697773348056154,0.1,1,0.015151515151515152,1.697773348056154,1.697773348056154,0.0,12.999999999979208,0.0,inf,5,False,,,,,,,,,
12,2,21,False,ed8a0c9eddfb,66,-52.17417826161483,-0.17417826171477202,1.0367050408156473,52.17417826161483,50.326926374898115,1.3951242001054784,0.1,2,0.030303030303030304,1.2910627693896675,1.3951242001054784,7.458936681618984,12.999999999975014,0.07259178484326814,179.08362534470152,1,True,,,,,,,,,
12,2,22,False,b740925c5cfd,66,-52.121261210658226,-0.12126121074139462,0.7019830972905439,52.121261210658226,74.24859859422762,1.0443195951642468,0.1,3,0.045454545454545456,0.9936052532103946,1.1961866591936896,19.398410881243088,12.999999999979208,0.05007548769043331,259.6080557486572,1,True,,,,,,,,,
12,2,23,False,26e4ddb881e2,66,-52.046368583649155,-0.04636858374220765,0.8983777710147578,52.046368583649155,57.933722608541906,1.0952366405266443,0.1,2,0.030303030303030304,1.0952366405266443,1.2085389500304209,10.345007216823502,12.999999999976737,0.05189754772417818,250.4935313912773,1,True,,,,,,,,,
12,2,24,False,be3c2eb02782,66,-52.139722033509166,-0.1397220336022187,1.010091687469135,52.139722033509166,51.6188012240249,1.3199892053554563,0.1,2,0.030303030303030304,1.2910627693896675,1.3199892053554563,2.1914145849396767,12.999999999976737,0.07311276281976858,177.80753316658598,1,True,,,,,,,,,
12,2,25,False,ca8dd4615ced,66,-52.08807063195021,-0.08807063200576692,0.6679895652056302,52.08807063195021,77.97737172124194,1.7034035650896817,0.1,4,0.06060606060606061,1.0444014528595258,1.7034035650896817,38.687374250943314,12.99999999998611,0.05133039714018445,253.26123942666612,1,True,,,,,,,,,
12,2,26,False,bf21e44444e5,66,-52.07003040569529,-0.07003040575084896,0.4122828707903352,52.07003040569529,126.29685610240959,1.670894588954227,0.1,4,0.06060606060606061,1.1237237233558783,1.670894588954227,32.74718041554075,12.99999999998611,0.06689314815903549,194.33978453337534,1,True,,,,,,,,,
12,2,27,False,8297c822df45,66,-51.96992505794691,0.0300749419864772,0.7002182592257924,51.96992505794691,74.21960849094151,1.3199892053554563,0.1,4,0.06060606060606061,0.9183385437733605,1.3199892053554563,30.428329258490894,12.999999999983347,0.11060071733319572,117.5399248163965,1,True,,,,,,,,,
12,2,28,False,b996fad8d609,66,-52.058090406078236,-0.05809040613379324,0.4124268359685175,52.058090406078236,126.22381927167339,1.2671685906249246,0.1,5,0.07575757575757576,1.0952126641702749,1.3606332263877432,20.945954956678015,12.99999999998611,0.0777773651517397,167.1437438723177,1,True,,,,,,,,,
12,2,29,False,0c3c14e3a912,66,-52.17216041739013,-0.172160417490268,1.4385185024049747,52.17216041739013,36.26798009908566,1.4480754382679544,0.1,2,0.030303030303030304,1.4480754382679544,1.689530060931815,16.674174306323767,12.999999999974966,0.042537534124904686,305.61244950876886,1,True,,,,,,,,,
16,3,0,True,514ae30a9bf6,560,-153.26711059662722,-0.267110596876762,1.2705106296258748,153.26711059662722,120.63426076313863,1.3851408274006345,0.1,30,0.05357142857142857,1.1488135639294699,1.5106713958663527,26.124262947035348,16.999999999972275,0.04411181027848038,385.38431981481386,2,True,,,,,,,,,
16,3,1,False,f9598a6bfdd0,560,-152.86887718137905,0.13112281842111884,1.2939192012170224,152.86887718137905,118.14406729384267,1.3851408274006345,0.1,12,0.02142857142857143,0.7409270104776121,1.5429335483365896,57.90072186118641,16.999999999977796,0.1699909095259891,100.00534762347833,2,True,,,,,,,,,
16,3,2,False,75660748013c,560,-153.1176374120056,-0.11763741225513513,0.9002704346258383,153.1176374120056,170.07960222046262,1.3514628008784804,0.1,31,0.055357142857142855,1.0070955117047196,1.4126422639265745,30.007984826385215,16.999999999972275,0.127235911405795,133.61007762780096,2,True,,,,,,,,,
16,3,3,False,ba5bb77bd55e,560,-153.11549302509425,-0.11549302526091765,1.7607173941878784,153.11549302509425,86.96199261194779,1.837157284151087,0.1,19,0.033928571428571426,1.0052361520299657,1.837157284151087,45.283065271438375,16.999999999981483,0.0300395124241771,565.9213025807685,2,True,,,,,,,,,
16,3,4,False,1bcf1e63b3af,560,-153.14375872173545,-0.14375872193528494,0.7426115576465975,153.14375872173545,206.2232362866284,1.654621300866983,0.1,37,0.06607142857142857,0.9662727712123805,1.73143090526851,46.2437014231114,16.999999999977796,0.06840812030252949,248.50850929387684,2,True,,,,,,,,,
16,3,5,False,9a047c6a7f24,560,-153.14030133195985,-0.14030133226026464,1.6100175455298995,153.14030133195985,95.11716301300139,1.520137957428604,0.1,5,0.008928571428571428,1.1616004192604064,1.520137957428604,23.58585524531493,16.99999999996662,0.11694063054908149,145.37291205071364,2,True,,,,,,,,,
16,3,6,False,897f8dff07cb,560,-152.79523876085153,0.20476123887911513,1.298987709354492,152.79523876085153,117.62639296778283,1.3283250534216873,0.1,15,0.026785714285714284,0.7320384521600899,1.339833698099172,45.756514519803524,16.999999999970072,0.21663551163456848,78.4728222612298,2,True,,,,,,,,,
16,3,7,False,b5d5b5d06981,560,-152.9258314680382,0.07416853169243609,2.147336970081568,152.9258314680382,71.21650378991482,1.7138924431973186,0.1,8,0.014285714285714285,1.1808558495321007,1.7138924431973186,31.100936104883097,16.999999999970072,0.17586960994123044,96.66252177195871,2,True,,,,,,,,,
16,3,8,False,8e11fb6ca06e,560,-152.9397106811916,0.06028931853904851,1.5971019834788933,152.9397106811916,95.76076685350431,1.2268098002868673,0.1,23,0.04107142857142857,0.7630341111869193,1.4473804382327635,55.78259375543154,16.999999999970072,0.2159044356703876,78.73853979509374,2,True,,,,,,,,,
16,3,9,False,9bc3f8aa04b6,560,-153.06916526495723,-0.06916526512389964,1.092597083215395,153.06916526495723,140.09662630115324,1.4936212824484583,0.1,21,0.0375,1.1930291806900497,1.727072483896744,35.75493396366512,16.999999999981483,0.08557966144520686,198.64532895898267,2,True,,,,,,,,,
16,3,10,False,4793e431bf29,560,-152.8924138064472,0.1075861933861404,1.1443166477847342,152.8924138064472,133.6102328865261,1.2494236320337209,0.1,40,0.07142857142857142,0.6602816488525919,1.5256436996589327,69.26089987571048,16.999999999981483,0.15087958055221157,112.67263560623877,2,True,,,,,,,,,
16,3,11,False,1ed94bcff0dd,560,-153.02991662046168,-0.02991662062834166,1.398072246445679,153.02991662046168,109.45780306383297,1.369721920672129,0.1,36,0.06428571428571428,1.005329687059004,1.7233626143547307,52.42180302870414,16.999999999981483,0.12482830594078086,136.18706007310846,2,True,,,,,,,,,
16,3,12,False,e188a973e5c5,560,-153.00045608908675,-0.0004560892534186678,1.0128632054694435,153.00045608908675,151.05737404901961,1.1488135639294699,0.1,68,0.12142857142857143,0.4590999969338554,1.6603076473251257,104.56071273067047,16.999999999981483,0.09589079801070557,177.28499869282084,2,True,,,,,,,,,
16,3,13,False,70baaa490235,560,-152.89588209816833,0.10411790166500623,1.5411064672619545,152.89588209816833,99.21175814012035,1.6478115557041306,0.1,39,0.06964285714285715,0.8451434872610311,1.6506528104229148,48.883582614377254,16.999999999981483,0.18905942249355945,89.91881904516349,2,True,,,,,,,,,
16,3,14,False,b79a9c33cc83,560,-153.11816809355648,-0.11816809372314196,1.3564391293259632,153.11816809355648,112.8824469769192,1.589054968977526,0.1,38,0.06785714285714285,0.9028431390126767,1.8565216083878333,60.01544867820394,16.999999999981483,0.08184518362283999,207.7092291505032,2,True,,,,,,,,,
16,3,15,False,60d0c2c8bfe1,560,-152.9586950396455,0.04130496005464579,1.9066099612622054,152.9586950396455,80.22547775759257,1.4953805770372721,0.1,5,0.008928571428571428,1.0913515595432473,1.5386649011995361,29.913010007293927,16.999999999966683,0.2391383006074319,71.08857074247503,2,True,,,,,,,,,
16,3,16,False,3c23e0ab1d53,560,-153.09803128384573,-0.09803128409527062,1.0630125647017508,153.09803128384573,144.0227861528621,1.3325481769762184,0.1,40,0.07142857142857142,0.8994483588011944,1.3439388991792154,33.356433039940555,16.999999999972275,0.09148018281960858,185.83259757465592,2,True,,,,,,,,,
16,3,17,False,8ad2d8e3c511,560,-153.06639152362746,-0.06639152387700165,1.1356986994273655,153.06639152362746,134.77728873054588,1.3640769139130915,0.1,11,0.019642857142857142,1.0463514601140809,1.3828340577478484,24.667421184375062,16.999999999972275,0.10910901140212187,155.8074789745705,2,True,,,,,,,,,
16,3,18,False,8681e70362c7,560,-153.08752383047914,-0.08752383072868497,1.0330378649532008,153.08752383047914,148.19159008988927,1.3269480742897601,0.1,64,0.11428571428571428,0.8499209905760493,1.3971089353402744,41.23657551989016,16.999999999972275,0.12030123158168635,141.31193651520533,2,True,,,,,,,,,
16,3,19,False,11bdbc025cc0,560,-152.9506997753289,0.049300224504435164,0.7273607936951691,152.9506997753289,210.28174889424858,1.186477279213544,0.1,93,0.16607142857142856,0.7784949984523407,1.6570999316726702,74.05155990873355,16.999999999981483,0.14053311059172852,120.96793366631755,2,True,,,,,,,,,
16,3,20,False,7b6f55ef4398,560,-153.08332112085256,-0.08332112110210232,0.961899788546674,153.08332112085256,159.1468497483972,1.3440039081208504,0.1,26,0.04642857142857143,0.9638186064914281,1.3960463959343539,32.159712247210265,16.999999999972275,0.12450394120827607,136.54186232975445,2,True,,,,,,,,,
16,3,21,False,cfe94acc2e1e,560,-153.14161729593826,-0.1416172961380937,1.245742914929565,153.14161729593826,122.931959283587,1.5429335483365896,0.1,14,0.025,1.057946602558444,1.6403725576049761,37.74796106251209,16.999999999977796,0.0705495460997147,240.9654057298966,2,True,,,,,,,,,
16,3,22,False,eeb320aac4fa,560,-153.3738448447811,-0.3738448450306464,1.4452759573574099,153.3738448447811,106.12080278787373,1.6409982832850747,0.1,12,0.02142857142857143,1.4012507725820047,1.6594822114112544,15.736240644463226,16.999999999972275,0.04209104921119289,403.8863444499649,2,True,,,,,,,,,
16,3,23,False,fd18698bb83e,560,-152.89791103847463,0.10208896132553491,1.4338253818832243,152.89791103847463,106.63635402914576,1.444108306728424,0.1,10,0.017857142857142856,1.0251414980975755,1.6875884515388844,45.872387157862065,16.999999999977796,0.15791847898204486,107.65047959910173,2,True,,,,,,,,,
16,3,24,False,d4338c60899b,560,-153.09952103148646,-0.09952103176559035,1.8322406890122522,153.09952103148646,83.55862957831229,1.589054968977526,0.1,2,0.0035714285714285713,1.5274681711966374,1.589054968977526,3.8756870582341465,16.999999999968985,0.17279399612358493,98.38304791452548,2,True,,,,,,,,,
16,3,25,False,ed865d0b82a7,560,-152.82455131864145,0.17544868115871282,1.6064043461502138,152.82455131864145,95.13454796414683,1.0888101742109118,0.1,13,0.023214285714285715,0.7156979525285636,1.5977265787786246,81.00848496288982,16.999999999977796,0.1565292655195254,108.60588876817557,2,True,,,,,,,,,
16,3,26,False,e76031335a4b,560,-152.96016778503656,0.03983221479677468,0.8636245088525811,152.96016778503656,177.11420439915577,1.129953915179003,0.1,38,0.06785714285714285,0.6330205235587113,1.5791872353394234,83.73498238030565,16.999999999981483,0.11013119125432265,154.361355819024,2,True,,,,,,,,,
16,3,27,False,acab8fab5579,560,-153.2122824184703,-0.21228241873964748,1.3135176521487892,153.2122824184703,116.64272814897437,1.4953805770372721,0.1,13,0.023214285714285715,1.0913515595432473,1.5740767256506984,32.281091082769855,16.999999999970072,0.14307310507577237,118.82037501714086,2,True,,,,,,,,,
16,3,28,False,7e07f362d591,560,-152.74635180790085,0.2536481918993161,1.306417841065695,152.74635180790085,116.91998303031426,0.9693354766359541,0.1,18,0.03214285714285714,0.6070820607038522,1.4849157241422366,90.56035651195563,16.999999999977796,0.2149350221819562,79.0936713216807,2,True,,,,,,,,,
16,3,29,False,9ec4fd0ccad8,560,-153.20175878592218,-0.20175878617172316,1.0609831332949398,153.20175878592218,144.3960360709467,1.3471114162455158,0.1,38,0.06785714285714285,0.8890601779224281,1.3794855872190182,36.40570507994331,16.999999999972275,0.07276000395171589,233.64484712306515,2,True,,,,,,,,,
20,4,0,True,88802fd9d289,4845,-336.15232144200877,-0.15232144256322044,1.9296468975433072,336.15232144200877,174.20405871663598,1.4732051545372367,0.1,368,0.07595459236326109,0.6342504955361136,1.539044658265469,61.41671171477604,20.999999999965347,0.11478915431353509,182.94411284367465,3,True,,,,,,,,,
20,4,1,False,9f06c1dc6e9a,4845,-336.05194130927634,-0.051941309646736045,1.657312310887562,336.05194130927634,202.76923009719638,1.831498688295787,0.1,155,0.03199174406604747,0.749596153106153,1.831498688295787,59.07197980012459,20.99999999997685,0.06355171561412001,330.4395451333975,3,True,,,,,,,,,
20,4,2,False,5c7e45cb7b1e,4845,-336.06964184233516,-0.06964184277921959,1.5536413911690374,336.06964184233516,216.31094778535706,1.546169852694576,0.1,301,0.06212590299277606,0.7415419728632189,1.8332112736877244,70.6047462328933,20.999999999972246,0.13224037954153936,158.80172208198877,3,True,,,,,,,,,
20,4,3,False,84d0445ead7c,4845,-335.87334511782814,0.12665488180147122,2.5177106787318166,335.87334511782814,133.40426600843955,1.2156907805941704,0.1,708,0.14613003095975233,0.5026307950547045,1.7032557012267762,98.7607149233512,20.99999999997685,0.13180414304993482,159.327313345688,3,True,,,,,,,,,
20,4,4,False,2a3da2453277,4845,-335.88582995301573,0.11417004661387864,1.9778014331506597,335.88582995301573,169.8278827809048,1.2916578914107684,0.1,418,0.08627450980392157,0.4174998054580102,1.8297814324133281,109.33867522868634,20.99999999997685,0.19916549822251478,105.43994912469681,3,True,,,,,,,,,
20,4,5,False,6888b64628f1,4845,-335.9456624858581,0.05433751354331662,2.5278735897205706,335.9456624858581,132.89654350279173,1.4411374742880414,0.1,110,0.022703818369453045,0.9639262559287509,1.6229464430634337,45.729168722106515,20.99999999996259,0.2761401780301648,76.04833222664399,3,True,,,,,,,,,
20,4,6,False,dceca5e3926d,4845,-335.8193470310071,0.18065296862249625,1.7981319308067896,335.8193470310071,186.76012659445462,1.393105974742542,0.1,757,0.1562435500515996,0.5545998961850785,1.9472047217444328,99.96402648525856,20.99999999997685,0.22489792352779966,93.37569538467098,3,True,,,,,,,,,
20,4,7,False,7e46eb92c5e6,4845,-335.59182942582675,0.4081705737291941,2.411948472862946,335.59182942582675,139.13723000370916,1.1972622147545158,0.1,205,0.04231166150670795,0.37253279327443073,1.6647582971740218,107.93170351279701,20.999999999972246,0.2613258967671833,80.3594295848959,3,True,,,,,,,,,
20,4,8,False,eeddddb9f28e,4845,-335.98417369580375,0.01582630356028858,2.6300747327823046,335.98417369580375,127.74700639033654,1.4188839643837643,0.1,132,0.027244582043343655,0.8411904559683306,1.4529561727899383,43.11597933149549,20.999999999960252,0.25486519640173566,82.39649939044105,3,True,,,,,,,,,
20,4,9,False,86b8495c91a6,4845,-335.4954421422249,0.504557857331065,2.447239002940023,335.4954421422249,137.0914086197437,1.428075222224571,0.1,99,0.02043343653250774,0.7107658161836297,1.7259622975052247,71.08844586913162,20.999999999972246,0.3481466588683092,60.31940696554482,3,True,,,,,,,,,
20,4,10,False,4a78a331a101,4845,-336.0242206386803,-0.024220639278837552,2.5986387559152035,336.0242206386803,129.30778465217546,1.4343741159558323,0.1,94,0.01940144478844169,0.8751413604323803,1.6229464430634337,52.134591269637774,20.99999999996259,0.19193421219156226,109.41248962432651,3,True,,,,,,,,,
20,4,11,False,835b27e3e7a2,4845,-335.92577896680496,0.07422103282465287,2.1379668682335478,335.92577896680496,157.1239404866722,1.5525445117100052,0.1,423,0.08730650154798762,0.5269843779388879,1.835352798263976,84.27252233071395,20.99999999997685,0.1727514274521578,121.56194776331236,3,True,,,,,,,,,
20,4,12,False,662d46da3783,4845,-335.97314048654897,0.026859512815065045,1.744495797465163,335.97314048654897,192.59039831149738,1.296700561565236,0.1,340,0.07017543859649122,0.5179266612396525,1.50967518052839,76.48246238835637,20.999999999960252,0.17771206073640133,118.16868204071619,3,True,,,,,,,,,
20,4,13,False,99142884a0a5,4845,-335.678009962126,0.32199003750361044,1.9635714222894762,335.678009962126,170.9527884505131,1.2368696755915687,0.1,888,0.18328173374613002,0.3057045444621281,1.683032537393466,111.35595124624518,20.99999999997685,0.2466050399612994,85.15641044186467,3,True,,,,,,,,,
20,4,14,False,ca0e20d05a85,4845,-335.915745718924,0.08425428070563612,2.4319973585452317,335.915745718924,138.12340072600307,1.5108666831256714,0.1,562,0.11599587203302374,0.5616954691247887,1.8976462071016849,88.4228074453988,20.99999999997685,0.16582749862953022,126.63762146525687,3,True,,,,,,,,,
20,4,15,False,0ff0b254b7c5,4845,-335.74616253944237,0.2538374601135729,2.5201020054802825,335.74616253944237,133.2272113626034,1.3725897978444506,0.1,153,0.031578947368421054,0.45919589189743965,1.7552421397859292,94.4234213254268,20.999999999972246,0.20832810976302618,100.80252743549494,3,True,,,,,,,,,
20,4,16,False,c642bf3fe054,4845,-336.09199105421254,-0.09199105465660296,2.093163133247856,336.09199105421254,160.56655389908167,1.8624909240454823,0.1,383,0.07905056759545924,0.9630427424864769,1.8624909240454823,48.292755145637464,20.999999999972246,0.1624367450941601,129.28109331296392,3,True,,,,,,,,,
20,4,17,False,846dd8ddc1fe,4845,-335.84427806771254,0.1557219319170713,2.05645458394946,335.84427806771254,163.31227574339,1.530858617943093,0.1,508,0.10485036119711043,0.43921100355416837,1.8213138368717419,90.28285284598051,20.99999999997685,0.1608711931655354,130.53921952557405,3,True,,,,,,,,,
20,4,18,False,5fea519ceea3,4845,-336.3749959799589,-0.37499598051334715,2.224846325691942,336.3749959799589,151.1902157446061,1.7124231178571123,0.1,110,0.022703818369453045,1.1523301777827504,1.7124231178571123,32.7076254830786,20.999999999965347,0.050168142020440565,418.59234076097704,3,True,,,,,,,,,
20,4,19,False,e14c302994c3,4845,-335.64209716395936,0.3579028355965761,2.4102919482024276,335.64209716395936,139.25371049522775,1.7124231178571123,0.1,48,0.009907120743034056,0.9329415112026531,1.8624909240454823,54.282694688567766,20.999999999972246,0.325756579484581,64.4653134349547,3,True,,,,,,,,,
20,4,20,False,ce6e53e63f9b,4845,-336.0211769326588,-0.021176933213268967,1.630978084612991,336.0211769326588,206.02433601208816,1.375448674126866,0.1,574,0.11847265221878225,0.5893394859391963,1.5230833012014555,67.8864891745233,20.999999999965347,0.15144141296023056,138.66748592394654,3,True,,,,,,,,,
20,4,21,False,21682941216a,4845,-336.1125917340292,-0.11259173447325566,1.7208454105552278,336.1125917340292,195.3182951079743,1.7028628872847826,0.1,314,0.06480908152734778,0.7915108849986356,1.7936931662856685,58.85278778287394,20.999999999972246,0.11831670080914825,177.48973607577577,3,True,,,,,,,,,
20,4,22,False,1c4f5018e652,4845,-336.1369094457891,-0.13690944634356583,1.6910525296603396,336.1369094457891,198.77378351653257,1.6153671576148672,0.1,513,0.10588235294117647,0.838015569669705,1.6629350762648032,51.06699753714901,20.999999999965347,0.17956385770188865,116.95003810192962,3,True,,,,,,,,,
20,4,23,False,8fe0953a0cf9,4845,-335.87334511782814,0.12665488180147122,1.3286578259947532,335.87334511782814,252.7914550658391,1.2156907805941704,0.1,1108,0.22868937048503613,0.2460319577769245,1.6695636250984451,117.09652569922162,20.99999999997685,0.13180414304993482,159.327313345688,3,True,,,,,,,,,
20,4,24,False,e159a80a2c3f,4845,-335.9227875592527,0.07721244037691122,2.2083490194161755,335.9227875592527,152.1148987799316,1.6363715678330268,0.1,405,0.08359133126934984,0.7977013896702164,1.8350506483217914,63.393258538785915,20.99999999997685,0.1878359462274029,111.79968702344799,3,True,,,,,,,,,
20,4,25,False,c16015ac517d,4845,-335.8173698189315,0.1826301806244146,2.618320976514042,335.8173698189315,128.2567618069612,1.4143634710241157,0.1,74,0.015273477812177503,0.5942680755555726,1.7748987965323353,83.4743504879894,20.999999999972246,0.1946105151011105,107.9078383254966,3,True,,,,,,,,,
20,4,26,False,cf1a6100b2a0,4845,-335.98868574713765,0.011314252307897732,1.8827547299609932,335.98868574713765,178.45589783970354,1.3563019577238251,0.1,823,0.1698658410732714,0.5842001315877011,1.532021095068376,69.88273946543056,20.999999999965347,0.168465283722584,124.6547629038311,3,True,,,,,,,,,
20,4,27,False,25f5cde5e44d,4845,-335.89488535628726,0.10511464307677443,1.9893980281260042,335.89488535628726,168.84247425976255,1.2342855627025158,0.1,219,0.04520123839009288,0.43784147612068,1.4352305562339314,80.80699558126805,20.999999999960252,0.19690712886348194,106.64926212255018,3,True,,,,,,,,,
20,4,28,False,26ec6dbbb02f,4845,-335.92391322575645,0.07608677387315765,2.0012023565118398,335.92391322575645,167.86104220428896,1.311760262691747,0.1,583,0.12033023735810114,0.5292981421004713,1.8976462071016849,104.31388294941544,20.99999999997685,0.1490402210193993,140.9015623859244,3,True,,,,,,,,,
20,4,29,False,c9a640817ddb,4845,-335.51736248570535,0.48263751369609054,3.1916414880275283,335.51736248570535,105.12376272344392,1.2869613430760585,0.1,35,0.007223942208462332,0.8342628804757837,1.5967499799094678,59.24708644404261,20.99999999996259,0.31462572310897313,66.74597293714943,3,True,,,,,,,,,
24,4,0,True,37facdd164d5,10626,-400.1523214418979,-0.1523214425632773,1.929646897543421,400.1523214418979,207.37074847803532,1.4732051545372367,0.1,998,0.09392057218144174,0.5387211899067439,1.539044658265469,67.90116537930163,24.999999999958415,0.11478915431353509,217.79061052818122,3,True,,,,,,,,,
24,4,1,False,a4bb7841b3df,10626,-400.24447727740665,-0.24447727807199726,1.861260385282776,400.24447727740665,215.03948638363065,1.5841288167169565,0.1,595,0.055994729907773384,0.7748472443713125,1.5841288167169565,51.08685378395222,24.999999999958415,0.10090027864102583,247.76938514611268,3,True,,,,,,,,,
24,4,2,False,a863921bd16e,10626,-400.10632383858683,-0.10632383911973875,2.2938056072280233,400.10632383858683,174.42904602631089,1.6346275336278648,0.1,667,0.06277056277056277,0.5867805469855788,1.8463569792152688,77.05586785475265,24.999999999966693,0.13280339965269214,188.24819293291264,3,True,,,,,,,,,
24,4,3,False,e70cc945a255,10626,-400.11958550729844,-0.1195855078313457,2.345310225595881,400.11958550729844,170.60411929327543,1.5754391002796713,0.1,557,0.05241859589685677,0.7515737887556998,1.8358554351715042,68.82409140558482,24.999999999966693,0.11652960232872356,214.53776122433746,3,True,,,,,,,,,
24,4,4,False,8666b5bb73df,10626,-399.61817562341366,0.3818243760534301,2.3106831350809216,399.61817562341366,172.9437366622831,1.2961344710905445,0.1,797,0.07500470543948805,0.5398148187877597,1.8121574223825352,98.16439821434956,24.999999999966693,0.3234485332366779,77.29204937118504,3,True,,,,,,,,,
24,4,5,False,462ea90c63b3,10626,-399.6854737781244,0.31452622134270314,2.716792989093449,399.6854737781244,147.11664649557756,1.2869613430760585,0.1,226,0.021268586485977792,0.37253279327443073,1.7137013538609567,104.21203152698457,24.999999999966693,0.21201094081120708,117.91844281389638,3,True,,,,,,,,,
24,4,6,False,885329558e59,10626,-400.0549750810862,-0.054975081530642456,1.7882241103116598,400.0549750810862,223.7163523152379,1.5965950642339537,0.1,1106,0.10408432147562582,0.5869843716310298,1.940873850673299,84.79855095204528,24.99999999997222,0.11511268135594895,217.17850462250777,3,True,,,,,,,,,
24,4,7,False,6602490d7ae4,10626,-399.94155337661346,0.05844662294208547,2.018842507442912,399.94155337661346,198.1043850137591,1.4648177090203909,0.1,1210,0.11387163561076605,0.468745400474533,1.848334981231841,94.18165634274862,24.99999999997222,0.17661471666518497,141.55105798666622,3,True,,,,,,,,,
24,4,8,False,3dbd559f411e,10626,-399.79367934474703,0.20632065453469295,3.3015070048262487,399.79367934474703,121.09429989405318,1.4665052019435962,0.1,98,0.00922266139657444,0.9191997432952057,1.7026182399435261,53.42077857003413,24.999999999955108,0.23939238997290688,104.4310556521219,3,True,,,,,,,,,
24,4,9,False,dc00b8d2a538,10626,-399.91278704176915,0.0872129577863916,2.1983485020066382,399.91278704176915,181.91509975635407,1.290402246593134,0.1,2449,0.23047242612460003,0.25057402089401254,1.8255349077196026,122.05193310719473,24.99999999997222,0.17220840939504028,145.17293370164674,3,True,,,,,,,,,
24,4,10,False,49d5fee017ca,10626,-399.91636226872913,0.08363773082641046,2.580847228586208,399.91636226872913,154.95545719992265,1.3746948733803805,0.1,1465,0.13786937699981178,0.4045847797882207,1.8838901217131745,107.60972275159037,24.99999999997222,0.18216812545390187,137.23586350620124,3,True,,,,,,,,,
24,4,11,False,04b08d7e50b7,10626,-399.80532928268065,0.1946707168748958,2.4698142425377227,399.80532928268065,161.87667979106092,1.2489879686858663,0.1,2571,0.2419536984754376,0.13814113113266488,1.6711620649041068,122.7410489297526,24.99999999997222,0.2086162221350945,119.83727700611347,3,True,,,,,,,,,
24,4,12,False,bf79af7e70aa,10626,-399.67828719984993,0.3217127996171598,2.6559885848080285,399.67828719984993,150.48192958582996,0.8664845531438863,0.1,564,0.05307735742518351,0.09911091777183813,1.5942335486095462,172.55040789970457,24.999999999966693,0.2254407686556776,110.89387314035439,3,True,,,,,,,,,
24,4,13,False,d81c648550b4,10626,-399.9912898140535,0.00871018550202507,1.827486274728642,399.9912898140535,218.8751266399782,1.4143634710241157,0.1,2658,0.25014116318464147,0.3999944913968227,1.8838901217131745,104.91614501623752,24.99999999997222,0.1268782792251475,197.03924227731156,3,True,,,,,,,,,
24,4,14,False,0ad480155be8,10626,-399.67750903923525,0.32249096032029456,1.9562114812058553,399.67750903923525,204.31201476890655,1.2297354290808833,0.1,2854,0.26858648597779033,0.19883846866964341,1.7139032947436865,123.20250276975575,24.99999999997222,0.25146054444738364,99.41917550092356,3,True,,,,,,,,,
24,4,15,False,81d6c1ef45dc,10626,-400.05194130920233,-0.05194130964679289,2.051776763657017,400.05194130920233,194.97829802700534,1.831498688295787,0.1,1174,0.11048371917937136,0.5271114943186616,1.9225697423393155,76.19215110217361,24.99999999997222,0.09967981716300996,250.80302825083268,3,True,,,,,,,,,
24,4,16,False,ff234ddc560b,10626,-399.9290099593384,0.07099004021716837,2.2077124013090383,399.9290099593384,181.15086445236477,1.3602907432691187,0.1,1404,0.132128740824393,0.09911091777183813,1.8819143627663228,131.06047025726005,24.99999999997222,0.1395861654285852,179.1008437205238,3,True,,,,,,,,,
24,4,17,False,9da73f903c46,10626,-399.8954471027813,0.10455289677423707,2.5599320626383815,399.8954471027813,156.21330461818232,1.4968031710564373,0.1,1323,0.12450592885375494,0.2894634378390216,1.8812580838888255,106.34629033597798,24.99999999997222,0.17314902198568008,144.38429806458734,3,True,,,,,,,,,
24,4,18,False,ec9582864907,10626,-399.7300205585859,0.26997944088117265,2.1607590680463318,399.7300205585859,184.99518362313535,1.4665052019435962,0.1,484,0.045548654244306416,0.37253279327443073,1.7936931662856685,96.90796671759078,24.999999999966693,0.2175425658593883,114.92003829781889,3,True,,,,,,,,,
24,4,19,False,9c2c74aac20e,10626,-399.84268655850434,0.15731344105120115,1.4194014438592717,399.84268655850434,281.69809766527703,1.151376691797839,0.1,2332,0.2194616977225673,0.12477625888436429,1.6450260690033003,132.03757041017678,24.99999999997222,0.17123552589568453,145.9977412350872,3,True,,,,,,,,,
24,4,20,False,c70f6a9cfca1,10626,-400.1482748894364,-0.1482748899692865,2.3266916497001375,400.1482748894364,171.9816525498801,1.7124231178571123,0.1,754,0.07095802747976661,0.6691969755449488,1.8624909240454823,69.68452691726064,24.999999999966693,0.1061529097815738,235.50932378027227,3,True,,,,,,,,,
24,4,21,False,289bc532133f,10626,-399.80167826390357,0.19832173565197309,1.7738044253929388,399.80167826390357,225.392198001388,1.3542387252418633,0.1,2523,0.23743647656691136,-0.08959503087483547,1.6734236215556795,130.18521916183167,24.99999999997222,0.18445381247600634,135.5352847652537,3,True,,,,,,,,,
24,4,22,False,53d1cc0c82a7,10626,-399.9668317793024,0.03316822025311694,1.7947382750082284,399.9668317793024,222.85524154070248,1.472523664749926,0.1,2415,0.22727272727272727,0.2460319577769245,1.7831109011274682,104.38398921158125,24.99999999997222,0.11474143817697433,217.881180480001,3,True,,,,,,,,,
24,4,23,False,0fe8a1bead43,10626,-400.0154230519834,-0.015423052427877337,2.095331997488472,400.0154230519834,190.90789599521887,1.7300176850228919,0.1,1341,0.1261998870694523,0.3121591330471312,1.9592705476686412,95.2077790233523,24.99999999997222,0.11598013688739191,215.55415152031907,3,True,,,,,,,,,
24,4,24,False,81ac0b5f6f7d,10626,-400.3479327435425,-0.347932744207867,2.001600455341645,400.3479327435425,200.01390970667458,1.6594198556105058,0.1,272,0.02559759081498212,0.9118316356167906,1.6642094135636942,45.33980809034622,24.999999999958415,0.07723137832592225,323.70262633999005,3,True,,,,,,,,,
24,4,25,False,1fe7af43fe75,10626,-400.0549750810862,-0.054975081530642456,2.197141411109328,400.0549750810862,182.07975738762303,1.5965950642339537,0.1,752,0.07076980990024469,0.5177229901576766,1.9592705476686412,90.28886470988928,24.99999999997222,0.11511268135594895,217.17850462250777,3,True,,,,,,,,,
24,4,26,False,6d3becc8ed11,10626,-399.8653058424462,0.13469415702087417,2.3261933850058085,399.8653058424462,171.89684590279572,1.4896270478909508,0.1,503,0.04733672124976473,0.5867805469855788,1.8624909240454823,85.63958199242451,24.999999999966693,0.2176816071577063,114.84663461646834,3,True,,,,,,,,,
24,4,27,False,824712c41260,10626,-399.99084415764077,0.00915584182632756,2.216568875938208,399.99084415764077,180.45495833660323,1.6022379661207105,0.1,922,0.08676830415960851,0.39489231587966783,1.720041227307644,82.70612352523304,24.999999999966693,0.16210050221184508,154.22530873651965,3,True,,,,,,,,,
24,4,28,False,5b435706fda8,10626,-400.05497508108624,-0.0549750815306993,1.640426472286947,400.05497508108624,243.87254280489796,1.5965950642339537,0.1,1224,0.11518915866741954,0.5110080191968501,1.9592705476686412,90.70944542639353,24.99999999997222,0.11511268135594896,217.17850462250775,3,True,,,,,,,,,
24,4,29,False,ab0a008b0673,10626,-399.52706978972697,0.47293020974012734,1.9088875042676818,399.52706978972697,209.2983839521753,1.0610857266868245,0.1,476,0.04479578392621871,0.12928504365789567,1.6452199217686294,142.86639052663048,24.999999999966693,0.307189358031008,81.3830275899179,3,True,,,,,,,,,
28,5,0,True,5a45ab25351e,98280,-725.1676098057208,-0.1676098069336831,3.023463850462008,725.1676098057208,239.84662812982194,1.6658055803404568,0.1,13737,0.13977411477411478,0.4278127041337695,1.7066841187185204,76.77194924052156,28.999999999951484,0.1656753506121532,175.04112647294542,4,True,,,,,,,,,
28,5,1,False,05d798eed536,98280,-724.8147669703444,0.18523302868413793,2.772351540157956,724.8147669703444,261.44403278995696,1.4435250794883738,0.1,20673,0.21034798534798535,0.1540581457310429,1.8318556008358509,116.22918638167803,28.99999999996114,0.23941690360520096,121.12762116321665,4,True,,,,,,,,,
28,5,2,False,4da0bf0a48ff,98280,-724.7734475802249,0.22655241896484313,3.080288084979884,724.7734475802249,235.2940463959747,1.3666537751796526,0.1,22046,0.2243182743182743,0.12849661682575572,1.9267423342417969,131.58019610194646,28.999999999967592,0.21231153018432375,136.59173373575373,4,True,,,,,,,,,
28,5,3,False,c801fd844d1d,98280,-724.424909703094,0.5750902960957092,2.7246555204525293,724.424909703094,265.87761434985975,1.0254024601858664,0.1,54790,0.5574888074888075,-0.08004256910658453,1.7664253813256225,180.07251027050518,28.999999999967592,0.2887645491468505,100.4278402097749,4,True,,,,,,,,,
28,5,4,False,971fb9f1950d,98280,-724.8287268854069,0.1712731137828314,2.782687680297613,724.8287268854069,260.4779300305399,1.6621001637503328,0.1,26300,0.2676027676027676,0.3744761363623153,2.00325972217685,97.99551322703543,28.999999999967592,0.22056443921669083,131.48085023568507,4,True,,,,,,,,,
28,5,5,False,e5606348dc92,98280,-724.7471462675128,0.25285373167696434,2.3828372641153237,724.7471462675128,304.1530184129422,1.388723307541231,0.1,30922,0.31463166463166464,0.03659121471303125,1.8827957150178825,132.94257324546544,28.999999999967592,0.1983997301398811,146.1695536557496,4,True,,,,,,,,,
28,5,6,False,e2abba545da8,98280,-724.9215493328209,0.07845066636889442,2.6919983702357513,724.9215493328209,269.28751419315904,1.7158088734486905,0.1,30557,0.3109177859177859,0.03463113574697395,2.00325972217685,114.73472464756699,28.999999999967592,0.13342574789955072,217.34935315333723,4,True,,,,,,,,,
28,5,7,False,47ec4eb4e610,98280,-724.8682777356045,0.1317222635852886,2.4493857262752954,724.8682777356045,295.9388021085144,1.570175045808181,0.1,27523,0.28004680504680507,0.008159894083836144,2.00325972217685,127.06225547395076,28.999999999967592,0.1866973451160326,155.33161428698443,4,True,,,,,,,,,
28,5,8,False,5b0dbe408bae,98280,-724.3735376154931,0.6264623835354541,3.5703577429411553,724.3735376154931,202.8854220694354,1.1447018322507623,0.1,10916,0.11107041107041107,0.0011095247661674845,1.6719418321058248,145.9622287888187,28.99999999996114,0.31436212257801355,92.2502996294166,4,True,,,,,,,,,
28,5,9,False,e4e98d248a7f,98280,-724.6525556942896,0.34744430490013656,2.9772455614423734,724.6525556942896,243.39697238249312,1.450947636031561,0.1,39561,0.40253357753357755,0.030957112113217198,1.8048289689269537,122.25609062401416,28.999999999967592,0.2453321740300899,118.20708031719784,4,True,,,,,,,,,
28,5,10,False,667bbac4d060,98280,-724.6418581957684,0.3581418034214039,3.006370613298486,724.6418581957684,241.0354382092354,1.2211778243907543,0.1,31933,0.3249185999185999,0.0031530155919859294,1.8790445859457692,153.61330126426637,28.999999999967592,0.2594079270267968,111.793037060783,4,True,,,,,,,,,
28,5,11,False,f65af1ac1aa6,98280,-724.7606096900383,0.23939030899020963,2.76511213704066,724.7606096900383,262.1089394463791,1.3488317938101948,0.1,27039,0.27512210012210014,0.12471720726819953,1.7422201748546475,119.91880492506097,28.99999999996114,0.23777097744443332,121.96610499588157,4,True,,,,,,,,,
28,5,12,False,20a3877d5243,98280,-724.8594720503834,0.14052794880637975,3.083077615889465,724.8594720503834,235.10905736353382,1.4630000945798858,0.1,21688,0.2206756206756207,0.2424049233778428,1.9841343337552626,119.05190005319677,28.999999999967592,0.19246925845317808,150.67341264279048,4,True,,,,,,,,,
28,5,13,False,11d97b8dfe99,98280,-724.8626740910413,0.1373259081484548,3.754176929291134,724.8626740910413,193.0816495182901,1.612350540054507,0.1,27655,0.2813899063899064,0.32501660064036403,1.8962825412755109,97.45188168461361,28.999999999967592,0.18926721779528216,153.22251966177774,4,True,,,,,,,,,
28,5,14,False,ebdfa8741b6a,98280,-724.6525556942896,0.34744430490013656,3.113477550575908,724.6525556942896,232.7469987892634,1.450947636031561,0.1,28226,0.2871998371998372,0.14626196628351132,1.9108105440446599,121.61352580492202,28.999999999967592,0.2453321740300899,118.20708031719784,4,True,,,,,,,,,
28,5,15,False,0cd70d23e0aa,98280,-724.6026699745594,0.3973300246303779,2.183777965230206,724.6026699745594,331.8115126682187,1.2652326435635641,0.1,51432,0.5233211233211233,-0.16091380696060406,1.8165337583103394,156.29122243490377,28.999999999967592,0.23890089452553828,121.389248280389,4,True,,,,,,,,,
28,5,16,False,6fb317762900,98280,-724.9326952104325,0.06730478825818409,3.671371515814144,724.9326952104325,197.4555536229014,1.6309289967504113,0.1,9234,0.09395604395604396,0.41135228639798993,1.7143134318799806,79.89073393618675,28.999999999947626,0.2300002356339368,126.08682734613966,4,True,,,,,,,,,
28,5,17,False,30dedf4b5976,98280,-724.6573947834398,0.3426052157499271,3.5488976216897754,724.6573947834398,204.19225123727315,1.2143498632291394,0.1,25373,0.2581705331705332,-0.12602602517170747,1.7734511148281258,156.4192657747609,28.999999999967592,0.2418304693106786,119.91871860742003,4,True,,,,,,,,,
28,5,18,False,0734c1e004a1,98280,-724.5669638184297,0.43303618076004113,2.763478527725283,724.5669638184297,262.1938099207329,1.2780961423980277,0.1,42813,0.43562271062271063,0.1647574639834797,1.8216747552674892,129.63948769731977,28.999999999967592,0.2670761025307855,108.58328291137467,4,True,,,,,,,,,
28,5,19,False,2b144afb487c,98280,-724.9086433355903,0.09135666310032775,3.6473196409720003,724.9086433355903,198.75105959794746,1.5535265217835201,0.1,4998,0.050854700854700854,0.41240478218088206,1.7026901339741274,83.05525098547646,28.999999999947626,0.2540521104760928,114.14980944500608,4,True,,,,,,,,,
28,5,20,False,b557fc677497,98280,-724.8299226259854,0.1700773732043217,3.721425464235381,724.8299226259854,194.77211880015764,1.4656890628359869,0.1,20481,0.2083943833943834,0.26161475588368094,1.9065228947326773,112.22763276040521,28.999999999967592,0.20909497541365651,138.6929549244134,4,True,,,,,,,,,
28,5,21,False,88a5bda4d56c,98280,-724.7232887054766,0.276711293713106,2.3052275758894893,724.7232887054766,314.3825348461905,1.3770661222021165,0.1,36794,0.37437932437932436,-0.08162856156838288,1.777368389173969,134.99692721868448,28.999999999967592,0.20572125349603093,140.9674474909181,4,True,,,,,,,,,
28,5,22,False,29208093df5a,98280,-724.299044870106,0.700955128922601,3.3477519286918778,724.299044870106,216.3538578418871,1.0581098555158324,0.1,14923,0.15184167684167685,-0.04037343726820279,1.630706747150379,157.93068892680563,28.99999999996114,0.3690572696196455,78.57859033599001,4,True,,,,,,,,,
28,5,23,False,b36e1d2a3ec9,98280,-724.5026785311939,0.4973214679959028,3.217780141102594,724.5026785311939,225.1560537889758,0.9314311628272044,0.1,32709,0.3328144078144078,-0.2656314662444808,1.618068601448829,202.23717466953235,28.999999999967592,0.2502680848918123,115.87574185699276,4,True,,,,,,,,,
28,5,24,False,972ccc4dd452,98280,-724.7468246112237,0.25317538796605277,3.241630701052941,724.7468246112237,223.57476574238166,1.2117696170199026,0.1,34753,0.3536121286121286,-0.06974375300775794,1.7632733671552152,151.26779004996845,28.999999999967592,0.1987213864289732,145.93295931101378,4,True,,,,,,,,,
28,5,25,False,1d1c22def3a4,98280,-724.6039389893616,0.39606100982814496,3.4954418276115575,724.6039389893616,207.29967046382944,1.0389818698343516,0.1,19614,0.19957264957264959,0.12587536170805297,1.774035074044415,158.63219178205043,28.999999999967592,0.23874756877718517,121.46720550286436,4,True,,,,,,,,,
28,5,26,False,4c6b00663cec,98280,-724.5021681164362,0.4978318827535304,2.6220534860681255,724.5021681164362,276.3109799117242,1.1992231997260192,0.1,53717,0.5465710215710216,0.12495791864764401,1.8296490509951109,142.14961257728584,28.999999999967592,0.25075981680546655,115.64851326424878,4,True,,,,,,,,,
28,5,27,False,76aada0841fa,98280,-724.800482556293,0.199517442896763,3.6293212731255835,724.800482556293,199.7068950393836,1.3349190580921686,0.1,26164,0.26621896621896624,0.061145224705162524,1.8845120244477664,136.59006429562194,28.999999999967592,0.16634922264368435,174.33204399208302,4,True,,,,,,,,,
28,5,28,False,8cd7da64b0a0,98280,-724.8484595992479,0.15154039978062883,2.43261690531358,724.8484595992479,297.970657860659,1.4839865609505818,0.1,22363,0.22754375254375253,0.03463113574697395,1.7313740409547322,114.33681071349415,28.99999999996114,0.17738102182895543,163.48986887630625,4,True,,,,,,,,,
28,5,29,False,ddf8fb73dcb3,98280,-724.746616822371,0.2533831768187156,3.053457327126239,724.746616822371,237.35279035468503,1.3748711446092479,0.1,18530,0.18854293854293855,-0.08268023063394135,1.9319964035083277,146.53566932738707,28.999999999967592,0.2175824184151393,133.28282777258525,4,True,,,,,,,,,
30,6,0,True,23de33e1453c,593775,-1115.9576980794068,0.04230191872193245,3.999925715645759,1115.9576980794068,278.994605753383,1.552609162714545,0.1,146484,0.24669950738916255,0.17160055271088737,1.695433411052373,98.14658414595804,30.999999999948017,0.20991172565526275,147.68112597415927,5,True,,,,,,,,,
30,6,1,False,3dc386b1653c,593775,-1115.143468104739,0.856531894011141,4.484257678892391,1115.143468104739,248.67961387539594,1.0169711251560223,0.1,245736,0.41385373247442214,-0.16943139414785596,1.6892161698574089,182.76306160807798,30.99999999996528,0.3581755569343049,86.54973629496212,5,True,,,,,,,,,
30,6,2,False,2a8e3e5572e4,593775,-1115.15480358193,0.8451964160497027,4.768768982246456,1115.15480358193,233.8454237841076,1.173764757889141,0.1,95922,0.16154604016672983,-0.0048620666113081525,1.6024200686924865,136.93392347153758,30.999999999943885,0.43824429559174405,70.73680207995817,5,True,,,,,,,,,
30,6,3,False,eb913231db53,593775,-1115.5394860063516,0.4605139923985462,2.717111150591336,1115.5394860063516,410.56085827168766,1.3413691375878254,0.1,345788,0.582355269251821,-0.16333842970841755,1.9159417364807196,155.0117792279232,30.99999999996528,0.2899884762651098,106.90079964289625,5,True,,,,,,,,,
30,6,4,False,e4dfb3120b58,593775,-1115.000154677562,0.9998453204177622,4.7131728024107815,1115.000154677562,236.57103217332514,1.25348815118164,0.1,98213,0.16540440402509368,0.05607260370029089,1.60223273296597,123.34860347966932,30.999999999943885,0.4625865918027292,67.01448020604083,5,True,,,,,,,,,
30,6,5,False,c430857a14a2,593775,-1115.5403738436662,0.45962615508392446,3.917170165870175,1115.5403738436662,284.78220924973675,1.133538108996453,0.1,243286,0.4097275904172456,-0.28469621633253933,1.8521763403357607,188.5135170762033,30.99999999996528,0.23130724848905238,134.02087570737106,5,True,,,,,,,,,
30,6,6,False,2ae97b85344c,593775,-1115.5811896488976,0.41881034985249244,2.7200741888320863,1115.5811896488976,410.1289568605086,1.3326744369156274,0.1,260069,0.4379925055787125,-0.03326943467697684,1.8184929919633706,138.95084765984626,30.99999999996528,0.2482848337190953,124.85659931624372,5,True,,,,,,,,,
30,6,7,False,12051a226b09,593775,-1114.804685693366,1.195314304613703,5.0589339778262,1114.804685693366,220.36355694295744,1.0990998820975384,0.1,32758,0.0551690455138731,-0.08409007395522303,1.5422180176976683,147.96727014010966,30.999999999943885,0.5457441389553145,56.80317531084317,5,True,,,,,,,,,
30,6,8,False,4c1a7b89a5fd,593775,-1115.5657878658894,0.4342121328606936,3.7503218096744604,1115.5657878658894,297.4586834090176,1.1959984557621524,0.1,259780,0.43750578922992717,-0.06147629841255852,1.8681508261199278,161.34026889715568,30.99999999996528,0.2346946899637447,132.08649929299258,5,True,,,,,,,,,
30,6,9,False,5ba2b505ebce,593775,-1115.238525331171,0.7614746675790229,3.082045160927237,1115.238525331171,361.8501569897991,1.1822071790724882,0.1,304816,0.5133527009389078,-0.12432976991501901,1.8187249526445648,164.35822391841893,30.99999999996528,0.3201847849648133,96.81909152357763,5,True,,,,,,,,,
30,6,10,False,5e9243914292,593775,-1115.3105823528924,0.6894176458577022,3.7939049588455873,1115.3105823528924,293.97430733010776,1.2570835115276453,0.1,329825,0.5554713485747969,0.049314803375905006,1.823913537971789,141.16792705675846,30.99999999996528,0.34007517567882234,91.15631547667758,5,True,,,,,,,,,
30,6,11,False,72a66fb60bc9,593775,-1115.4899986884125,0.5100013103376568,3.431056603431898,1115.4899986884125,325.1155919644837,1.4483440738069222,0.1,293027,0.4934983790156204,0.17811704783274115,1.8856460726121471,117.89526091622864,30.99999999996528,0.30020659031056784,103.26222341719864,5,True,,,,,,,,,
30,6,12,False,f99e6c59b3d6,593775,-1115.3346654140728,0.6653345846773391,3.782545331119991,1115.3346654140728,294.8635291262533,1.309099507743065,0.1,264931,0.44618079238768893,-0.19894165007324255,1.826780850947868,154.74167464271142,30.99999999996528,0.3071774174527967,100.91887697027397,5,True,,,,,,,,,
30,6,13,False,d737fdc28c4c,593775,-1115.5596843473818,0.44031565136833706,4.640785514295658,1115.5596843473818,240.38165110431584,1.4444566105865524,0.1,239448,0.4032638625742074,0.046649553477044074,1.9567214834232531,132.23463522179344,30.99999999996528,0.30298974321981925,102.3136944192687,5,True,,,,,,,,,
30,6,14,False,56bc5affbcc8,593775,-1115.5293565568209,0.4706434419292691,3.4759680886268143,1115.5293565568209,320.9262364078584,1.2639713054837154,0.1,370890,0.6246305418719211,-0.20428394367138944,1.9046080791313393,166.84651096534714,30.99999999996528,0.2511318425973787,123.44113625473338,5,True,,,,,,,,,
30,6,15,False,901d213dbaea,593775,-1115.6916083848037,0.3083916139464691,3.028632085972049,1115.6916083848037,368.3813605331725,1.5546800470690043,0.1,287039,0.48341375099995787,-0.1747903988943655,1.9207784118890863,134.79100183566194,30.99999999996528,0.22994094757769767,134.81722297195586,5,True,,,,,,,,,
30,6,16,False,33d6f5d57e2e,593775,-1115.4037834750752,0.5962165236749115,3.581118643179707,1115.4037834750752,311.46797819708604,1.3145804371372003,0.1,285676,0.4811182687044756,-0.007945782453236603,1.8546340450092493,141.6862578237266,30.99999999996528,0.3191306201597845,97.13890815128924,5,True,,,,,,,,,
30,6,17,False,3dee995a342d,593775,-1115.3022199562063,0.6977800425438545,4.643009530359677,1115.3022199562063,240.2110554939584,1.350372941821216,0.1,201756,0.3397852721990653,0.028879687737199684,1.7715244707391766,129.04914850054038,30.99999999996528,0.32582631891717606,95.14271315769729,5,True,,,,,,,,,
30,6,18,False,42d06643c09d,593775,-1114.7707502115131,1.2292497869880208,4.310366149975835,1114.7707502115131,258.62553468172604,1.1337538880344111,0.1,145404,0.24488063660477455,-0.28469621633253933,1.6456383176355323,170.26045549574184,30.999999999958366,0.4781732507555694,64.83005887714287,5,True,,,,,,,,,
30,6,19,False,ea0ca4770706,593775,-1115.579622704962,0.42037729378807853,3.710802776870196,1115.579622704962,300.63026514329493,1.4004438599432363,0.1,262336,0.44181045008631215,-0.038260466189828354,1.9554496393434182,142.36272960017524,30.99999999996528,0.25455780220291213,121.779806911024,5,True,,,,,,,,,
30,6,20,False,ad3f940c6d8e,593775,-1115.5647683772786,0.43523162147153016,4.706201410030644,1115.5647683772786,237.04144195775393,1.50256845913526,0.1,238739,0.40206980758704897,-0.051036286513513725,1.8856460726121471,128.8914556505623,30.99999999996528,0.27073914366322793,114.50135942856545,5,True,,,,,,,,,
30,6,21,False,aa6ab870e031,593775,-1115.258784986347,0.7412150124030177,3.7188788569496865,1115.258784986347,299.8911306030305,1.2477695258785177,0.1,349700,0.5889436234263821,-0.06261502427628979,1.7895948156288914,148.44166342346713,30.99999999996528,0.31819791099809264,97.42364399165116,5,True,,,,,,,,,
30,6,22,False,0f6ce2558eb9,593775,-1115.3313094540488,0.6686905447013487,3.582861493691553,1115.3313094540488,311.29623944934644,1.2424287721763327,0.1,277130,0.46672561155319775,-0.17821858497270665,1.726176414449343,153.28001428091258,30.99999999996528,0.29553116205286023,104.89587556394632,5,True,,,,,,,,,
30,6,23,False,87f1b4fbcace,593775,-1115.3119841960292,0.6880158027208836,4.652773770182648,1115.3119841960292,239.70905083404622,1.2390120250125989,0.1,300935,0.5068165550924172,-0.23665780800697986,1.6918333349667498,155.64749203738518,30.99999999996528,0.28978389157787654,106.97627059658123,5,True,,,,,,,,,
30,6,24,False,f21641783170,593775,-1115.407966678454,0.5920333202961956,4.666833789343855,1115.407966678454,239.00743352492043,1.1711610758602495,0.1,236275,0.39792008757526,-0.06195746255224401,1.852627056196401,163.47747190473615,30.99999999996528,0.29033604060666507,106.77282756625713,5,True,,,,,,,,,
30,6,25,False,46df093e7a8a,593775,-1115.5769158544645,0.42308414366425495,3.820514084127126,1115.5769158544645,291.99654582855453,1.0559267223310689,0.1,273602,0.46078396699086355,-0.005130816121194706,1.4735264061817794,140.03407537965165,30.999999999948017,0.2601420903554411,119.16564504264437,5,True,,,,,,,,,
30,6,26,False,26101238af26,593775,-1115.4734217998644,0.5265781979892381,4.579800590353443,1115.4734217998644,243.56375344145243,1.4947819270812743,0.1,84430,0.14219190770914908,0.09914347624251323,1.6632247464392014,104.63608382332588,30.99999999994038,0.4205637298417375,73.71058843235483,5,True,,,,,,,,,
30,6,27,False,2c13a2eb2956,593775,-1115.4956203332438,0.5043796655063488,4.836409907397183,1115.4956203332438,230.64538401245056,1.3525190515937275,0.1,169623,0.285668813944676,0.0009354527824670629,1.962964644849355,145.06480997476154,30.99999999996528,0.30240136479432844,102.51276485160456,5,True,,,,,,,,,
30,6,28,False,b7cf22b4cbc4,593775,-1115.2538792140704,0.7461207846797606,4.134487549552887,1115.2538792140704,269.7441619662578,1.1783590366346988,0.1,312266,0.5258995410719549,0.12867990281374686,1.7824109466310234,140.34186461031462,30.99999999996528,0.315624257258467,98.21805291276821,5,True,,,,,,,,,
30,6,29,False,583033c13c12,593775,-1115.4865212884943,0.5134787102558676,4.456216593074032,1115.4865212884943,250.32143254037797,1.3189387199046911,0.1,328116,0.5525931539724643,-0.10970902115390227,1.7684788236448592,142.40144871434833,30.99999999996528,0.2716293875148263,114.126090271706,5,True,,,,,,,,,
