n_assets,quantity,E1,E5
12,window,2023-08-06 – 2026-08-05,2020-08-05 – 2023-08-05
12,instances with A_crit = 0,4,3
12,"A_heur / A_crit, median",92.05088917144266,199.05708987546817
12,"Δ_F, median",0.7054789000550504,0.9424930576965225
12,"P_τ under uniform-over-F, median",0.015151515151515152,0.015151515151515152
12,Amargin: P_F median,0.3288067898247391,0.32117287686560303
12,Amargin: P_τ median,0.006489765364676714,0.007408779812976718
12,Amargin: Q_τ(1000) median,0.9984295377869723,0.9994077904224966
12,Amargin: g_off median (%),0.0,0.0
12,Amargin: g_F median (%),0.0,0.0
12,Amargin: optimal rate,0.76,0.88
12,Amargin: runs with no feasible shot,0,0
12,Amargin: pass g_off ≤ 0.1 % but fail g_F ≤ τ,0.0,0.0
12,Amargin: deflation D median,1.2683974120854093,1.11388288412555
12,Aheur: P_F median,0.17766213964205235,0.1804417158709839
12,Aheur: P_τ median,0.002604695619083941,0.002699006930924952
12,Aheur: Q_τ(1000) median,0.9263227770368632,0.9327148035071122
12,Aheur: g_off median (%),0.0,0.0
12,Aheur: g_F median (%),0.0,0.0
12,Aheur: optimal rate,0.76,0.8
12,Aheur: runs with no feasible shot,0,0
12,Aheur: pass g_off ≤ 0.1 % but fail g_F ≤ τ,0.04,0.04
12,Aheur: deflation D median,73.90344372329619,55.38331551445825
12,Amargin − Aheur: final_P_F median diff,0.009780778669664869,0.046403128289966844
12,Amargin − Aheur: final_P_F CI low,0.004436258343048394,0.008784396341070533
12,Amargin − Aheur: final_P_F CI high,0.0421388472605031,0.08625803743598226
12,Amargin − Aheur: final_P_F instances better / tied / of,9 / 0 / 10,10 / 0 / 10
12,Amargin − Aheur: final_P_tau_main median diff,0.0020603772718459368,0.003768317328649573
12,Amargin − Aheur: final_P_tau_main CI low,0.0001779336016625166,0.0001629740436328575
12,Amargin − Aheur: final_P_tau_main CI high,0.003986200783401728,0.006968208748730831
12,Amargin − Aheur: final_P_tau_main instances better / tied / of,8 / 0 / 10,9 / 0 / 10
12,Amargin − Aheur: final_Q_tau_main_1000 median diff,0.019548081245302606,0.010493059930050286
12,Amargin − Aheur: final_Q_tau_main_1000 CI low,6.71109888095156e-05,0.0002976109387203829
12,Amargin − Aheur: final_Q_tau_main_1000 CI high,0.06685220332114528,0.06074679370687475
12,Amargin − Aheur: final_Q_tau_main_1000 instances better / tied / of,8 / 0 / 10,9 / 0 / 10
12,Amargin − Aheur: final_P_opt median diff,0.0020603772718459368,0.003768317328649573
12,Amargin − Aheur: final_P_opt CI low,9.380510891787708e-05,0.0001629740436328575
12,Amargin − Aheur: final_P_opt CI high,0.003986200783401728,0.005173204466700554
12,Amargin − Aheur: final_P_opt instances better / tied / of,8 / 0 / 10,9 / 0 / 10
12,Amargin − Aheur: g_F median diff,0.0,0.0
12,Amargin − Aheur: g_F CI low,0.0,0.0
12,Amargin − Aheur: g_F CI high,0.0,0.0
12,Amargin − Aheur: g_F instances better / tied / of,0 / 9 / 10,0 / 10 / 10
12,Amargin − Aheur: g_off median diff,0.0,0.0
12,Amargin − Aheur: g_off CI low,0.0,0.0
12,Amargin − Aheur: g_off CI high,0.0,0.0
12,Amargin − Aheur: g_off instances better / tied / of,0 / 9 / 10,0 / 10 / 10
12,Amargin − Aheur: rank_best_feasible median diff,0.0,0.0
12,Amargin − Aheur: rank_best_feasible CI low,0.0,0.0
12,Amargin − Aheur: rank_best_feasible CI high,0.0,0.0
12,Amargin − Aheur: rank_best_feasible instances better / tied / of,0 / 9 / 10,0 / 10 / 10
12,Amargin − Aheur: feasible_shot_fraction median diff,0.0115,0.0385
12,Amargin − Aheur: feasible_shot_fraction CI low,0.0009999999999999974,0.0005000000000000004
12,Amargin − Aheur: feasible_shot_fraction CI high,0.044000000000000004,0.08700000000000002
12,Amargin − Aheur: feasible_shot_fraction instances better / tied / of,8 / 0 / 10,8 / 0 / 10
12,Amargin − Aheur: runtime_s median diff,0.05313694616779685,0.014702457934617996
12,Amargin − Aheur: runtime_s CI low,-0.001413622871041298,-0.06830282928422093
12,Amargin − Aheur: runtime_s CI high,0.08910467755049467,0.03706753719598055
12,Amargin − Aheur: runtime_s instances better / tied / of,3 / 0 / 10,4 / 0 / 10
12,Amargin: E2 optimised beats uniform-F at S = 1000 (rate),0.08,0.16
12,Amargin: E2 Q_τ(1000) optimised / unoptimised / uniform-F,0.998 / 0.902 / 1.000,0.999 / 0.961 / 1.000
12,Aheur: E2 optimised beats uniform-F at S = 1000 (rate),0.0,0.0
12,Aheur: E2 Q_τ(1000) optimised / unoptimised / uniform-F,0.926 / 0.816 / 1.000,0.933 / 0.827 / 1.000
12,Amargin / Aheur g_off ratio: pairs,6,3
12,Amargin / Aheur g_off ratio: median total / solution / denominator,27.5 / 0.50 / 54.2,44.4 / 0.92 / 48.4
12,Amargin / Aheur g_off ratio: geometric total = solution × denominator,25.5 = 0.50 × 51.3,18.7 = 0.38 × 49.6
16,window,2023-08-06 – 2026-08-05,2020-08-05 – 2023-08-05
16,instances with A_crit = 0,0,0
16,"A_heur / A_crit, median",139.49149483925737,115.15916496655164
16,"Δ_F, median",1.2964534552857387,1.736239695324565
16,"P_τ under uniform-over-F, median",0.0017857142857142857,0.0026785714285714286
16,Amargin: P_F median,0.29522897096467204,0.3077821154583944
16,Amargin: P_τ median,0.0007395177090074867,0.001089789962861687
16,Amargin: Q_τ(1000) median,0.5227834125322572,0.6583661282785397
16,Amargin: g_off median (%),0.47445923782744776,0.5200938625998611
16,Amargin: g_F median (%),1.5412654563692436,1.3389369065635708
16,Amargin: optimal rate,0.4166666666666667,0.45652173913043476
16,Amargin: runs with no feasible shot,2,4
16,Amargin: pass g_off ≤ 0.1 % but fail g_F ≤ τ,0.0,0.0
16,Amargin: deflation D median,2.942102648546326,2.707483610575431
16,Aheur: P_F median,0.228967915114481,0.22865425303461961
16,Aheur: P_τ median,0.0004094657051609829,0.000502104579936713
16,Aheur: Q_τ(1000) median,0.3360507336147867,0.39481683069968126
16,Aheur: g_off median (%),0.02298691804367804,0.01749544087528704
16,Aheur: g_F median (%),2.193664857390442,1.6376832598068336
16,Aheur: optimal rate,0.2978723404255319,0.23255813953488372
16,Aheur: runs with no feasible shot,3,7
16,Aheur: pass g_off ≤ 0.1 % but fail g_F ≤ τ,0.46808510638297873,0.4883720930232558
16,Aheur: deflation D median,117.8852301308144,88.43389680029597
16,Amargin − Aheur: final_P_F median diff,0.0004150901677224539,0.00043523932951394784
16,Amargin − Aheur: final_P_F CI low,1.0047391747036727e-05,-0.00048038148513995793
16,Amargin − Aheur: final_P_F CI high,0.00113542013963297,0.04645713698118925
16,Amargin − Aheur: final_P_F instances better / tied / of,8 / 0 / 10,7 / 0 / 10
16,Amargin − Aheur: final_P_tau_main median diff,0.00010438563185743988,0.0001401380868628621
16,Amargin − Aheur: final_P_tau_main CI low,3.5280990573482995e-06,0.00010559690417721868
16,Amargin − Aheur: final_P_tau_main CI high,0.0002699666074477136,0.0002523772418498993
16,Amargin − Aheur: final_P_tau_main instances better / tied / of,10 / 0 / 10,10 / 0 / 10
16,Amargin − Aheur: final_Q_tau_main_1000 median diff,0.04080140774767438,0.05691417572749402
16,Amargin − Aheur: final_Q_tau_main_1000 CI low,0.0035186775795085223,0.029258424928456872
16,Amargin − Aheur: final_Q_tau_main_1000 CI high,0.06191792704497767,0.07419524273938344
16,Amargin − Aheur: final_Q_tau_main_1000 instances better / tied / of,10 / 0 / 10,10 / 0 / 10
16,Amargin − Aheur: final_P_opt median diff,0.00010438563185743988,0.00011670056846924126
16,Amargin − Aheur: final_P_opt CI low,3.5280990573482995e-06,4.479696508497e-05
16,Amargin − Aheur: final_P_opt CI high,0.00015548212104476988,0.00019066617605858474
16,Amargin − Aheur: final_P_opt instances better / tied / of,10 / 0 / 10,10 / 0 / 10
16,Amargin − Aheur: g_F median diff,0.0,-0.21804601543146981
16,Amargin − Aheur: g_F CI low,-2.305193153853101,-2.0548579424200573
16,Amargin − Aheur: g_F CI high,0.0663232508542933,0.13163269846922726
16,Amargin − Aheur: g_F instances better / tied / of,4 / 4 / 10,5 / 3 / 10
16,Amargin − Aheur: g_off median diff,0.27684935236725794,0.1932000494209083
16,Amargin − Aheur: g_off CI low,-0.0010213752351153373,-0.011972315848874383
16,Amargin − Aheur: g_off CI high,1.4126587724730553,0.7560799411679965
16,Amargin − Aheur: g_off instances better / tied / of,2 / 2 / 10,4 / 0 / 10
16,Amargin − Aheur: rank_best_feasible median diff,0.0,-0.25
16,Amargin − Aheur: rank_best_feasible CI low,-1.0,-1.75
16,Amargin − Aheur: rank_best_feasible CI high,0.25,0.25
16,Amargin − Aheur: rank_best_feasible instances better / tied / of,4 / 4 / 10,5 / 3 / 10
16,Amargin − Aheur: feasible_shot_fraction median diff,0.0005,0.0005
16,Amargin − Aheur: feasible_shot_fraction CI low,-0.0005,0.0
16,Amargin − Aheur: feasible_shot_fraction CI high,0.0030000000000000022,0.035500000000000004
16,Amargin − Aheur: feasible_shot_fraction instances better / tied / of,5 / 3 / 10,5 / 4 / 10
16,Amargin − Aheur: runtime_s median diff,-0.06720944913104177,0.05458062933757901
16,Amargin − Aheur: runtime_s CI low,-0.1707841125316918,-0.009697970002889633
16,Amargin − Aheur: runtime_s CI high,0.011725465767085552,0.10301391407847404
16,Amargin − Aheur: runtime_s instances better / tied / of,6 / 0 / 10,3 / 0 / 10
16,Amargin: E2 optimised beats uniform-F at S = 1000 (rate),0.08,0.04
16,Amargin: E2 Q_τ(1000) optimised / unoptimised / uniform-F,0.523 / 0.342 / 0.833,0.658 / 0.398 / 0.902
16,Aheur: E2 optimised beats uniform-F at S = 1000 (rate),0.0,0.0
16,Aheur: E2 Q_τ(1000) optimised / unoptimised / uniform-F,0.336 / 0.062 / 0.833,0.395 / 0.118 / 0.902
16,Amargin / Aheur g_off ratio: pairs,20,17
16,Amargin / Aheur g_off ratio: median total / solution / denominator,60.8 / 1.26 / 47.8,44.7 / 1.62 / 34.3
16,Amargin / Aheur g_off ratio: geometric total = solution × denominator,42.7 = 0.98 × 43.7,69.1 = 2.05 × 33.7
20,window,2023-08-06 – 2026-08-05,2020-08-05 – 2023-08-05
20,instances with A_crit = 0,0,0
20,"A_heur / A_crit, median",99.40782225468385,91.91689512042865
20,"Δ_F, median",2.1948749530067095,2.7098767660046463
20,"P_τ under uniform-over-F, median",0.000412796697626419,0.0006191950464396285
20,Amargin: P_F median,0.2973977809506323,0.296453046872557
20,Amargin: P_τ median,0.00013986549311084673,0.00019146245540468954
20,Amargin: Q_τ(1000) median,0.13049998864705453,0.1742638761386046
20,Amargin: g_off median (%),0.7616357510199278,0.4945737644726318
20,Amargin: g_F median (%),3.8030390948033816,2.2972723900245287
20,Amargin: optimal rate,0.12,0.08
20,Amargin: runs with no feasible shot,0,0
20,Amargin: pass g_off ≤ 0.1 % but fail g_F ≤ τ,0.0,0.0
20,Amargin: deflation D median,4.504454295976669,4.428655974473811
20,Aheur: P_F median,0.1670977859539562,0.16550198977529362
20,Aheur: P_τ median,6.173090150696225e-05,0.00010339182153984439
20,Aheur: Q_τ(1000) median,0.05986593318271255,0.09823084849963554
20,Aheur: g_off median (%),0.042601387442239604,0.036200609798304924
20,Aheur: g_F median (%),6.476171032877795,4.6364103740843525
20,Aheur: optimal rate,0.04,0.04
20,Aheur: runs with no feasible shot,0,0
20,Aheur: pass g_off ≤ 0.1 % but fail g_F ≤ τ,0.74,0.66
20,Aheur: deflation D median,154.48255639231388,124.04424471238491
20,Amargin − Aheur: final_P_F median diff,0.026423322040500352,0.03193767227821809
20,Amargin − Aheur: final_P_F CI low,0.004721104360157824,0.004657565461798185
20,Amargin − Aheur: final_P_F CI high,0.06147031304863049,0.04893968379110447
20,Amargin − Aheur: final_P_F instances better / tied / of,10 / 0 / 10,10 / 0 / 10
20,Amargin − Aheur: final_P_tau_main median diff,9.845430668065092e-05,0.00014394362551684026
20,Amargin − Aheur: final_P_tau_main CI low,7.123247178242309e-05,7.184601372500765e-05
20,Amargin − Aheur: final_P_tau_main CI high,0.000213658090615354,0.0003134951170977729
20,Amargin − Aheur: final_P_tau_main instances better / tied / of,10 / 0 / 10,10 / 0 / 10
20,Amargin − Aheur: final_Q_tau_main_1000 median diff,0.08952002336599518,0.12199177307861747
20,Amargin − Aheur: final_Q_tau_main_1000 CI low,0.06666143132473534,0.0618759151218603
20,Amargin − Aheur: final_Q_tau_main_1000 CI high,0.20245319722132826,0.2194532292167024
20,Amargin − Aheur: final_Q_tau_main_1000 instances better / tied / of,10 / 0 / 10,10 / 0 / 10
20,Amargin − Aheur: final_P_opt median diff,6.749529393346165e-05,5.5227596021723e-05
20,Amargin − Aheur: final_P_opt CI low,5.3587300499202684e-05,3.606141049203871e-05
20,Amargin − Aheur: final_P_opt CI high,8.488484672852792e-05,5.948994294158183e-05
20,Amargin − Aheur: final_P_opt instances better / tied / of,10 / 0 / 10,10 / 0 / 10
20,Amargin − Aheur: g_F median diff,-1.7467700998090399,-1.931302074824285
20,Amargin − Aheur: g_F CI low,-4.488539637288342,-3.7961332223302517
20,Amargin − Aheur: g_F CI high,-0.7319829843176393,0.0
20,Amargin − Aheur: g_F instances better / tied / of,9 / 0 / 10,7 / 2 / 10
20,Amargin − Aheur: g_off median diff,0.6340002449074806,0.5217792877469064
20,Amargin − Aheur: g_off CI low,0.41095110582828454,0.19925749766510256
20,Amargin − Aheur: g_off CI high,0.9466696824866202,0.8987455261443723
20,Amargin − Aheur: g_off instances better / tied / of,1 / 0 / 10,0 / 0 / 10
20,Amargin − Aheur: rank_best_feasible median diff,-24.0,-10.5
20,Amargin − Aheur: rank_best_feasible CI low,-36.0,-20.5
20,Amargin − Aheur: rank_best_feasible CI high,-7.0,0.0
20,Amargin − Aheur: rank_best_feasible instances better / tied / of,9 / 0 / 10,7 / 2 / 10
20,Amargin − Aheur: feasible_shot_fraction median diff,0.025499999999999967,0.025000000000000022
20,Amargin − Aheur: feasible_shot_fraction CI low,0.008,0.007
20,Amargin − Aheur: feasible_shot_fraction CI high,0.065,0.06
20,Amargin − Aheur: feasible_shot_fraction instances better / tied / of,10 / 0 / 10,9 / 1 / 10
20,Amargin − Aheur: runtime_s median diff,0.00805881293490529,0.011959336698055267
20,Amargin − Aheur: runtime_s CI low,-0.04463223819620906,-0.7542228968814015
20,Amargin − Aheur: runtime_s CI high,0.08508305577561259,0.11264556646347046
20,Amargin − Aheur: runtime_s instances better / tied / of,5 / 0 / 10,5 / 0 / 10
20,Amargin: E2 optimised beats uniform-F at S = 1000 (rate),0.06,0.04
20,Amargin: E2 Q_τ(1000) optimised / unoptimised / uniform-F,0.130 / 0.043 / 0.338,0.174 / 0.055 / 0.462
20,Aheur: E2 optimised beats uniform-F at S = 1000 (rate),0.0,0.0
20,Aheur: E2 Q_τ(1000) optimised / unoptimised / uniform-F,0.060 / 0.021 / 0.338,0.098 / 0.037 / 0.462
20,Amargin / Aheur g_off ratio: pairs,42,44
20,Amargin / Aheur g_off ratio: median total / solution / denominator,26.3 / 0.74 / 39.5,18.0 / 0.67 / 27.8
20,Amargin / Aheur g_off ratio: geometric total = solution × denominator,22.3 = 0.64 × 34.6,12.4 = 0.45 × 27.4
